#ifdef __has_include
    #if __has_include("lvgl.h")
        #ifndef LV_LVGL_H_INCLUDE_SIMPLE
            #define LV_LVGL_H_INCLUDE_SIMPLE
        #endif
    #endif
#endif

#if defined(LV_LVGL_H_INCLUDE_SIMPLE)
    #include "lvgl.h"
#else
    #include "lvgl.h"
#endif

#ifndef LV_ATTRIBUTE_MEM_ALIGN
#define LV_ATTRIBUTE_MEM_ALIGN
#endif

#ifndef LV_ATTRIBUTE_IMAGE_ANEWYEAR_2
#define LV_ATTRIBUTE_IMAGE_ANEWYEAR_2
#endif

static const LV_ATTRIBUTE_MEM_ALIGN LV_ATTRIBUTE_LARGE_CONST LV_ATTRIBUTE_IMAGE_ANEWYEAR_2 uint8_t anewyear_2_map[] = {
  0x02, 0x00, 0x00, 0x00, 0x0a, 0xfd, 0x00, 0x00, 0x00, 0x70, 0x17, 0x00, 0x4f, 0x4c, 0x22, 0x22,
  0xff, 0x04, 0x00, 0xc1, 0x3f, 0x36, 0xca, 0xfb, 0x04, 0x00, 0x02, 0x0f, 0xec, 0x00, 0xc1, 0x0f,
  0xd4, 0x00, 0xff, 0xff, 0xff, 0xff, 0xff, 0xff, 0x87, 0x0f, 0x7c, 0x07, 0x01, 0x0f, 0x80, 0x07,
  0xff, 0xff, 0xff, 0xff, 0xff, 0xff, 0xff, 0x58, 0x0f, 0x78, 0x07, 0x05, 0x0c, 0x18, 0x00, 0x0f,
  0x34, 0x0e, 0xff, 0xff, 0xff, 0xff, 0xff, 0xff, 0x87, 0x0f, 0x94, 0x06, 0xb1, 0x0c, 0x68, 0x07,
  0x0f, 0x10, 0x00, 0x05, 0x0f, 0xec, 0x00, 0xb1, 0x0f, 0xc4, 0x00, 0xff, 0xff, 0xff, 0xff, 0xff,
  0xff, 0x77, 0x0d, 0x60, 0x07, 0x1f, 0xf2, 0x04, 0x00, 0x0c, 0x0b, 0x18, 0x1e, 0x0f, 0xc4, 0x06,
  0xff, 0xff, 0xff, 0xff, 0xff, 0xf2, 0x0d, 0x40, 0x06, 0x03, 0x20, 0x06, 0x0f, 0x18, 0x06, 0xff,
  0x16, 0x0d, 0x40, 0x01, 0x0f, 0x80, 0x07, 0xff, 0xff, 0xff, 0xff, 0xff, 0xff, 0xff, 0x53, 0x0d,
  0x70, 0x07, 0x03, 0xb0, 0x08, 0x0d, 0x78, 0x07, 0x0f, 0x18, 0x00, 0x05, 0x04, 0x28, 0x00, 0x04,
  0x20, 0x00, 0x03, 0x08, 0x00, 0x0f, 0xf0, 0x08, 0xff, 0x16, 0x0f, 0x28, 0x01, 0xff, 0xff, 0xff,
  0xff, 0xb9, 0x0f, 0x48, 0x06, 0x06, 0x03, 0x10, 0x06, 0x04, 0x20, 0x00, 0x0f, 0xf0, 0x04, 0xfd,
  0x04, 0x18, 0x01, 0x0d, 0x08, 0x00, 0x04, 0x58, 0x07, 0x04, 0x08, 0x00, 0x04, 0x48, 0x01, 0x04,
  0x10, 0x00, 0x0c, 0x08, 0x00, 0x04, 0x20, 0x00, 0x03, 0x08, 0x00, 0x0f, 0x68, 0x01, 0xfd, 0x0f,
  0x10, 0x01, 0xff, 0xff, 0xff, 0xff, 0xd1, 0x0d, 0x40, 0x06, 0x03, 0x08, 0x06, 0x0c, 0x18, 0x00,
  0x0f, 0x08, 0x05, 0xed, 0x0c, 0x10, 0x01, 0x0d, 0xe8, 0x0e, 0x0c, 0x58, 0x07, 0x04, 0x10, 0x00,
  0x04, 0x50, 0x01, 0x04, 0x10, 0x00, 0x0f, 0x08, 0x00, 0x05, 0x04, 0x28, 0x00, 0x03, 0x08, 0x00,
  0x0f, 0x70, 0x01, 0xed, 0x0f, 0x00, 0x01, 0xff, 0xff, 0xff, 0xff, 0xc9, 0x0f, 0x48, 0x06, 0x1e,
  0x03, 0x10, 0x06, 0x04, 0x38, 0x00, 0x0f, 0x18, 0x05, 0xe5, 0x04, 0x00, 0x01, 0x05, 0x08, 0x00,
  0x0f, 0x48, 0x07, 0x05, 0x0c, 0x18, 0x00, 0x04, 0x40, 0x01, 0x0c, 0x18, 0x00, 0x0c, 0x10, 0x00,
  0x04, 0x28, 0x00, 0x03, 0x08, 0x00, 0x0f, 0x68, 0x01, 0xe5, 0x0f, 0xf8, 0x00, 0xff, 0xff, 0xff,
  0xff, 0xd1, 0x05, 0x40, 0x06, 0x03, 0xe8, 0x05, 0x0f, 0xc8, 0x0d, 0x0e, 0x04, 0x28, 0x00, 0x03,
  0x08, 0x00, 0x0f, 0x20, 0x05, 0xcd, 0x0d, 0x20, 0x01, 0x03, 0xf8, 0x00, 0x0f, 0x28, 0x01, 0x0e,
  0x0c, 0x50, 0x07, 0x04, 0x10, 0x00, 0x0f, 0x40, 0x00, 0x1d, 0x04, 0x30, 0x00, 0x03, 0x08, 0x00,
  0x0f, 0x70, 0x01, 0xcd, 0x0f, 0xe0, 0x00, 0xff, 0xff, 0xff, 0xff, 0xd1, 0x0f, 0x50, 0x06, 0x16,
  0x03, 0xf0, 0x05, 0x0f, 0x68, 0x06, 0x06, 0x04, 0x20, 0x00, 0x03, 0x08, 0x00, 0x0f, 0x38, 0x05,
  0xc5, 0x0f, 0x30, 0x01, 0x16, 0x04, 0x60, 0x07, 0x0f, 0x08, 0x00, 0x0d, 0x03, 0x30, 0x01, 0x0f,
  0x58, 0x01, 0x06, 0x0c, 0x40, 0x00, 0x04, 0x30, 0x00, 0x03, 0x08, 0x00, 0x0f, 0x68, 0x01, 0xc5,
  0x0f, 0xd8, 0x00, 0xff, 0xff, 0xff, 0xff, 0xd9, 0x0f, 0x50, 0x06, 0x16, 0x03, 0xf0, 0x05, 0x0f,
  0x28, 0x06, 0x06, 0x04, 0x20, 0x00, 0x03, 0x08, 0x00, 0x0f, 0x40, 0x05, 0xa5, 0x0f, 0x10, 0x01,
  0x06, 0x03, 0xd8, 0x00, 0x05, 0x20, 0x00, 0x0c, 0x18, 0x07, 0x0f, 0x10, 0x00, 0x25, 0x04, 0x58,
  0x00, 0x0f, 0x40, 0x00, 0x1d, 0x04, 0x38, 0x00, 0x03, 0x08, 0x00, 0x0f, 0x70, 0x01, 0xa5, 0x0f,
  0xb8, 0x00, 0xff, 0xff, 0xff, 0xff, 0xe1, 0x05, 0x40, 0x06, 0x03, 0xb8, 0x05, 0x0f, 0x50, 0x07,
  0x06, 0x0c, 0x10, 0x06, 0x0f, 0x30, 0x00, 0x15, 0x04, 0x28, 0x00, 0x03, 0x08, 0x00, 0x0f, 0x60,
  0x05, 0x9d, 0x0d, 0x20, 0x01, 0x03, 0xc8, 0x00, 0x0d, 0x18, 0x00, 0x0c, 0x20, 0x01, 0x0f, 0x10,
  0x00, 0x25, 0x04, 0x60, 0x00, 0x0f, 0x40, 0x00, 0x1d, 0x04, 0x38, 0x00, 0x03, 0x08, 0x00, 0x0f,
  0x68, 0x01, 0x9d, 0x0f, 0xb0, 0x00, 0xff, 0xff, 0xff, 0xff, 0xe9, 0x0f, 0x48, 0x06, 0x26, 0x03,
  0xe8, 0x05, 0x0f, 0xb0, 0x07, 0x0e, 0x04, 0x28, 0x00, 0x03, 0x08, 0x00, 0x0f, 0x68, 0x05, 0x7d,
  0x0d, 0x00, 0x01, 0x03, 0xa8, 0x00, 0x0f, 0x18, 0x00, 0x06, 0x0f, 0x18, 0x07, 0x1d, 0x0f, 0x30,
  0x00, 0x1d, 0x04, 0x80, 0x00, 0x0f, 0x38, 0x00, 0x1d, 0x04, 0x30, 0x00, 0x04, 0x40, 0x00, 0x0f,
  0x08, 0x00, 0x1c, 0x0f, 0x98, 0x01, 0x7d, 0x0f, 0x90, 0x00, 0xff, 0xff, 0xff, 0xff, 0xc1, 0x0f,
  0x50, 0x06, 0x3e, 0x04, 0xe0, 0x05, 0x04, 0xf8, 0x05, 0x0f, 0x08, 0x00, 0x0d, 0x04, 0x30, 0x00,
  0x03, 0x08, 0x00, 0x0f, 0x60, 0x05, 0x75, 0x0f, 0x18, 0x01, 0x06, 0x03, 0xa8, 0x00, 0x0d, 0x20,
  0x00, 0x0f, 0xe8, 0x00, 0x0d, 0x0f, 0x20, 0x00, 0x2d, 0x04, 0x78, 0x00, 0x0f, 0x48, 0x00, 0x25,
  0x04, 0x40, 0x00, 0x0f, 0x08, 0x00, 0x1c, 0x0f, 0x90, 0x01, 0x75, 0x0f, 0x88, 0x00, 0xff, 0xff,
  0xff, 0xff, 0xc9, 0x0d, 0x48, 0x06, 0x04, 0xa0, 0x05, 0x0f, 0xe8, 0x05, 0x2d, 0x0f, 0x40, 0x00,
  0x15, 0x04, 0x70, 0x00, 0x03, 0x08, 0x00, 0x0f, 0x68, 0x05, 0x65, 0x0d, 0x08, 0x01, 0x0f, 0xc0,
  0x00, 0x15, 0x0f, 0x28, 0x00, 0x1d, 0x03, 0xe8, 0x00, 0x0f, 0x20, 0x10, 0x0e, 0x0c, 0x58, 0x00,
  0x0f, 0x38, 0x00, 0x25, 0x0c, 0x48, 0x00, 0x0f, 0x10, 0x00, 0x1d, 0x04, 0x78, 0x00, 0x0f, 0x08,
  0x00, 0x0c, 0x0f, 0xb8, 0x01, 0x65, 0x0f, 0x78, 0x00, 0xff, 0xff, 0xff, 0xff, 0x91, 0x0d, 0x58,
  0x06, 0x0f, 0x48, 0x05, 0x05, 0x0f, 0x98, 0x05, 0x1d, 0x0f, 0x30, 0x00, 0x05, 0x04, 0x60, 0x00,
  0x0f, 0x20, 0x00, 0x05, 0x0f, 0x18, 0x00, 0x05, 0x04, 0x38, 0x00, 0x03, 0x08, 0x00, 0x0f, 0x58,
  0x05, 0x5d, 0x0d, 0x28, 0x01, 0x0f, 0xa8, 0x00, 0x05, 0x0f, 0x18, 0x00, 0x2d, 0x03, 0xe0, 0x00,
  0x0f, 0x80, 0x07, 0xff, 0xff, 0xff, 0xff, 0xff, 0xff, 0xfb, 0x05, 0x78, 0x07, 0x0f, 0x58, 0x07,
  0x2d, 0x0f, 0x40, 0x00, 0x1d, 0x0f, 0x88, 0x07, 0x1d, 0x0f, 0x30, 0x00, 0x25, 0x0f, 0x38, 0x00,
  0x1d, 0x0f, 0xc8, 0x00, 0x1d, 0x04, 0x30, 0x00, 0x04, 0x68, 0x00, 0x03, 0x08, 0x00, 0x0f, 0x40,
  0x09, 0x5d, 0x0f, 0x70, 0x00, 0xff, 0xff, 0xff, 0xff, 0x69, 0x05, 0x40, 0x06, 0x03, 0xf8, 0x04,
  0x0f, 0x10, 0x00, 0x0e, 0x04, 0x30, 0x05, 0x0f, 0x08, 0x00, 0x45, 0x04, 0x88, 0x00, 0x0f, 0x60,
  0x00, 0x25, 0x04, 0x40, 0x00, 0x0f, 0x08, 0x00, 0x1c, 0x0f, 0x80, 0x05, 0x25, 0x05, 0x30, 0x01,
  0x0f, 0xb0, 0x00, 0x25, 0x0f, 0x38, 0x00, 0x25, 0x04, 0xe0, 0x00, 0x0f, 0x40, 0x00, 0x15, 0x0f,
  0x30, 0x00, 0x25, 0x0f, 0x38, 0x00, 0x1d, 0x0f, 0x90, 0x00, 0x15, 0x0c, 0x28, 0x00, 0x04, 0x68,
  0x00, 0x03, 0x08, 0x00, 0x0f, 0x90, 0x01, 0x25, 0x0f, 0x38, 0x00, 0xff, 0xff, 0xff, 0xff, 0xa1,
  0x05, 0x40, 0x06, 0x03, 0xf8, 0x04, 0x0f, 0x10, 0x00, 0x0e, 0x0c, 0x38, 0x05, 0x0f, 0x10, 0x00,
  0x3d, 0x04, 0x88, 0x00, 0x0f, 0x58, 0x00, 0x25, 0x04, 0x40, 0x00, 0x0f, 0x08, 0x00, 0x1c, 0x0f,
  0xb8, 0x05, 0x2d, 0x05, 0x38, 0x01, 0x0f, 0xb8, 0x00, 0x25, 0x0f, 0x38, 0x00, 0x25, 0x04, 0xe8,
  0x00, 0x0f, 0x40, 0x00, 0x0d, 0x0f, 0x28, 0x00, 0x3d, 0x0f, 0x70, 0x00, 0x0d, 0x0f, 0x20, 0x00,
  0x25, 0x03, 0xa8, 0x00, 0x0f, 0x90, 0x01, 0x2d, 0x0f, 0x40, 0x00, 0xff, 0xff, 0xff, 0xff, 0x89,
  0x05, 0x28, 0x06, 0x03, 0xe8, 0x04, 0x0f, 0x48, 0x1c, 0x1e, 0x0f, 0x58, 0x05, 0x15, 0x0f, 0x60,
  0x00, 0x25, 0x0f, 0x38, 0x00, 0x25, 0x0f, 0x98, 0x00, 0x15, 0x0f, 0x28, 0x00, 0x05, 0x03, 0x78,
  0x00, 0x0f, 0xb8, 0x05, 0x25, 0x05, 0x58, 0x01, 0x0f, 0x60, 0x00, 0x05, 0x0f, 0x18, 0x00, 0x45,
  0x03, 0xb8, 0x00, 0x0f, 0xc8, 0x01, 0x0e, 0x0f, 0x28, 0x00, 0x3d, 0x0f, 0xd0, 0x00, 0x4c, 0x0f,
  0x88, 0x01, 0x25, 0x0f, 0x38, 0x00, 0xff, 0xff, 0xff, 0xff, 0x91, 0x05, 0x28, 0x06, 0x0f, 0x90,
  0x05, 0x15, 0x0f, 0x68, 0x05, 0x25, 0x0f, 0x60, 0x00, 0x25, 0x0f, 0x38, 0x00, 0x25, 0x0f, 0xa8,
  0x00, 0x25, 0x04, 0x38, 0x00, 0x03, 0x78, 0x00, 0x0f, 0xc0, 0x05, 0x2d, 0x05, 0x60, 0x01, 0x04,
  0x58, 0x00, 0x04, 0x08, 0x00, 0x03, 0x60, 0x00, 0x05, 0x20, 0x00, 0x04, 0x10, 0x00, 0x04, 0x20,
  0x00, 0x0f, 0x08, 0x00, 0x2d, 0x0f, 0x50, 0x00, 0x0d, 0x0f, 0x20, 0x00, 0x05, 0x04, 0x18, 0x00,
  0x04, 0x08, 0x00, 0x0f, 0x88, 0x00, 0x2d, 0x0c, 0x40, 0x00, 0x04, 0x58, 0x00, 0x0c, 0x08, 0x00,
  0x0f, 0x28, 0x00, 0x04, 0x0f, 0x80, 0x01, 0x2d, 0x0f, 0x40, 0x00, 0xff, 0xff, 0xff, 0xff, 0x89,
  0x05, 0xf8, 0x05, 0x0c, 0xf8, 0x04, 0x0f, 0x10, 0x00, 0x4d, 0x04, 0x78, 0x05, 0x0f, 0x68, 0x00,
  0x15, 0x0f, 0x30, 0x00, 0x25, 0x0f, 0x38, 0x00, 0x1d, 0x0f, 0x90, 0x00, 0x04, 0x0f, 0xc0, 0x05,
  0x2d, 0x0f, 0x68, 0x01, 0x06, 0x04, 0xa0, 0x00, 0x0c, 0x08, 0x00, 0x0f, 0x88, 0x00, 0x04, 0x0f,
  0xd0, 0x0e, 0x0e, 0x0c, 0x38, 0x00, 0x04, 0x58, 0x00, 0x0c, 0x18, 0x00, 0x04, 0x10, 0x00, 0x0f,
  0x20, 0x00, 0x05, 0x04, 0x18, 0x00, 0x04, 0x08, 0x00, 0x04, 0x30, 0x00, 0x0f, 0x08, 0x00, 0x35,
  0x04, 0x58, 0x00, 0x0c, 0x08, 0x00, 0x0c, 0x60, 0x00, 0x03, 0x20, 0x00, 0x0f, 0x80, 0x01, 0x2d,
  0x0f, 0x40, 0x00, 0xff, 0xff, 0xff, 0xff, 0x89, 0x0f, 0x18, 0x06, 0x06, 0x0c, 0x08, 0x05, 0x0f,
  0x10, 0x00, 0x3d, 0x03, 0x58, 0x05, 0x0f, 0x50, 0x06, 0x16, 0x0f, 0x30, 0x00, 0x25, 0x0f, 0x38,
  0x00, 0x1d, 0x0f, 0xe8, 0x00, 0x04, 0x0f, 0xc0, 0x05, 0x35, 0x0f, 0x70, 0x01, 0x16, 0x04, 0xb8,
  0x00, 0x0c, 0x08, 0x00, 0x0f, 0xa0, 0x00, 0x04, 0x0f, 0x48, 0x01, 0x0e, 0x0c, 0x48, 0x00, 0x0f,
  0x10, 0x00, 0x0d, 0x0f, 0x68, 0x00, 0x25, 0x0f, 0x38, 0x00, 0x0d, 0x04, 0x78, 0x00, 0x0f, 0x28,
  0x00, 0x14, 0x0f, 0x78, 0x01, 0x35, 0x0f, 0x48, 0x00, 0x5d, 0x0f, 0x01, 0x00, 0x05, 0x0f, 0x88,
  0x00, 0x5d, 0x0f, 0x70, 0x00, 0xff, 0xff, 0xff, 0x98, 0x0f, 0x18, 0x06, 0x16, 0x0f, 0x38, 0x05,
  0x0d, 0x0f, 0x20, 0x00, 0x1d, 0x0f, 0x90, 0x05, 0x1c, 0x0f, 0x68, 0x06, 0x16, 0x0f, 0x88, 0x00,
  0x1d, 0x0f, 0x30, 0x00, 0x0c, 0x0f, 0xc8, 0x04, 0x35, 0x0f, 0x68, 0x01, 0x16, 0x04, 0x18, 0x01,
  0x0c, 0x08, 0x00, 0x0f, 0xa8, 0x00, 0x0c, 0x0f, 0x20, 0x01, 0x06, 0x0c, 0x48, 0x00, 0x0f, 0x10,
  0x00, 0x0d, 0x0f, 0x68, 0x00, 0x25, 0x0f, 0x38, 0x00, 0x0d, 0x04, 0x78, 0x00, 0x0f, 0x28, 0x00,
  0x14, 0x0f, 0x78, 0x01, 0x35, 0x0f, 0x48, 0x00, 0x5d, 0x0f, 0x7f, 0x07, 0x04, 0x0f, 0xc4, 0xbd,
  0xc2, 0x0f, 0x5c, 0x01, 0x5d, 0x0f, 0x70, 0x00, 0xff, 0xff, 0xc3, 0x0f, 0x18, 0x06, 0x16, 0x0f,
  0x38, 0x05, 0x0d, 0x0f, 0x20, 0x00, 0x1d, 0x0f, 0x90, 0x05, 0x1c, 0x0f, 0x60, 0x06, 0x06, 0x04,
  0x78, 0x00, 0x0f, 0x50, 0x00, 0x15, 0x04, 0x30, 0x00, 0x0f, 0x08, 0x00, 0x14, 0x0f, 0xf4, 0x03,
  0x3d, 0x05, 0x70, 0x01, 0x0f, 0xb0, 0x00, 0x1d, 0x04, 0x30, 0x00, 0x0f, 0x08, 0x00, 0x05, 0x0f,
  0xd0, 0x00, 0x0d, 0x0f, 0x38, 0x00, 0x05, 0x0c, 0x18, 0x00, 0x0f, 0x48, 0x00, 0x0d, 0x0f, 0x20,
  0x00, 0x0d, 0x0c, 0x50, 0x00, 0x04, 0x10, 0x00, 0x0f, 0x38, 0x00, 0x14, 0x0f, 0x70, 0x01, 0x3d,
  0x0f, 0x50, 0x00, 0x55, 0x0f, 0x78, 0x07, 0x05, 0x0c, 0x02, 0x00, 0x0f, 0x90, 0x00, 0x55, 0x0f,
  0x68, 0x00, 0xff, 0x26, 0x0c, 0xb0, 0x01, 0x04, 0x02, 0x00, 0x0f, 0x50, 0x01, 0xff, 0x26, 0x0f,
  0x38, 0x01, 0xff, 0x16, 0x05, 0x18, 0x06, 0x0c, 0x28, 0x05, 0x04, 0x40, 0x05, 0x0c, 0x08, 0x00,
  0x0c, 0x28, 0x00, 0x0f, 0x10, 0x00, 0x25, 0x04, 0x58, 0x00, 0x0f, 0x40, 0x00, 0x05, 0x0f, 0x20,
  0x00, 0x05, 0x04, 0x18, 0x00, 0x04, 0x08, 0x00, 0x0f, 0x40, 0x00, 0x05, 0x0f, 0x18, 0x00, 0x25,
  0x03, 0x58, 0x00, 0x0f, 0x40, 0x02, 0x3d, 0x05, 0x68, 0x01, 0x03, 0x60, 0x00, 0x0f, 0x58, 0x08,
  0x0e, 0x04, 0xc0, 0x00, 0x04, 0x30, 0x00, 0x0f, 0x08, 0x00, 0x05, 0x04, 0x28, 0x00, 0x0f, 0x08,
  0x00, 0x05, 0x0f, 0x38, 0x00, 0x05, 0x0c, 0x18, 0x00, 0x0f, 0x40, 0x00, 0x05, 0x0f, 0x18, 0x00,
  0x15, 0x0c, 0x50, 0x00, 0x04, 0x10, 0x00, 0x0f, 0x40, 0x00, 0x0d, 0x03, 0x28, 0x00, 0x0f, 0x70,
  0x01, 0x3d, 0x0f, 0x50, 0x00, 0x55, 0x04, 0xa8, 0x05, 0x0f, 0x02, 0x00, 0x0d, 0x0f, 0x90, 0x00,
  0x55, 0x0f, 0x68, 0x00, 0xff, 0x26, 0x0f, 0xc0, 0x01, 0x05, 0x0f, 0x50, 0x01, 0xff, 0x26, 0x0f,
  0x38, 0x01, 0xff, 0x16, 0x05, 0x18, 0x06, 0x0c, 0x28, 0x05, 0x03, 0x18, 0x05, 0x05, 0x20, 0x00,
  0x04, 0x10, 0x00, 0x0c, 0x28, 0x00, 0x0f, 0x10, 0x00, 0x25, 0x0f, 0x50, 0x00, 0x0d, 0x0f, 0x20,
  0x00, 0x05, 0x04, 0x18, 0x00, 0x04, 0x08, 0x00, 0x0f, 0x80, 0x00, 0x25, 0x0f, 0x38, 0x00, 0x05,
  0x03, 0x58, 0x00, 0x0f, 0x40, 0x02, 0x4d, 0x0d, 0x58, 0x01, 0x03, 0x78, 0x00, 0x0f, 0x98, 0x07,
  0x16, 0x04, 0xc0, 0x00, 0x04, 0x38, 0x00, 0x0f, 0x08, 0x00, 0x05, 0x04, 0x28, 0x00, 0x04, 0x08,
  0x00, 0x04, 0x28, 0x00, 0x04, 0x10, 0x00, 0x04, 0x08, 0x00, 0x04, 0x18, 0x00, 0x0f, 0x08, 0x00,
  0x2d, 0x04, 0x50, 0x00, 0x0f, 0x08, 0x00, 0x05, 0x0b, 0x60, 0x00, 0x0f, 0x68, 0x01, 0x4d, 0x0f,
  0x60, 0x00, 0x4d, 0x0f, 0xb8, 0x05, 0x05, 0x0c, 0x02, 0x00, 0x0f, 0x88, 0x00, 0x4d, 0x0f, 0x60,
  0x00, 0xff, 0x26, 0x0c, 0xa8, 0x01, 0x0f, 0x02, 0x00, 0x05, 0x0f, 0x60, 0x01, 0xff, 0x26, 0x0f,
  0x38, 0x01, 0xff, 0x16, 0x05, 0x10, 0x06, 0x0f, 0x38, 0x05, 0x05, 0x04, 0x18, 0x00, 0x0b, 0x40,
  0x05, 0x0f, 0x38, 0x00, 0x16, 0x04, 0x40, 0x00, 0x0c, 0x08, 0x00, 0x0f, 0x50, 0x00, 0x05, 0x0f,
  0x18, 0x00, 0x05, 0x0c, 0x40, 0x00, 0x0f, 0x10, 0x00, 0x35, 0x04, 0x70, 0x00, 0x03, 0x50, 0x00,
  0x0f, 0x38, 0x02, 0x4d, 0x05, 0x38, 0x01, 0x04, 0x78, 0x00, 0x04, 0x08, 0x00, 0x03, 0x80, 0x00,
  0x0f, 0x88, 0x07, 0x16, 0x04, 0x38, 0x00, 0x0f, 0x08, 0x00, 0x05, 0x0c, 0x50, 0x00, 0x04, 0x28,
  0x00, 0x0f, 0x18, 0x00, 0x05, 0x04, 0x20, 0x00, 0x0f, 0x08, 0x00, 0x25, 0x0c, 0x58, 0x00, 0x0c,
  0x10, 0x00, 0x0b, 0x58, 0x00, 0x0f, 0x68, 0x01, 0x4d, 0x0f, 0x60, 0x00, 0x4d, 0x0f, 0xb0, 0x05,
  0x05, 0x0c, 0x02, 0x00, 0x0f, 0x88, 0x00, 0x4d, 0x0f, 0x60, 0x00, 0xff, 0x26, 0x0c, 0xa8, 0x01,
  0x0f, 0x02, 0x00, 0x05, 0x0f, 0x60, 0x01, 0xff, 0x26, 0x0f, 0x38, 0x01, 0xff, 0x16, 0x05, 0x10,
  0x06, 0x0c, 0x30, 0x05, 0x0c, 0x10, 0x00, 0x0b, 0x40, 0x05, 0x0f, 0x38, 0x00, 0x16, 0x0c, 0x48,
  0x00, 0x04, 0x10, 0x00, 0x0f, 0x50, 0x00, 0x05, 0x0f, 0x18, 0x00, 0x05, 0x04, 0x38, 0x00, 0x0f,
  0x08, 0x00, 0x3d, 0x04, 0x70, 0x00, 0x03, 0x58, 0x00, 0x0f, 0x38, 0x02, 0x65, 0x0f, 0x50, 0x01,
  0x2e, 0x03, 0xc0, 0x00, 0x0d, 0xc0, 0x07, 0x0b, 0xe0, 0x00, 0x0f, 0x68, 0x00, 0x46, 0x04, 0x80,
  0x00, 0x04, 0x70, 0x00, 0x0b, 0x08, 0x00, 0x0f, 0x58, 0x01, 0x65, 0x0f, 0x78, 0x00, 0x45, 0x0f,
  0xb0, 0x05, 0x05, 0x0c, 0x02, 0x00, 0x0f, 0x80, 0x00, 0x45, 0x0f, 0x58, 0x00, 0xff, 0x2e, 0x0c,
  0xa8, 0x01, 0x0f, 0x02, 0x00, 0x05, 0x0f, 0x68, 0x01, 0xff, 0x2e, 0x0f, 0x40, 0x01, 0xff, 0x16,
  0x05, 0x98, 0x05, 0x04, 0x38, 0x05, 0x04, 0x50, 0x05, 0x0f, 0x08, 0x00, 0x0d, 0x04, 0x30, 0x00,
  0x0f, 0x08, 0x00, 0x05, 0x0f, 0x40, 0x00, 0x2d, 0x04, 0x58, 0x00, 0x0f, 0x48, 0x00, 0x0d, 0x0f,
  0x20, 0x00, 0x0d, 0x04, 0x48, 0x00, 0x0c, 0x08, 0x00, 0x0b, 0x38, 0x00, 0x0f, 0x30, 0x02, 0x65,
  0x05, 0x80, 0x01, 0x0b, 0x90, 0x00, 0x0d, 0x50, 0x07, 0x0f, 0x20, 0x00, 0x1d, 0x04, 0xf0, 0x00,
  0x04, 0x38, 0x00, 0x0c, 0x10, 0x00, 0x04, 0x18, 0x00, 0x0f, 0x08, 0x00, 0x35, 0x04, 0x60, 0x00,
  0x0b, 0x08, 0x00, 0x0f, 0x58, 0x01, 0x65, 0x0f, 0x78, 0x00, 0x45, 0x0f, 0xb0, 0x05, 0x05, 0x0c,
  0x02, 0x00, 0x0f, 0x80, 0x00, 0x45, 0x0f, 0x58, 0x00, 0xff, 0x2e, 0x0c, 0xa8, 0x01, 0x0f, 0x02,
  0x00, 0x05, 0x0f, 0x68, 0x01, 0xff, 0x2e, 0x0f, 0x40, 0x01, 0xff, 0x16, 0x05, 0x00, 0x06, 0x04,
  0x38, 0x05, 0x0f, 0x90, 0x05, 0x15, 0x04, 0x30, 0x00, 0x0f, 0x08, 0x00, 0x05, 0x0f, 0x48, 0x00,
  0x0d, 0x0f, 0x38, 0x00, 0x05, 0x0c, 0x18, 0x00, 0x0f, 0x48, 0x00, 0x0d, 0x0f, 0x20, 0x00, 0x0d,
  0x0c, 0x50, 0x00, 0x04, 0x10, 0x00, 0x0b, 0x38, 0x00, 0x0f, 0x30, 0x02, 0x65, 0x05, 0x80, 0x01,
  0x0b, 0x90, 0x00, 0x0f, 0x80, 0x07, 0x26, 0x0f, 0xe0, 0x00, 0x04, 0x05, 0x50, 0x00, 0x0f, 0x20,
  0x00, 0x0d, 0x0f, 0x88, 0x00, 0x1d, 0x03, 0x50, 0x00, 0x0f, 0x40, 0x01, 0x65, 0x0f, 0x78, 0x00,
  0x65, 0x0f, 0xb8, 0x05, 0xff, 0xa6, 0x0f, 0xb8, 0x01, 0x05, 0x0c, 0x02, 0x00, 0x0f, 0x58, 0x02,
  0x65, 0x0f, 0x78, 0x00, 0xff, 0xee, 0x05, 0x10, 0x06, 0x03, 0x58, 0x05, 0x05, 0x10, 0x00, 0x0f,
  0x98, 0x05, 0x24, 0x05, 0x40, 0x00, 0x0f, 0x50, 0x00, 0x0d, 0x04, 0x20, 0x00, 0x0c, 0x68, 0x00,
  0x04, 0x18, 0x00, 0x0f, 0x08, 0x00, 0x2d, 0x0c, 0x58, 0x00, 0x0b, 0x10, 0x00, 0x0f, 0xf8, 0x02,
  0x65, 0x05, 0x20, 0x01, 0x0b, 0x90, 0x00, 0x05, 0x30, 0x07, 0x0f, 0x18, 0x00, 0x1d, 0x04, 0x28,
  0x01, 0x0f, 0x38, 0x00, 0x05, 0x0f, 0x20, 0x00, 0x0d, 0x0f, 0x38, 0x00, 0x05, 0x0f, 0x18, 0x00,
  0x05, 0x03, 0x50, 0x00, 0x0f, 0x40, 0x01, 0x65, 0x0f, 0x78, 0x00, 0x65, 0x0c, 0xb0, 0x05, 0x04,
  0x02, 0x00, 0x0f, 0x90, 0x00, 0x65, 0x0f, 0x78, 0x00, 0xff, 0x16, 0x04, 0xa8, 0x01, 0x0f, 0x02,
  0x00, 0x0d, 0x0f, 0x50, 0x01, 0xff, 0x16, 0x0f, 0x28, 0x01, 0xff, 0x3e, 0x05, 0x10, 0x06, 0x03,
  0x58, 0x05, 0x05, 0x10, 0x00, 0x0f, 0x80, 0x05, 0x05, 0x0f, 0x18, 0x00, 0x05, 0x0c, 0x40, 0x00,
  0x0c, 0x10, 0x00, 0x0c, 0x38, 0x00, 0x04, 0x20, 0x00, 0x0f, 0x18, 0x00, 0x05, 0x04, 0x20, 0x00,
  0x0f, 0x08, 0x00, 0x25, 0x0c, 0x58, 0x00, 0x0b, 0x10, 0x00, 0x0f, 0x48, 0x02, 0x65, 0x0f, 0x60,
  0x01, 0x26, 0x0b, 0xc0, 0x00, 0x0f, 0x48, 0x00, 0x1e, 0x04, 0x48, 0x01, 0x0c, 0x48, 0x00, 0x0f,
  0x10, 0x00, 0x15, 0x03, 0x40, 0x00, 0x0f, 0x38, 0x01, 0x65, 0x0f, 0x78, 0x00, 0xff, 0xff, 0x2f,
  0x0f, 0x80, 0x07, 0x05, 0x0f, 0x58, 0x02, 0xff, 0xff, 0x2f, 0x0f, 0x40, 0x02, 0x45, 0x0f, 0xe0,
  0x05, 0x1e, 0x0f, 0xc8, 0x05, 0x1c, 0x05, 0xf0, 0x0d, 0x03, 0xd8, 0x05, 0x05, 0x10, 0x00, 0x0f,
  0x48, 0x00, 0x15, 0x0f, 0x28, 0x00, 0x15, 0x04, 0x60, 0x00, 0x0b, 0x08, 0x00, 0x0f, 0x38, 0x01,
  0x45, 0x0f, 0x58, 0x00, 0x0d, 0x0f, 0x58, 0x01, 0x36, 0x04, 0xd0, 0x00, 0x0f, 0x08, 0x01, 0x1d,
  0x0f, 0x30, 0x00, 0x15, 0x0c, 0x28, 0x00, 0x03, 0x70, 0x00, 0x0f, 0xe0, 0x00, 0x0d, 0x0f, 0x20,
  0x00, 0xff, 0xff, 0x87, 0x0f, 0x80, 0x07, 0xff, 0xff, 0xff, 0xff, 0x3a, 0x03, 0x08, 0x07, 0x0f,
  0xb0, 0x08, 0x26, 0x0f, 0x40, 0x00, 0x25, 0x03, 0x38, 0x00, 0x0f, 0x60, 0x07, 0xff, 0xff, 0x87,
  0x0f, 0x98, 0x02, 0xff, 0xff, 0xbf, 0x0f, 0xa8, 0x0d, 0x36, 0x04, 0x48, 0x0d, 0x03, 0xc0, 0x05,
  0x0f, 0x38, 0x06, 0x06, 0x0f, 0x20, 0x00, 0x0d, 0x04, 0x48, 0x00, 0x0f, 0x08, 0x00, 0x15, 0x03,
  0x50, 0x00, 0x0f, 0x98, 0x03, 0x7d, 0x0f, 0x58, 0x01, 0x2e, 0x03, 0xd8, 0x00, 0x0f, 0x48, 0x01,
  0x06, 0x0f, 0x20, 0x01, 0x0d, 0x0f, 0x40, 0x00, 0x25, 0x03, 0x38, 0x00, 0x0f, 0x50, 0x01, 0x7d,
  0x0f, 0x90, 0x00, 0xff, 0xff, 0xff, 0xff, 0xc9, 0x0f, 0x28, 0x06, 0x2e, 0x0c, 0x08, 0x06, 0x03,
  0xc0, 0x05, 0x0f, 0x38, 0x06, 0x06, 0x0f, 0x20, 0x00, 0x0d, 0x0c, 0x50, 0x00, 0x0f, 0x10, 0x00,
  0x0d, 0x03, 0x50, 0x00, 0x0f, 0xa0, 0x05, 0x7d, 0x0f, 0x58, 0x01, 0x26, 0x03, 0xd0, 0x00, 0x0f,
  0x40, 0x01, 0x06, 0x0f, 0x10, 0x01, 0x0d, 0x0c, 0x20, 0x00, 0x0f, 0x50, 0x00, 0x25, 0x03, 0x38,
  0x00, 0x0f, 0x58, 0x01, 0x7d, 0x0f, 0x90, 0x00, 0xff, 0xff, 0xff, 0xff, 0xc1, 0x0f, 0x28, 0x06,
  0x26, 0x0f, 0xe8, 0x05, 0x2d, 0x03, 0xe0, 0x05, 0x0f, 0x68, 0x06, 0x26, 0x03, 0x40, 0x00, 0x0f,
  0x90, 0x05, 0x85, 0x0f, 0x58, 0x01, 0x26, 0x03, 0xd8, 0x00, 0x0f, 0x18, 0x01, 0x26, 0x0f, 0x98,
  0x01, 0x2d, 0x04, 0x40, 0x00, 0x03, 0x88, 0x00, 0x0f, 0x60, 0x01, 0x85, 0x0f, 0x98, 0x00, 0xff,
  0xff, 0xff, 0xff, 0xb9, 0x0f, 0x28, 0x06, 0x26, 0x04, 0xa8, 0x05, 0x04, 0x08, 0x00, 0x03, 0xb0,
  0x05, 0x0f, 0x38, 0x06, 0x16, 0x0f, 0x30, 0x00, 0x1d, 0x04, 0x68, 0x00, 0x04, 0x08, 0x00, 0x03,
  0x40, 0x00, 0x0f, 0x88, 0x05, 0x7d, 0x0f, 0x50, 0x01, 0x26, 0x03, 0xd0, 0x00, 0x0f, 0x40, 0x01,
  0x16, 0x04, 0x08, 0x01, 0x0f, 0x08, 0x00, 0x15, 0x04, 0x60, 0x00, 0x04, 0x08, 0x00, 0x0f, 0x38,
  0x00, 0x0d, 0x04, 0x28, 0x00, 0x03, 0x08, 0x00, 0x0f, 0x68, 0x01, 0x7d, 0x0f, 0x90, 0x00, 0xff,
  0xff, 0xc7, 0x0f, 0x40, 0x26, 0xdd, 0x0f, 0xf0, 0x00, 0xdd, 0x0c, 0xb8, 0x04, 0x0f, 0x30, 0x06,
  0x26, 0x04, 0xc0, 0x05, 0x03, 0xa0, 0x05, 0x0f, 0x38, 0x06, 0x26, 0x0f, 0x40, 0x00, 0x25, 0x03,
  0x38, 0x00, 0x0c, 0xd0, 0x00, 0x0f, 0x10, 0x00, 0x6d, 0x0f, 0x50, 0x01, 0x26, 0x03, 0xd0, 0x00,
  0x0f, 0x48, 0x01, 0x26, 0x04, 0x90, 0x01, 0x0f, 0x08, 0x00, 0x05, 0x04, 0x60, 0x00, 0x04, 0x08,
  0x00, 0x0f, 0x28, 0x00, 0x05, 0x04, 0x18, 0x00, 0x04, 0x28, 0x00, 0x03, 0x08, 0x00, 0x0f, 0x58,
  0x01, 0x6d, 0x0f, 0x80, 0x00, 0xff, 0xff, 0xd7, 0x0f, 0x90, 0x06, 0xdd, 0x0f, 0xf0, 0x00, 0xdd,
  0x0c, 0xc8, 0x04, 0x0f, 0x30, 0x06, 0x26, 0x0c, 0xa8, 0x05, 0x04, 0x10, 0x00, 0x0f, 0x08, 0x00,
  0x1d, 0x03, 0xe0, 0x05, 0x0f, 0x78, 0x06, 0x1e, 0x03, 0x38, 0x00, 0x0c, 0xd0, 0x00, 0x0f, 0x10,
  0x00, 0x6d, 0x0f, 0x50, 0x01, 0x1e, 0x03, 0xc8, 0x00, 0x0f, 0x00, 0x01, 0x1e, 0x0f, 0x68, 0x01,
  0x1d, 0x0c, 0x30, 0x00, 0x0f, 0x78, 0x00, 0x15, 0x03, 0x28, 0x00, 0x0f, 0x58, 0x01, 0x6d, 0x0f,
  0x80, 0x00, 0xff, 0xff, 0xcf, 0x0f, 0x88, 0x06, 0x05, 0x0c, 0x02, 0x00, 0x0f, 0x08, 0x03, 0xb5,
  0x0c, 0xd8, 0x00, 0x0f, 0x02, 0x00, 0x05, 0x0f, 0xf0, 0x00, 0xb5, 0x0f, 0xc8, 0x00, 0x05, 0x0f,
  0x30, 0x06, 0x1e, 0x04, 0xc8, 0x05, 0x03, 0x98, 0x05, 0x0f, 0x38, 0x06, 0x36, 0x0f, 0x50, 0x00,
  0x25, 0x03, 0x38, 0x00, 0x0f, 0xe0, 0x00, 0x05, 0x0f, 0x18, 0x00, 0x5d, 0x0f, 0x50, 0x01, 0x1e,
  0x03, 0xc0, 0x00, 0x0f, 0x48, 0x01, 0x36, 0x04, 0xa0, 0x01, 0x0f, 0x08, 0x00, 0x0d, 0x0f, 0x78,
  0x00, 0x15, 0x03, 0x28, 0x00, 0x0f, 0x48, 0x01, 0x5d, 0x0f, 0x70, 0x00, 0xff, 0xff, 0xdf, 0x0f,
  0x80, 0x06, 0x05, 0x0c, 0x02, 0x00, 0x0f, 0x18, 0x03, 0xb5, 0x0c, 0xd8, 0x00, 0x0f, 0x02, 0x00,
  0x05, 0x0f, 0xf0, 0x00, 0xb5, 0x0f, 0xc8, 0x00, 0x05, 0x0f, 0x30, 0x06, 0x1e, 0x04, 0xd8, 0x05,
  0x03, 0x98, 0x05, 0x0f, 0x38, 0x06, 0x36, 0x0f, 0x50, 0x00, 0x25, 0x03, 0x38, 0x00, 0x0f, 0xe0,
  0x00, 0x05, 0x0f, 0x18, 0x00, 0x55, 0x0f, 0x48, 0x01, 0x16, 0x03, 0xb0, 0x00, 0x0f, 0x30, 0x00,
  0x16, 0x04, 0x70, 0x01, 0x04, 0x08, 0x00, 0x0c, 0x40, 0x00, 0x0c, 0x10, 0x00, 0x04, 0x28, 0x00,
  0x0f, 0x08, 0x00, 0x15, 0x04, 0x40, 0x00, 0x0f, 0x30, 0x00, 0x05, 0x04, 0x20, 0x00, 0x03, 0x08,
  0x00, 0x0f, 0x50, 0x01, 0x55, 0x0f, 0x68, 0x00, 0xff, 0xff, 0xdf, 0x0f, 0x80, 0x06, 0x05, 0x0c,
  0x02, 0x00, 0x0f, 0x18, 0x03, 0xb5, 0x0c, 0xd8, 0x00, 0x0f, 0x02, 0x00, 0x05, 0x0f, 0xf0, 0x00,
  0xb5, 0x0c, 0xc8, 0x00, 0x0f, 0x00, 0x06, 0x2e, 0x0f, 0xb0, 0x05, 0x05, 0x0f, 0x18, 0x00, 0x2d,
  0x03, 0xe8, 0x05, 0x0f, 0xa0, 0x00, 0x16, 0x0b, 0x30, 0x00, 0x0c, 0xe8, 0x00, 0x0f, 0x10, 0x00,
  0x55, 0x0f, 0xb0, 0x00, 0x25, 0x0f, 0xc0, 0x08, 0x1e, 0x0b, 0xf0, 0x00, 0x05, 0x78, 0x00, 0x04,
  0x18, 0x00, 0x0f, 0x80, 0x01, 0x1d, 0x0f, 0x38, 0x00, 0x0d, 0x04, 0x20, 0x00, 0x03, 0x08, 0x00,
  0x0f, 0x50, 0x01, 0x55, 0x0f, 0x68, 0x00, 0xff, 0xff, 0xdf, 0x0f, 0x80, 0x06, 0x05, 0x0c, 0x02,
  0x00, 0x0f, 0x18, 0x03, 0xb5, 0x0c, 0xd8, 0x00, 0x0f, 0x02, 0x00, 0x05, 0x0f, 0xf0, 0x00, 0xb5,
  0x0c, 0xc8, 0x00, 0x05, 0xb8, 0x05, 0x0f, 0xb0, 0x05, 0x3d, 0x0f, 0x50, 0x00, 0x1d, 0x0c, 0x30,
  0x00, 0x03, 0xe8, 0x05, 0x0f, 0xa0, 0x00, 0x16, 0x0b, 0x30, 0x00, 0x0c, 0xe8, 0x00, 0x0f, 0x10,
  0x00, 0x4d, 0x76, 0x12, 0x38, 0x24, 0xff, 0x12, 0x38, 0x24, 0x88, 0x00, 0x0c, 0xd0, 0x00, 0x0f,
  0x10, 0x00, 0x2d, 0x0b, 0xe0, 0x00, 0x3f, 0x2f, 0x69, 0x4b, 0x04, 0x00, 0x0a, 0x05, 0x38, 0x01,
  0x04, 0x38, 0x00, 0x0f, 0x80, 0x00, 0x15, 0x0f, 0x30, 0x00, 0x0d, 0x03, 0x20, 0x00, 0x0f, 0x50,
  0x01, 0x4d, 0x0f, 0x60, 0x00, 0xff, 0xff, 0xe7, 0x0f, 0x80, 0x06, 0x05, 0x0c, 0x02, 0x00, 0x0f,
  0x20, 0x03, 0xb5, 0x0c, 0xd8, 0x00, 0x0f, 0x02, 0x00, 0x05, 0x0f, 0xf0, 0x00, 0xb5, 0x0c, 0xc8,
  0x00, 0x05, 0xa8, 0x05, 0x0f, 0xa0, 0x05, 0x35, 0x0f, 0x48, 0x00, 0x15, 0x0f, 0x28, 0x00, 0x1d,
  0x03, 0xf8, 0x05, 0x0f, 0x28, 0x0e, 0x0e, 0x03, 0x28, 0x00, 0x0c, 0xe8, 0x00, 0x0f, 0x10, 0x00,
  0x4d, 0x0f, 0x80, 0x07, 0xff, 0xff, 0xff, 0xff, 0xff, 0xff, 0xff, 0x6c, 0x0f, 0x78, 0x07, 0x46,
  0x03, 0x48, 0x08, 0x04, 0x20, 0x09, 0x0f, 0xec, 0x0e, 0x09, 0x0f, 0x1c, 0x00, 0x11, 0x04, 0x48,
  0x00, 0x05, 0x08, 0x00, 0x0f, 0x00, 0x09, 0x1d, 0x0c, 0x30, 0x00, 0x03, 0xa0, 0x00, 0x0f, 0xd8,
  0x08, 0x4d, 0x0f, 0x60, 0x00, 0xff, 0xff, 0xe7, 0x0f, 0x08, 0x0e, 0xdd, 0x0f, 0xf0, 0x00, 0xdd,
  0x0f, 0x88, 0x05, 0x16, 0x03, 0x68, 0x05, 0x0f, 0x30, 0x00, 0x16, 0x0f, 0xa8, 0x05, 0x04, 0x05,
  0x40, 0x00, 0x0f, 0x50, 0x00, 0x35, 0x0c, 0x68, 0x00, 0x04, 0x10, 0x00, 0x0b, 0x60, 0x00, 0x0f,
  0xc0, 0x05, 0x4d, 0x0f, 0x80, 0x07, 0xff, 0xff, 0xff, 0xff, 0xff, 0xff, 0xff, 0x64, 0x04, 0x70,
  0x07, 0x0c, 0x08, 0x00, 0x05, 0x60, 0x08, 0x04, 0x08, 0x08, 0x0f, 0x08, 0x00, 0x1d, 0x0b, 0x38,
  0x08, 0x0f, 0xd4, 0x0e, 0x11, 0x0f, 0x24, 0x00, 0x21, 0x05, 0xa8, 0x00, 0x0b, 0x70, 0x00, 0x0f,
  0xd8, 0x17, 0x0e, 0x0c, 0xd0, 0x00, 0x03, 0x40, 0x00, 0x0c, 0x08, 0x01, 0x0f, 0xf0, 0x08, 0x4d,
  0x0f, 0x60, 0x00, 0xff, 0xff, 0xff, 0xff, 0xb1, 0x04, 0x30, 0x05, 0x05, 0x88, 0x05, 0x0c, 0x58,
  0x05, 0x0f, 0x10, 0x00, 0x2d, 0x03, 0x98, 0x05, 0x04, 0x60, 0x00, 0x0f, 0x24, 0x06, 0x0d, 0x04,
  0x28, 0x00, 0x05, 0x08, 0x00, 0x0f, 0x80, 0x00, 0x15, 0x04, 0x68, 0x00, 0x0f, 0x30, 0x00, 0x05,
  0x03, 0x20, 0x00, 0x0f, 0xb0, 0x05, 0x3d, 0x04, 0x40, 0x01, 0x0c, 0x08, 0x00, 0x0f, 0xc0, 0x00,
  0x1e, 0x0c, 0xb8, 0x00, 0x03, 0xb0, 0x00, 0x04, 0x48, 0x00, 0x0f, 0x38, 0x01, 0x0d, 0x0f, 0x20,
  0x00, 0x25, 0x04, 0x60, 0x00, 0x0d, 0x08, 0x00, 0x0c, 0x90, 0x00, 0x0f, 0x10, 0x00, 0x0d, 0x03,
  0xb0, 0x00, 0x0c, 0x08, 0x01, 0x0f, 0x70, 0x01, 0x3d, 0x0f, 0x50, 0x00, 0xff, 0xff, 0xff, 0xff,
  0xc1, 0x04, 0x30, 0x05, 0x05, 0x80, 0x05, 0x0f, 0x68, 0x05, 0x0d, 0x0f, 0x20, 0x00, 0x1d, 0x03,
  0x98, 0x05, 0x04, 0x60, 0x00, 0x0f, 0x28, 0x06, 0x0d, 0x04, 0x28, 0x00, 0x05, 0x08, 0x00, 0x0f,
  0x70, 0x00, 0x15, 0x04, 0x68, 0x00, 0x0f, 0x30, 0x00, 0x05, 0x03, 0x20, 0x00, 0x0f, 0xc0, 0x05,
  0x35, 0x04, 0x38, 0x01, 0x0c, 0x08, 0x00, 0x0f, 0xb8, 0x00, 0x26, 0x03, 0xa0, 0x00, 0x04, 0x40,
  0x00, 0x0f, 0x28, 0x01, 0x0d, 0x0f, 0x20, 0x00, 0x45, 0x04, 0x80, 0x00, 0x0d, 0x08, 0x00, 0x0f,
  0x58, 0x01, 0x05, 0x0c, 0x18, 0x00, 0x03, 0xc8, 0x00, 0x0c, 0x18, 0x01, 0x0f, 0x78, 0x01, 0x35,
  0x0f, 0x48, 0x00, 0xff, 0xff, 0xff, 0xff, 0xb9, 0x04, 0x20, 0x05, 0x05, 0x68, 0x05, 0x0c, 0x48,
  0x05, 0x0f, 0x10, 0x00, 0x25, 0x03, 0x80, 0x05, 0x04, 0x58, 0x00, 0x0f, 0x28, 0x06, 0x2d, 0x04,
  0x48, 0x00, 0x05, 0x08, 0x00, 0x0f, 0x98, 0x00, 0x25, 0x04, 0x38, 0x00, 0x03, 0xa0, 0x00, 0x0f,
  0xc8, 0x05, 0x2d, 0x04, 0x40, 0x01, 0x0c, 0x08, 0x00, 0x0f, 0xa8, 0x00, 0x1e, 0x03, 0x90, 0x00,
  0x05, 0x38, 0x00, 0x03, 0x10, 0x00, 0x0f, 0x38, 0x01, 0x2d, 0x0f, 0x40, 0x00, 0x25, 0x0c, 0x88,
  0x00, 0x05, 0x10, 0x00, 0x04, 0x40, 0x01, 0x0f, 0x08, 0x00, 0x0d, 0x03, 0xc0, 0x00, 0x0c, 0x18,
  0x01, 0x0f, 0x70, 0x01, 0x2d, 0x0f, 0x40, 0x00, 0xff, 0xff, 0xff, 0xff, 0xc1, 0x04, 0x20, 0x05,
  0x0f, 0x60, 0x05, 0x1e, 0x0f, 0x80, 0x05, 0x14, 0x04, 0x58, 0x00, 0x0f, 0x08, 0x06, 0x25, 0x04,
  0x38, 0x00, 0x04, 0x48, 0x00, 0x05, 0x08, 0x00, 0x0f, 0x80, 0x00, 0x0d, 0x0f, 0x20, 0x00, 0x0d,
  0x03, 0x20, 0x06, 0x0f, 0xd0, 0x05, 0x25, 0x04, 0x38, 0x01, 0x0c, 0x08, 0x00, 0x7f, 0x1b, 0x51,
  0x35, 0xff, 0x1b, 0x51, 0x35, 0xa8, 0x00, 0x0f, 0x03, 0x80, 0x00, 0x04, 0x28, 0x00, 0x04, 0xe8,
  0x00, 0x0f, 0x08, 0x00, 0x85, 0x04, 0xa8, 0x00, 0x0d, 0x08, 0x00, 0x0f, 0x68, 0x01, 0x14, 0x0c,
  0x28, 0x01, 0x0f, 0x78, 0x01, 0x25, 0x0f, 0x38, 0x00, 0xff, 0xff, 0xff, 0xff, 0xb1, 0x0c, 0x08,
  0x05, 0x04, 0x10, 0x00, 0x05, 0x58, 0x05, 0x0f, 0x50, 0x05, 0x0d, 0x0f, 0x20, 0x00, 0x05, 0x0f,
  0x50, 0x06, 0x54, 0x05, 0xa8, 0x00, 0x0b, 0x70, 0x00, 0x0f, 0x28, 0x24, 0x25, 0x0f, 0xd0, 0x05,
  0x25, 0x04, 0x38, 0x01, 0x0c, 0x08, 0x00, 0x0f, 0x80, 0x07, 0xff, 0xff, 0xff, 0xff, 0xff, 0xff,
  0xff, 0x54, 0x0c, 0x70, 0x07, 0x04, 0x10, 0x00, 0x0d, 0x78, 0x07, 0x0c, 0x20, 0x08, 0x0f, 0x10,
  0x00, 0x04, 0x0f, 0xf0, 0x0e, 0x85, 0x0f, 0x98, 0x00, 0x15, 0x0f, 0x10, 0x09, 0x06, 0x0b, 0xf0,
  0x00, 0x04, 0x28, 0x01, 0x0c, 0x08, 0x00, 0x0f, 0x00, 0x09, 0x25, 0x0f, 0x38, 0x00, 0xff, 0xff,
  0xff, 0xff, 0xa1, 0x0c, 0xf8, 0x04, 0x04, 0x10, 0x00, 0x05, 0x40, 0x05, 0x0f, 0xd8, 0x0e, 0x05,
  0x0c, 0x18, 0x00, 0x0b, 0x58, 0x05, 0x04, 0x40, 0x00, 0x0f, 0xb0, 0x05, 0x15, 0x0f, 0x28, 0x00,
  0x3d, 0x04, 0x80, 0x00, 0x0d, 0x08, 0x00, 0x0c, 0xb8, 0x00, 0x0f, 0x10, 0x00, 0x04, 0x0f, 0xc8,
  0x05, 0x1d, 0x04, 0x38, 0x01, 0x0c, 0x08, 0x00, 0x0f, 0x80, 0x07, 0xff, 0xff, 0xff, 0xff, 0xff,
  0xff, 0xff, 0x54, 0x0c, 0x70, 0x07, 0x04, 0x10, 0x00, 0x04, 0x78, 0x07, 0x04, 0x08, 0x00, 0x0d,
  0x08, 0x08, 0x0f, 0xb0, 0x08, 0x7c, 0x0f, 0x00, 0x09, 0x3d, 0x0c, 0x50, 0x00, 0x0f, 0x00, 0x01,
  0x05, 0x04, 0x28, 0x00, 0x04, 0x38, 0x01, 0x0c, 0x08, 0x00, 0x0f, 0x08, 0x09, 0x1d, 0x0f, 0x30,
  0x00, 0xff, 0xff, 0xff, 0xff, 0x99, 0x0c, 0xe8, 0x04, 0x04, 0x10, 0x00, 0x0d, 0x30, 0x06, 0x0f,
  0x20, 0x0e, 0x04, 0x0c, 0x50, 0x05, 0x04, 0x48, 0x05, 0x0f, 0x08, 0x00, 0x85, 0x0c, 0xb0, 0x00,
  0x05, 0x10, 0x00, 0x0f, 0xe0, 0x00, 0x04, 0x0f, 0xc8, 0x05, 0x15, 0x04, 0x38, 0x01, 0x0c, 0x08,
  0x00, 0x04, 0x48, 0x01, 0x04, 0x08, 0x00, 0x05, 0x70, 0x00, 0x0f, 0x78, 0x07, 0x04, 0x04, 0x20,
  0x00, 0x0f, 0x40, 0x01, 0x85, 0x0f, 0x98, 0x00, 0x2d, 0x04, 0xe0, 0x00, 0x0c, 0x08, 0x00, 0x04,
  0x58, 0x00, 0x0c, 0x40, 0x01, 0x04, 0x10, 0x00, 0x0f, 0x88, 0x01, 0x15, 0x0f, 0x28, 0x00, 0xff,
  0xff, 0xff, 0xff, 0xa1, 0x04, 0xe0, 0x04, 0x0c, 0x08, 0x00, 0x0d, 0x30, 0x06, 0x0f, 0xa0, 0x06,
  0x04, 0x0f, 0x48, 0x05, 0x05, 0x04, 0x50, 0x05, 0x0f, 0x08, 0x00, 0x7d, 0x0c, 0xb0, 0x00, 0x05,
  0x10, 0x00, 0x0f, 0xe0, 0x00, 0x04, 0x0f, 0xd0, 0x05, 0x0d, 0x0c, 0x38, 0x01, 0x04, 0x10, 0x00,
  0x04, 0x40, 0x01, 0x0c, 0x08, 0x00, 0x05, 0x70, 0x00, 0x0b, 0x80, 0x07, 0x0f, 0x28, 0x01, 0x7d,
  0x0f, 0x90, 0x00, 0x55, 0x04, 0x10, 0x01, 0x0c, 0x70, 0x00, 0x04, 0x48, 0x01, 0x0c, 0x08, 0x00,
  0x0f, 0x90, 0x01, 0x0d, 0x0f, 0x20, 0x00, 0xff, 0x3e, 0x0f, 0x60, 0x57, 0xdd, 0x0f, 0x40, 0x02,
  0xff, 0x3e, 0x0f, 0x50, 0x01, 0xff, 0x06, 0x0c, 0xd8, 0x04, 0x04, 0x10, 0x00, 0x04, 0x30, 0x06,
  0x04, 0x18, 0x05, 0x0f, 0x08, 0x00, 0x15, 0x0c, 0x40, 0x05, 0x0f, 0x10, 0x00, 0x9d, 0x0f, 0xe8,
  0x00, 0x05, 0x0f, 0x40, 0x02, 0x0d, 0x04, 0x38, 0x01, 0x0c, 0x08, 0x00, 0x04, 0x48, 0x01, 0x0c,
  0x08, 0x00, 0x0f, 0x68, 0x00, 0x05, 0x0f, 0x30, 0x01, 0x9d, 0x0f, 0xb0, 0x00, 0x35, 0x04, 0x10,
  0x01, 0x0c, 0x50, 0x00, 0x0c, 0x50, 0x01, 0x04, 0x10, 0x00, 0x0f, 0x90, 0x01, 0x0d, 0x0f, 0x20,
  0x00, 0xff, 0x3e, 0x0f, 0x80, 0x07, 0xff, 0xff, 0xff, 0xff, 0x89, 0x04, 0x10, 0x06, 0x0c, 0x08,
  0x00, 0x0c, 0x70, 0x07, 0x0f, 0x10, 0x00, 0x05, 0x0c, 0x70, 0x06, 0x0f, 0x10, 0x00, 0xff, 0x06,
  0x0c, 0x60, 0x01, 0x04, 0x10, 0x00, 0x0f, 0x68, 0x07, 0xff, 0x3e, 0x0c, 0x50, 0x01, 0x0f, 0x78,
  0x07, 0x05, 0x0c, 0x02, 0x00, 0x0c, 0x38, 0x00, 0x0f, 0x10, 0x00, 0xff, 0xff, 0xff, 0x10, 0x04,
  0xc0, 0x04, 0x0c, 0x08, 0x00, 0x0c, 0x28, 0x06, 0x04, 0x98, 0x0c, 0x0f, 0x08, 0x00, 0x0d, 0x0f,
  0x38, 0x06, 0xc5, 0x04, 0xf8, 0x00, 0x0f, 0x50, 0x04, 0x05, 0x0c, 0x40, 0x01, 0x04, 0x10, 0x00,
  0x0c, 0x48, 0x01, 0x0f, 0x10, 0x00, 0x05, 0x0f, 0x38, 0x01, 0xc5, 0x0f, 0xd8, 0x00, 0x3d, 0x04,
  0x58, 0x01, 0x0c, 0x08, 0x00, 0x0f, 0x98, 0x01, 0x05, 0x0f, 0x18, 0x00, 0xff, 0x36, 0x0c, 0x68,
  0x07, 0x0f, 0x02, 0x00, 0x05, 0x0f, 0x70, 0x01, 0xff, 0x36, 0x0f, 0x48, 0x01, 0xff, 0xd6, 0x0c,
  0xc8, 0x04, 0x04, 0x10, 0x00, 0x0c, 0x28, 0x06, 0x04, 0x80, 0x06, 0x0f, 0x08, 0x00, 0x0d, 0x0f,
  0x70, 0x05, 0x3d, 0x0f, 0x50, 0x00, 0x75, 0x04, 0xf8, 0x00, 0x0f, 0x18, 0x03, 0x05, 0x04, 0x38,
  0x01, 0x04, 0x08, 0x00, 0x0c, 0x40, 0x01, 0x0f, 0x10, 0x00, 0x05, 0x0f, 0xe0, 0x00, 0x75, 0x0f,
  0x88, 0x00, 0x9d, 0x04, 0x68, 0x01, 0x04, 0x08, 0x00, 0x0f, 0x98, 0x01, 0x05, 0x0f, 0x18, 0x00,
  0xff, 0x36, 0x0f, 0x70, 0x07, 0x05, 0x0c, 0x02, 0x00, 0x0f, 0x70, 0x01, 0xff, 0x36, 0x0f, 0x48,
  0x01, 0xff, 0xce, 0x04, 0xb8, 0x04, 0x0c, 0x08, 0x00, 0x0f, 0x28, 0x06, 0x05, 0x04, 0x80, 0x06,
  0x0c, 0x08, 0x00, 0x0f, 0xb8, 0x05, 0x9d, 0x0f, 0xb0, 0x00, 0x2d, 0x0f, 0x18, 0x03, 0x05, 0x0f,
  0x48, 0x01, 0x15, 0x0c, 0x60, 0x01, 0x0f, 0x90, 0x00, 0x2d, 0x0f, 0x40, 0x00, 0xe5, 0x0c, 0x70,
  0x01, 0x0f, 0x98, 0x01, 0x05, 0x0f, 0x18, 0x00, 0xff, 0x36, 0x0c, 0x68, 0x07, 0x0f, 0x02, 0x00,
  0x05, 0x0f, 0x70, 0x01, 0xff, 0x36, 0x0f, 0x48, 0x01, 0xff, 0xce, 0x0c, 0xc0, 0x04, 0x04, 0x10,
  0x00, 0x0c, 0x20, 0x06, 0x04, 0x10, 0x00, 0x0c, 0x78, 0x07, 0x04, 0x10, 0x00, 0x0f, 0x00, 0x06,
  0xdd, 0x0c, 0x18, 0x03, 0x04, 0x38, 0x01, 0x04, 0x08, 0x00, 0x39, 0x3b, 0x56, 0x8f, 0x04, 0x00,
  0x04, 0x40, 0x01, 0x0f, 0x08, 0x00, 0x05, 0x0f, 0x40, 0x01, 0xdd, 0x0f, 0xf0, 0x00, 0x3d, 0x04,
  0x78, 0x01, 0x04, 0x08, 0x00, 0x0c, 0xa0, 0x01, 0x0f, 0x10, 0x00, 0xff, 0x36, 0x0f, 0x70, 0x07,
  0x05, 0x0c, 0x02, 0x00, 0x0f, 0x70, 0x01, 0xff, 0x36, 0x0f, 0x48, 0x01, 0xff, 0xc6, 0x04, 0xa8,
  0x04, 0x0c, 0x08, 0x00, 0x0f, 0x20, 0x06, 0x05, 0x0c, 0x18, 0x00, 0x0f, 0x40, 0x05, 0x3d, 0x0f,
  0x50, 0x00, 0x9d, 0x0c, 0x18, 0x03, 0x0c, 0x48, 0x01, 0x08, 0x7c, 0x07, 0x0f, 0x80, 0x07, 0xff,
  0xff, 0xff, 0xff, 0xff, 0xff, 0xff, 0x60, 0x3f, 0x26, 0x71, 0xdf, 0x04, 0x00, 0x02, 0x0c, 0x90,
  0x07, 0x04, 0x10, 0x00, 0x0f, 0x78, 0x08, 0x9d, 0x0f, 0xb0, 0x00, 0x85, 0x0c, 0x00, 0x09, 0x0c,
  0x20, 0x09, 0x0f, 0x10, 0x00, 0xff, 0x3e, 0x0c, 0xf0, 0x0e, 0x04, 0x02, 0x00, 0x0f, 0x68, 0x01,
  0xff, 0x3e, 0x0f, 0x50, 0x01, 0xff, 0xc6, 0x0c, 0xb0, 0x04, 0x0c, 0xe0, 0x0e, 0x0f, 0x10, 0x00,
  0x05, 0x0f, 0x80, 0x05, 0x85, 0x0f, 0x98, 0x00, 0x5d, 0x0c, 0x18, 0x03, 0x04, 0x50, 0x01, 0x0f,
  0x7c, 0x07, 0x01, 0x0f, 0x80, 0x07, 0xff, 0xff, 0xff, 0xff, 0xff, 0xff, 0xff, 0x58, 0x0f, 0x78,
  0x07, 0x05, 0x0c, 0x18, 0x00, 0x0c, 0xd8, 0x08, 0x04, 0x08, 0x0f, 0x0c, 0x08, 0x00, 0x0f, 0x50,
  0x08, 0x5d, 0x0f, 0x70, 0x00, 0xad, 0x04, 0x00, 0x09, 0x04, 0x08, 0x00, 0x0c, 0x20, 0x09, 0x0f,
  0x10, 0x00, 0xff, 0xff, 0xff, 0xff, 0x79, 0x04, 0xa0, 0x04, 0x04, 0x08, 0x00, 0x0c, 0xf8, 0x05,
  0x0c, 0x20, 0x06, 0x0c, 0x10, 0x00, 0x0f, 0xa8, 0x05, 0xad, 0x0f, 0xc0, 0x00, 0x35, 0x0c, 0xd0,
  0x05, 0x0c, 0x68, 0x07, 0x0f, 0x10, 0x00, 0x05, 0x0c, 0x50, 0x01, 0x0c, 0x80, 0x01, 0x04, 0x10,
  0x00, 0x0f, 0xa8, 0x00, 0x35, 0x0f, 0x48, 0x00, 0xd5, 0x04, 0xd0, 0x02, 0x04, 0x08, 0x00, 0x0c,
  0xa0, 0x01, 0x0f, 0x10, 0x00, 0xff, 0xff, 0xff, 0xff, 0x79, 0x04, 0xa0, 0x04, 0x04, 0x08, 0x00,
  0x04, 0xf0, 0x05, 0x04, 0x08, 0x00, 0x0c, 0x20, 0x06, 0x0c, 0x10, 0x00, 0x0f, 0xd0, 0x05, 0xd5,
  0x0f, 0xe8, 0x00, 0x0d, 0x04, 0xd0, 0x05, 0x04, 0x48, 0x01, 0x0f, 0x70, 0x07, 0x05, 0x0c, 0x18,
  0x00, 0x0c, 0x50, 0x01, 0x39, 0x63, 0x57, 0xd9, 0x04, 0x00, 0x04, 0x78, 0x00, 0x04, 0x90, 0x01,
  0x0c, 0x08, 0x00, 0x04, 0x20, 0x00, 0x0f, 0x08, 0x00, 0xff, 0x06, 0x04, 0x90, 0x01, 0x04, 0x08,
  0x00, 0x04, 0xa8, 0x01, 0x0f, 0x08, 0x00, 0xff, 0xff, 0xff, 0xff, 0x79, 0x04, 0x98, 0x04, 0x0c,
  0x18, 0x06, 0x04, 0x10, 0x00, 0x0c, 0xf0, 0x05, 0x04, 0x10, 0x00, 0x0f, 0xf0, 0x05, 0xfd, 0x04,
  0xd0, 0x05, 0x0f, 0x50, 0x01, 0x0d, 0x04, 0x58, 0x01, 0x04, 0x08, 0x00, 0x0f, 0x80, 0x07, 0xff,
  0xff, 0xff, 0xff, 0xff, 0xff, 0xff, 0x7c, 0x08, 0xf4, 0x0e, 0x0f, 0x0c, 0x00, 0x01, 0x04, 0xf0,
  0x08, 0x75, 0xe1, 0x6e, 0x5b, 0xff, 0xe1, 0x6e, 0x5b, 0x9c, 0xd1, 0x04, 0x10, 0x09, 0x04, 0x08,
  0x00, 0x04, 0x28, 0x00, 0x0f, 0x08, 0x00, 0xf5, 0x04, 0x10, 0x09, 0x04, 0x08, 0x00, 0x04, 0x28,
  0x09, 0x0f, 0x08, 0x00, 0xff, 0xff, 0xff, 0xff, 0x79, 0x04, 0x88, 0x0d, 0x0f, 0x08, 0x00, 0x0d,
  0x0c, 0xa8, 0x0d, 0x04, 0xf0, 0x05, 0x0c, 0x08, 0x00, 0x0f, 0xf8, 0x05, 0xe5, 0x04, 0xd0, 0x05,
  0x04, 0xe8, 0x05, 0x0f, 0x50, 0x01, 0x0d, 0x04, 0x20, 0x00, 0x04, 0x58, 0x01, 0x0f, 0x74, 0x07,
  0x01, 0x08, 0x14, 0x00, 0x04, 0x58, 0x01, 0x0f, 0x80, 0x07, 0xff, 0xff, 0xff, 0xff, 0xff, 0xff,
  0xff, 0x1c, 0x0f, 0x88, 0x07, 0x0d, 0x04, 0x78, 0x07, 0x04, 0x08, 0x00, 0x08, 0x6c, 0x07, 0x0f,
  0x0c, 0x00, 0x01, 0x04, 0x78, 0x07, 0x0c, 0x08, 0x00, 0x04, 0x98, 0x07, 0x04, 0x08, 0x00, 0x0f,
  0x10, 0x09, 0xf5, 0x04, 0x10, 0x01, 0x04, 0x88, 0x01, 0x04, 0x08, 0x00, 0x04, 0x28, 0x09, 0x0f,
  0x08, 0x00, 0xff, 0xff, 0x97, 0x04, 0x48, 0x3d, 0x0c, 0x02, 0x00, 0x0f, 0xc0, 0x02, 0xff, 0xae,
  0x04, 0x90, 0x04, 0x04, 0x88, 0x0d, 0x0f, 0x08, 0x00, 0x0d, 0x04, 0x28, 0x06, 0x04, 0x08, 0x00,
  0x0c, 0x24, 0x06, 0x04, 0xf0, 0x04, 0x0c, 0x00, 0x06, 0x04, 0x10, 0x00, 0x04, 0x20, 0x00, 0x0f,
  0x08, 0x00, 0xc5, 0x04, 0x10, 0x03, 0x04, 0x58, 0x01, 0x04, 0x08, 0x00, 0x0f, 0x58, 0x01, 0x05,
  0x04, 0x48, 0x01, 0x04, 0x08, 0x00, 0x0c, 0x50, 0x01, 0x0c, 0x10, 0x00, 0x0c, 0x78, 0x07, 0x04,
  0x10, 0x00, 0x0c, 0x50, 0x01, 0x04, 0x70, 0x01, 0x04, 0x08, 0x00, 0x0c, 0x20, 0x00, 0x0f, 0x10,
  0x00, 0xdd, 0x04, 0x88, 0x01, 0x04, 0x08, 0x00, 0x04, 0xa8, 0x01, 0x0f, 0x08, 0x00, 0xff, 0xff,
  0x97, 0x0c, 0x78, 0x07, 0x04, 0x02, 0x00, 0x0f, 0xc0, 0x02, 0xff, 0xae, 0x04, 0x90, 0x04, 0x0f,
  0x20, 0x06, 0x05, 0x0c, 0x18, 0x00, 0x04, 0x28, 0x06, 0x04, 0x08, 0x00, 0x0c, 0x20, 0x06, 0x04,
  0xd8, 0x05, 0x04, 0xf8, 0x05, 0x0c, 0x08, 0x00, 0x04, 0x20, 0x00, 0x0f, 0x08, 0x00, 0xc5, 0x04,
  0x10, 0x03, 0x04, 0x58, 0x01, 0x04, 0x08, 0x00, 0x04, 0x30, 0x01, 0x0f, 0x08, 0x00, 0x15, 0x0f,
  0x58, 0x01, 0x05, 0x04, 0x38, 0x01, 0x0f, 0x78, 0x07, 0x05, 0x04, 0x20, 0x00, 0x04, 0x08, 0x00,
  0x04, 0x28, 0x00, 0x0c, 0x88, 0x01, 0x0c, 0x10, 0x00, 0x04, 0x30, 0x00, 0x0f, 0x08, 0x00, 0xc5,
  0x04, 0x88, 0x01, 0x04, 0x08, 0x00, 0x04, 0xa8, 0x01, 0x0f, 0x08, 0x00, 0xff, 0xff, 0x8f, 0x04,
  0x68, 0x07, 0x0f, 0x02, 0x00, 0x0d, 0x0f, 0xc8, 0x02, 0xff, 0xa6, 0x04, 0x90, 0x04, 0x0c, 0x68,
  0x07, 0x0f, 0x10, 0x00, 0x05, 0x04, 0x40, 0x06, 0x0c, 0x20, 0x06, 0x0c, 0x10, 0x00, 0x04, 0xc8,
  0x05, 0x04, 0x00, 0x06, 0x04, 0x10, 0x00, 0x0f, 0xf8, 0x05, 0xcd, 0x04, 0x08, 0x03, 0x04, 0x58,
  0x01, 0x04, 0x08, 0x00, 0x04, 0x38, 0x01, 0x0f, 0x08, 0x00, 0x15, 0x0f, 0x50, 0x01, 0x05, 0x04,
  0x48, 0x01, 0x0c, 0x58, 0x01, 0x04, 0x18, 0x00, 0x0c, 0x08, 0x00, 0x04, 0x28, 0x00, 0x0c, 0x78,
  0x01, 0x0c, 0x10, 0x00, 0x0c, 0x38, 0x00, 0x0f, 0x10, 0x00, 0xbd, 0x04, 0x88, 0x01, 0x04, 0x08,
  0x00, 0x04, 0xa8, 0x01, 0x0f, 0x08, 0x00, 0xff, 0xff, 0x8f, 0x0f, 0x78, 0x07, 0x0d, 0x04, 0x02,
  0x00, 0x0f, 0xc8, 0x02, 0xff, 0xa6, 0x04, 0x90, 0x04, 0x0f, 0x70, 0x07, 0x05, 0x0c, 0x18, 0x00,
  0x04, 0x40, 0x06, 0x0c, 0x20, 0x06, 0x0c, 0x10, 0x00, 0x04, 0xc0, 0x05, 0x04, 0x00, 0x06, 0x04,
  0x10, 0x00, 0x0f, 0xf8, 0x05, 0xcd, 0x04, 0x08, 0x03, 0x04, 0x58, 0x01, 0x04, 0x08, 0x00, 0x04,
  0x38, 0x01, 0x0f, 0x08, 0x00, 0x15, 0x04, 0x30, 0x01, 0x0f, 0x08, 0x00, 0x25, 0x04, 0x78, 0x01,
  0x0c, 0x08, 0x00, 0x0f, 0x50, 0x00, 0x05, 0x0c, 0x98, 0x01, 0x0f, 0x10, 0x00, 0x0d, 0x0f, 0x48,
  0x00, 0x05, 0x0f, 0x18, 0x00, 0x85, 0x04, 0x88, 0x01, 0x04, 0x08, 0x00, 0x04, 0xa8, 0x01, 0x0f,
  0x08, 0x00, 0x95, 0x04, 0x68, 0x05, 0x0c, 0x02, 0x00, 0x0f, 0xc0, 0x00, 0x95, 0x0f, 0xa8, 0x00,
  0xff, 0x26, 0x0c, 0xf0, 0x01, 0x0f, 0x02, 0x00, 0x05, 0x0f, 0x60, 0x01, 0xff, 0x26, 0x0f, 0x38,
  0x01, 0x6d, 0x04, 0x90, 0x04, 0x04, 0x08, 0x00, 0x0c, 0x70, 0x07, 0x04, 0x10, 0x00, 0x0c, 0x38,
  0x06, 0x0c, 0x70, 0x07, 0x0c, 0x10, 0x00, 0x0c, 0xf8, 0x05, 0x04, 0x10, 0x00, 0x0c, 0xa0, 0x05,
  0x0c, 0xe8, 0x05, 0x0c, 0x20, 0x00, 0x0f, 0x10, 0x00, 0x9d, 0x04, 0xd0, 0x01, 0x04, 0x50, 0x01,
  0x04, 0x08, 0x00, 0x0c, 0x40, 0x01, 0x0f, 0x10, 0x00, 0x0d, 0x0f, 0xf8, 0x00, 0x2d, 0x04, 0x70,
  0x01, 0x0c, 0x08, 0x00, 0x0f, 0x58, 0x00, 0x05, 0x0c, 0x88, 0x01, 0x0f, 0x10, 0x00, 0x0d, 0x0f,
  0x48, 0x00, 0x05, 0x0f, 0x18, 0x00, 0x85, 0x04, 0x88, 0x01, 0x04, 0x08, 0x00, 0x04, 0xa8, 0x01,
  0x0f, 0x08, 0x00, 0x95, 0x0f, 0x78, 0x05, 0xff, 0xbe, 0x0f, 0x78, 0x02, 0x15, 0x0f, 0xf8, 0x01,
  0x05, 0x0c, 0x02, 0x00, 0x0f, 0x50, 0x00, 0x15, 0x0f, 0x28, 0x00, 0xff, 0x7e, 0x04, 0x90, 0x04,
  0x04, 0x08, 0x00, 0x04, 0x70, 0x07, 0x0c, 0x08, 0x00, 0x0c, 0x30, 0x06, 0x0c, 0x70, 0x07, 0x0c,
  0x10, 0x00, 0x0c, 0xf8, 0x05, 0x04, 0x10, 0x00, 0x0c, 0xa0, 0x05, 0x0c, 0xe8, 0x05, 0x0c, 0x20,
  0x00, 0x0f, 0x10, 0x00, 0x9d, 0x04, 0xe0, 0x02, 0x04, 0x50, 0x01, 0x04, 0x08, 0x00, 0x0c, 0x40,
  0x01, 0x0f, 0x10, 0x00, 0x0d, 0x0f, 0xf8, 0x00, 0x35, 0x0f, 0x78, 0x01, 0x05, 0x04, 0x60, 0x00,
  0x04, 0xa8, 0x79, 0x04, 0x08, 0x00, 0x04, 0x18, 0x00, 0x0f, 0x08, 0x00, 0x0d, 0x0c, 0xb8, 0x01,
  0x0f, 0x10, 0x00, 0x55, 0x79, 0x50, 0xe5, 0x99, 0xff, 0x50, 0xe5, 0x99, 0x44, 0x79, 0x0f, 0x7c,
  0x00, 0x11, 0x04, 0x88, 0x01, 0x04, 0x08, 0x00, 0x04, 0xa8, 0x01, 0x0f, 0x08, 0x00, 0x8d, 0x0c,
  0x68, 0x05, 0x0f, 0x02, 0x00, 0x05, 0x0f, 0xc8, 0x00, 0x8d, 0x0f, 0xa0, 0x00, 0xff, 0x26, 0x0f,
  0xf0, 0x01, 0x05, 0x0c, 0x02, 0x00, 0x0f, 0x60, 0x01, 0xff, 0x26, 0x0f, 0x38, 0x01, 0x6d, 0x04,
  0x90, 0x04, 0x04, 0x08, 0x00, 0x0f, 0x18, 0x06, 0x0d, 0x0c, 0x20, 0x00, 0x0c, 0x78, 0x07, 0x0c,
  0xb8, 0x05, 0x0f, 0x00, 0x06, 0x0d, 0x04, 0x30, 0x00, 0x04, 0x28, 0x00, 0x0f, 0x4c, 0x05, 0x0d,
  0x04, 0x30, 0x00, 0x0f, 0x08, 0x00, 0x85, 0x04, 0xd0, 0x01, 0x04, 0x50, 0x01, 0x04, 0x08, 0x00,
  0x0c, 0x38, 0x01, 0x0f, 0x10, 0x00, 0x0d, 0x0f, 0xe0, 0x00, 0x35, 0x04, 0x58, 0x01, 0x0f, 0x50,
  0x00, 0x05, 0x04, 0x78, 0x07, 0x04, 0x08, 0x00, 0x0f, 0x28, 0x00, 0x05, 0x0c, 0x18, 0x00, 0x0f,
  0xa8, 0x01, 0x0d, 0x0f, 0x20, 0x00, 0x45, 0x0f, 0x80, 0x07, 0xff, 0xff, 0xff, 0xff, 0xff, 0xff,
  0x1b, 0x0f, 0x88, 0x07, 0x2d, 0x0c, 0xf0, 0x06, 0x0f, 0x10, 0x00, 0x3d, 0x04, 0x70, 0x07, 0x0f,
  0x08, 0x00, 0x05, 0x0f, 0x70, 0x00, 0x05, 0x04, 0x00, 0x07, 0x0f, 0x20, 0x00, 0x05, 0x0f, 0x18,
  0x00, 0x0d, 0x0c, 0x70, 0x00, 0x0f, 0x30, 0x00, 0x0d, 0x04, 0x20, 0x00, 0x04, 0x78, 0x00, 0x0c,
  0x08, 0x00, 0x04, 0x20, 0x00, 0x0f, 0x08, 0x00, 0x05, 0x04, 0x00, 0x09, 0x04, 0x08, 0x00, 0x04,
  0x98, 0x01, 0x0f, 0x08, 0x00, 0x95, 0x0c, 0xe8, 0x0c, 0x0f, 0x02, 0x00, 0x05, 0x0f, 0xd0, 0x00,
  0x95, 0x0f, 0xa8, 0x00, 0xad, 0x0f, 0x80, 0x01, 0x65, 0x0f, 0x78, 0x00, 0x65, 0x0f, 0xb0, 0x01,
  0xad, 0x0f, 0xc0, 0x00, 0x8d, 0x04, 0x98, 0x04, 0x04, 0x08, 0x00, 0x0f, 0x98, 0x0d, 0x0d, 0x0c,
  0x20, 0x00, 0x0f, 0xf8, 0x04, 0x05, 0x0f, 0x18, 0x00, 0x15, 0x04, 0xa0, 0x0d, 0x0c, 0x08, 0x00,
  0x0f, 0x40, 0x00, 0x05, 0x0f, 0x58, 0x0d, 0x1d, 0x0f, 0x48, 0x00, 0x05, 0x0f, 0x18, 0x00, 0x45,
  0x0c, 0xf0, 0x01, 0x04, 0x58, 0x01, 0x04, 0x08, 0x00, 0x0c, 0x40, 0x01, 0x0f, 0x10, 0x00, 0x05,
  0x0f, 0xa0, 0x00, 0x45, 0x04, 0x58, 0x00, 0x0c, 0x08, 0x07, 0x0c, 0x10, 0x00, 0x04, 0x28, 0x00,
  0x0c, 0x08, 0x00, 0x04, 0x00, 0x07, 0x0c, 0x18, 0x00, 0x0f, 0x10, 0x00, 0x15, 0x0f, 0x68, 0x00,
  0x15, 0x0c, 0x50, 0x00, 0x04, 0x78, 0x00, 0x0c, 0x08, 0x00, 0x0c, 0x28, 0x00, 0x0c, 0x10, 0x00,
  0x04, 0x78, 0x01, 0x04, 0x08, 0x00, 0x0c, 0xa0, 0x01, 0x0f, 0x10, 0x00, 0x8d, 0x0f, 0x78, 0x05,
  0x05, 0x0c, 0x02, 0x00, 0x0f, 0xc8, 0x00, 0x8d, 0x0f, 0xa0, 0x00, 0xb5, 0x0c, 0x78, 0x01, 0x04,
  0x02, 0x00, 0x0f, 0xe0, 0x00, 0x4d, 0x04, 0x68, 0x00, 0x0c, 0x02, 0x00, 0x0f, 0x78, 0x00, 0x4d,
  0x0f, 0x60, 0x00, 0xff, 0x4e, 0x04, 0x98, 0x04, 0x04, 0x08, 0x00, 0x0f, 0x10, 0x06, 0x05, 0x0f,
  0x18, 0x00, 0x05, 0x0c, 0xf0, 0x04, 0x0f, 0x10, 0x00, 0x1d, 0x0c, 0x78, 0x07, 0x04, 0x10, 0x00,
  0x0f, 0x48, 0x00, 0x05, 0x0f, 0x80, 0x07, 0xff, 0x66, 0x0c, 0xf8, 0x06, 0x04, 0x10, 0x00, 0x0f,
  0xa8, 0x01, 0x05, 0x0c, 0x18, 0x00, 0x0c, 0x78, 0x07, 0x0c, 0x10, 0x00, 0x0c, 0x30, 0x00, 0x0f,
  0x10, 0x00, 0x05, 0x0f, 0x78, 0x00, 0x1d, 0x04, 0xd8, 0x02, 0x04, 0x08, 0x00, 0x0f, 0x50, 0x04,
  0x9d, 0x0c, 0x70, 0x05, 0x0f, 0x02, 0x00, 0x05, 0x0f, 0xd8, 0x00, 0x9d, 0x0f, 0xb0, 0x00, 0x9d,
  0x0f, 0x78, 0x01, 0x05, 0x0c, 0x02, 0x00, 0x0f, 0xd8, 0x00, 0x9d, 0x0f, 0xb0, 0x00, 0xff, 0x6e,
  0x04, 0x98, 0x04, 0x04, 0x08, 0x00, 0x0f, 0x68, 0x07, 0x05, 0x0f, 0x18, 0x00, 0x05, 0x0f, 0x28,
  0x05, 0x05, 0x0f, 0x18, 0x00, 0x1d, 0x0f, 0x78, 0x07, 0x0d, 0x0f, 0xb0, 0x05, 0x25, 0x0f, 0xb0,
  0x07, 0x1d, 0x0f, 0x30, 0x00, 0x2d, 0x0c, 0xd0, 0x02, 0x04, 0x58, 0x01, 0x04, 0x08, 0x00, 0x0f,
  0x48, 0x01, 0x05, 0x0c, 0x18, 0x00, 0x0f, 0x40, 0x01, 0x1d, 0x0f, 0x30, 0x00, 0x1d, 0x0c, 0x50,
  0x01, 0x0c, 0x10, 0x00, 0x0c, 0x50, 0x00, 0x04, 0xf8, 0x06, 0x0c, 0x08, 0x00, 0x0c, 0x28, 0x00,
  0x0f, 0x10, 0x00, 0x05, 0x0c, 0x60, 0x00, 0x0c, 0x10, 0x00, 0x0f, 0x38, 0x00, 0x05, 0x0c, 0x18,
  0x00, 0x04, 0x80, 0x00, 0x0c, 0x18, 0x00, 0x0f, 0x10, 0x00, 0x05, 0x04, 0x78, 0x01, 0x04, 0x08,
  0x00, 0x0c, 0xa0, 0x01, 0x0f, 0x10, 0x00, 0x8d, 0x0c, 0xe0, 0x05, 0x0f, 0x02, 0x00, 0x05, 0x0f,
  0xc8, 0x00, 0x8d, 0x0f, 0xa0, 0x00, 0xad, 0x0f, 0x78, 0x01, 0x05, 0x0c, 0x02, 0x00, 0x0f, 0xe8,
  0x00, 0xad, 0x0f, 0xc0, 0x00, 0xff, 0x5e, 0x04, 0x98, 0x04, 0x04, 0x08, 0x00, 0x0c, 0x08, 0x06,
  0x0f, 0x10, 0x00, 0x0d, 0x0f, 0xf8, 0x04, 0x05, 0x0f, 0x18, 0x00, 0x1d, 0x0f, 0x80, 0x07, 0xfd,
  0x04, 0x78, 0x01, 0x0f, 0x48, 0x01, 0x1d, 0x0f, 0x30, 0x00, 0x1d, 0x0f, 0x08, 0x07, 0x1d, 0x0f,
  0x00, 0x07, 0x1d, 0x04, 0x90, 0x00, 0x0c, 0x68, 0x00, 0x0c, 0x10, 0x00, 0x04, 0x28, 0x00, 0x0f,
  0x08, 0x00, 0x3d, 0x04, 0xd8, 0x02, 0x04, 0x08, 0x00, 0x0f, 0x60, 0x04, 0xa5, 0x0c, 0xe8, 0x05,
  0x04, 0x02, 0x00, 0x0f, 0xd0, 0x00, 0xa5, 0x0f, 0xb8, 0x00, 0x9d, 0x04, 0x70, 0x01, 0x0f, 0x02,
  0x00, 0x0d, 0x0f, 0xd8, 0x00, 0x9d, 0x0f, 0xb0, 0x00, 0xff, 0x76, 0x04, 0xa0, 0x04, 0x04, 0x08,
  0x00, 0x04, 0x00, 0x06, 0x0f, 0x08, 0x00, 0x0d, 0x0f, 0x30, 0x05, 0x3d, 0x0c, 0x50, 0x00, 0x0c,
  0xa8, 0x05, 0x0c, 0x10, 0x00, 0x0c, 0x30, 0x00, 0x04, 0x10, 0x00, 0x0f, 0x28, 0x06, 0x25, 0x04,
  0x40, 0x00, 0x0f, 0x68, 0x00, 0x15, 0x04, 0x30, 0x00, 0x04, 0x08, 0x00, 0x0c, 0xd0, 0x02, 0x04,
  0x50, 0x01, 0x04, 0x08, 0x00, 0x0f, 0x50, 0x01, 0x0d, 0x0c, 0x20, 0x00, 0x04, 0x58, 0x00, 0x0f,
  0x08, 0x00, 0x45, 0x0f, 0xe8, 0x00, 0x1d, 0x0f, 0x58, 0x01, 0x25, 0x0c, 0x68, 0x00, 0x0c, 0x10,
  0x00, 0x0f, 0xe0, 0x00, 0x45, 0x04, 0x78, 0x01, 0x04, 0x08, 0x00, 0x0c, 0xa0, 0x01, 0x0f, 0x10,
  0x00, 0x95, 0x0f, 0xf8, 0x05, 0x05, 0x0f, 0xc0, 0x00, 0x95, 0x0f, 0xa8, 0x00, 0xad, 0x0f, 0x80,
  0x01, 0x05, 0x0c, 0x02, 0x00, 0x0f, 0xe8, 0x00, 0xad, 0x0f, 0xc0, 0x00, 0xff, 0x66, 0x04, 0xa0,
  0x04, 0x04, 0x08, 0x00, 0x0c, 0x08, 0x06, 0x0f, 0x10, 0x00, 0x05, 0x0f, 0x38, 0x05, 0x45, 0x04,
  0x58, 0x00, 0x0c, 0xa8, 0x05, 0x0c, 0x10, 0x00, 0x04, 0x28, 0x00, 0x0c, 0x08, 0x00, 0x0f, 0x28,
  0x06, 0x25, 0x04, 0x48, 0x00, 0x0f, 0x68, 0x00, 0x15, 0x04, 0x30, 0x00, 0x04, 0x08, 0x00, 0x0f,
  0xc0, 0x02, 0x05, 0x04, 0x58, 0x01, 0x04, 0x08, 0x00, 0x0f, 0x50, 0x01, 0x05, 0x0c, 0x18, 0x00,
  0x04, 0x58, 0x00, 0x0f, 0x08, 0x00, 0xb5, 0x0f, 0x58, 0x01, 0x25, 0x0f, 0x00, 0x01, 0x1d, 0x04,
  0x68, 0x01, 0x04, 0x08, 0x00, 0x0f, 0x98, 0x01, 0x05, 0x0f, 0x18, 0x00, 0xff, 0xff, 0x17, 0x0c,
  0x68, 0x07, 0x0f, 0x02, 0x00, 0x05, 0x0f, 0x50, 0x02, 0xff, 0xff, 0x17, 0x0c, 0x28, 0x02, 0x04,
  0xa8, 0x04, 0x04, 0x08, 0x00, 0x0c, 0x08, 0x06, 0x0f, 0x10, 0x00, 0x05, 0x0f, 0x18, 0x05, 0x1d,
  0x0f, 0x30, 0x00, 0x1d, 0x0c, 0xb0, 0x05, 0x0c, 0x10, 0x00, 0x0c, 0x50, 0x00, 0x04, 0x78, 0x07,
  0x0c, 0x08, 0x00, 0x0c, 0x28, 0x00, 0x0f, 0x10, 0x00, 0x05, 0x0c, 0x60, 0x00, 0x0c, 0x10, 0x00,
  0x0f, 0x38, 0x00, 0x05, 0x04, 0x18, 0x00, 0x0c, 0x58, 0x01, 0x04, 0x10, 0x00, 0x04, 0x58, 0x01,
  0x04, 0x08, 0x00, 0x0f, 0x50, 0x01, 0x05, 0x0c, 0x18, 0x00, 0x04, 0x58, 0x00, 0x0f, 0x08, 0x00,
  0xb5, 0x0f, 0x50, 0x01, 0x1d, 0x0f, 0xf8, 0x00, 0x25, 0x04, 0x68, 0x01, 0x04, 0x08, 0x00, 0x04,
  0x88, 0x01, 0x0f, 0x08, 0x00, 0xff, 0xff, 0x27, 0x0f, 0x70, 0x07, 0x05, 0x0c, 0x02, 0x00, 0x0f,
  0x60, 0x02, 0xff, 0xff, 0x27, 0x04, 0xa8, 0x04, 0x04, 0x08, 0x00, 0x0c, 0x08, 0x06, 0x0f, 0x10,
  0x00, 0x05, 0x0f, 0x20, 0x05, 0x25, 0x0f, 0x38, 0x00, 0x15, 0x0c, 0xb0, 0x05, 0x0c, 0x10, 0x00,
  0x0c, 0x48, 0x00, 0x0c, 0x78, 0x07, 0x04, 0x10, 0x00, 0x0c, 0x28, 0x00, 0x0f, 0x10, 0x00, 0x05,
  0x0c, 0x60, 0x00, 0x0c, 0x10, 0x00, 0x0f, 0x38, 0x00, 0x05, 0x04, 0x18, 0x00, 0x0f, 0x80, 0x03,
  0x05, 0x04, 0x58, 0x01, 0x0c, 0x08, 0x00, 0x0f, 0x58, 0x01, 0x05, 0x0c, 0x18, 0x00, 0x04, 0x60,
  0x00, 0x0f, 0x08, 0x00, 0xff, 0x0e, 0x0c, 0x60, 0x01, 0x04, 0x10, 0x00, 0x0f, 0x98, 0x01, 0x05,
  0x0f, 0x18, 0x00, 0xff, 0xff, 0x1f, 0x0c, 0x70, 0x07, 0x04, 0x02, 0x00, 0x0f, 0x48, 0x02, 0xff,
  0xff, 0x1f, 0x0c, 0x30, 0x02, 0x04, 0xa8, 0x04, 0x04, 0x08, 0x00, 0x0c, 0x00, 0x06, 0x0f, 0x10,
  0x00, 0x0d, 0x0f, 0x18, 0x06, 0x4d, 0x0f, 0x08, 0x07, 0x1d, 0x0f, 0x78, 0x07, 0x1d, 0x04, 0xc0,
  0x00, 0x0c, 0x68, 0x00, 0x0c, 0x10, 0x00, 0x04, 0x28, 0x00, 0x0f, 0x08, 0x00, 0x05, 0x0c, 0x58,
  0x01, 0x04, 0x10, 0x00, 0x04, 0x58, 0x01, 0x0c, 0x08, 0x00, 0x0f, 0x58, 0x01, 0x0d, 0x04, 0x20,
  0x00, 0x0f, 0x70, 0x00, 0x05, 0x0f, 0x18, 0x00, 0xfd, 0x0c, 0x60, 0x01, 0x04, 0x10, 0x00, 0x04,
  0x88, 0x01, 0x0f, 0x08, 0x00, 0xff, 0xff, 0x2f, 0x04, 0x70, 0x07, 0x0c, 0x02, 0x00, 0x0f, 0x58,
  0x02, 0xff, 0xff, 0x2f, 0x04, 0xa8, 0x04, 0x04, 0x08, 0x00, 0x04, 0xf8, 0x05, 0x0f, 0x08, 0x00,
  0x15, 0x0f, 0x08, 0x06, 0x4d, 0x0f, 0x08, 0x07, 0x1d, 0x0f, 0x80, 0x07, 0x7d, 0x04, 0xa0, 0x03,
  0x04, 0x60, 0x01, 0x04, 0x08, 0x00, 0x0f, 0x60, 0x01, 0x75, 0x0f, 0xc0, 0x01, 0x4d, 0x0f, 0x60,
  0x00, 0x45, 0x0c, 0x30, 0x36, 0x04, 0x58, 0x01, 0x04, 0x08, 0x00, 0x04, 0x78, 0x01, 0x0f, 0x08,
  0x00, 0xff, 0xff, 0xff, 0xff, 0x99, 0x04, 0xb8, 0x04, 0x04, 0x08, 0x00, 0x0f, 0x20, 0x06, 0xe5,
  0x0f, 0xf0, 0x07, 0x1d, 0x04, 0x60, 0x06, 0x0f, 0xe8, 0x05, 0x0d, 0x04, 0x58, 0x01, 0x04, 0x08,
  0x00, 0x0f, 0x60, 0x01, 0xe5, 0x04, 0x30, 0x01, 0x0f, 0x08, 0x00, 0x2d, 0x0f, 0x80, 0x07, 0xff,
  0xff, 0xff, 0xff, 0xff, 0xff, 0x23, 0x04, 0xa0, 0x07, 0x0f, 0x80, 0x07, 0x1d, 0x0c, 0xa8, 0x07,
  0x0f, 0xb8, 0x06, 0x2d, 0x0f, 0x40, 0x00, 0xa5, 0x04, 0xd8, 0x10, 0x04, 0x78, 0x07, 0x04, 0xc8,
  0x00, 0x04, 0x50, 0x01, 0x04, 0x08, 0x00, 0x04, 0x68, 0x01, 0x0f, 0x08, 0x00, 0xff, 0xff, 0xff,
  0xe0, 0x0c, 0x18, 0x18, 0x04, 0x02, 0x00, 0x0f, 0x08, 0x04, 0x95, 0x04, 0xc0, 0x04, 0x0c, 0x08,
  0x00, 0x0c, 0x00, 0x06, 0x0f, 0x10, 0x00, 0x05, 0x04, 0x10, 0x05, 0x0f, 0x08, 0x00, 0xe5, 0x0f,
  0xe8, 0x01, 0x15, 0x04, 0x60, 0x01, 0x0f, 0x48, 0x01, 0x05, 0x0f, 0x18, 0x00, 0x0d, 0x0f, 0x60,
  0x01, 0xe5, 0x0f, 0x80, 0x07, 0xff, 0xff, 0xff, 0xff, 0xff, 0xff, 0x33, 0x04, 0x78, 0x07, 0x04,
  0x08, 0x00, 0x0f, 0x68, 0x07, 0x0d, 0x0f, 0x20, 0x00, 0x1d, 0x0f, 0x98, 0x07, 0xbd, 0x04, 0xe8,
  0x0e, 0x04, 0x78, 0x07, 0x0c, 0x08, 0x00, 0x0c, 0xf0, 0x00, 0x04, 0x58, 0x01, 0x0f, 0x08, 0x00,
  0x05, 0x0f, 0x20, 0x09, 0x15, 0x0f, 0x28, 0x00, 0xff, 0xff, 0xff, 0xa0, 0x04, 0xe8, 0x0e, 0x0f,
  0x02, 0x00, 0x0d, 0x0f, 0xd8, 0x03, 0x95, 0x0c, 0xc0, 0x04, 0x0f, 0x08, 0x06, 0x15, 0x0c, 0x10,
  0x05, 0x0f, 0x10, 0x00, 0xdd, 0x0f, 0xe0, 0x01, 0x0d, 0x0f, 0x58, 0x01, 0x25, 0x0f, 0x80, 0x01,
  0xe5, 0x0f, 0x80, 0x07, 0xff, 0xff, 0xff, 0xff, 0xff, 0xff, 0x33, 0x0c, 0x70, 0x07, 0x0c, 0x10,
  0x00, 0x0f, 0x58, 0x07, 0x15, 0x0f, 0x28, 0x00, 0x15, 0x0f, 0xf0, 0x08, 0xad, 0x04, 0x70, 0x07,
  0x04, 0x08, 0x00, 0x0c, 0xd0, 0x00, 0x04, 0x00, 0x0f, 0x0c, 0x18, 0x00, 0x04, 0x10, 0x00, 0x0c,
  0x60, 0x01, 0x0f, 0x10, 0x00, 0x0d, 0x0f, 0x30, 0x09, 0x0d, 0x0f, 0x20, 0x00, 0xff, 0xff, 0xff,
  0x98, 0x0f, 0xf8, 0x0e, 0x0d, 0x04, 0x02, 0x00, 0x0f, 0xd0, 0x03, 0x9d, 0x04, 0xc0, 0x04, 0x0f,
  0x00, 0x06, 0x15, 0x0c, 0x28, 0x00, 0x04, 0x18, 0x05, 0x0f, 0x08, 0x00, 0xd5, 0x0c, 0xe0, 0x01,
  0x04, 0x40, 0x01, 0x0f, 0x08, 0x00, 0x05, 0x0c, 0x30, 0x01, 0x0f, 0x10, 0x00, 0x2d, 0x0f, 0x68,
  0x01, 0xad, 0x04, 0x78, 0x07, 0x04, 0x08, 0x00, 0x0c, 0xd0, 0x00, 0x0f, 0x80, 0x07, 0xff, 0xff,
  0xff, 0xff, 0xff, 0xff, 0x13, 0x0f, 0x68, 0x07, 0x05, 0x04, 0x18, 0x00, 0x0f, 0x60, 0x07, 0x2d,
  0x0f, 0x40, 0x00, 0x05, 0x0c, 0xa8, 0x06, 0x0f, 0x10, 0x00, 0x95, 0x04, 0x68, 0x07, 0x0f, 0xc8,
  0x90, 0x0d, 0x0f, 0xd0, 0x00, 0x25, 0x04, 0x78, 0x01, 0x0f, 0x08, 0x00, 0x15, 0x0c, 0x40, 0x09,
  0x0f, 0x10, 0x00, 0xff, 0xff, 0xff, 0x98, 0x04, 0xe0, 0x0e, 0x0f, 0x02, 0x00, 0x0d, 0x0f, 0xd0,
  0x03, 0x95, 0x0c, 0xb0, 0x04, 0x0f, 0xf8, 0x05, 0x05, 0x0f, 0x18, 0x00, 0x25, 0x0f, 0x50, 0x05,
  0x25, 0x0f, 0x38, 0x00, 0x85, 0x04, 0x48, 0x06, 0x0c, 0x38, 0x01, 0x0c, 0x10, 0x00, 0x0f, 0x30,
  0x01, 0x25, 0x0f, 0x38, 0x00, 0x0d, 0x0f, 0x18, 0x01, 0x85, 0x0f, 0x98, 0x00, 0x0d, 0x04, 0x38,
  0x01, 0x0f, 0x80, 0x07, 0xff, 0xff, 0xff, 0xff, 0xff, 0xff, 0x4b, 0x0f, 0x38, 0x07, 0x0d, 0x0f,
  0x20, 0x00, 0x25, 0x0f, 0xd8, 0x06, 0x0d, 0x0f, 0x20, 0x00, 0x85, 0x04, 0x70, 0x07, 0x04, 0x08,
  0x00, 0x0c, 0x78, 0x07, 0x0c, 0x10, 0x00, 0x0f, 0xc8, 0x00, 0x3d, 0x0c, 0x10, 0x09, 0x0f, 0x10,
  0x00, 0x0d, 0x0f, 0x30, 0x0b, 0x95, 0x0f, 0xa8, 0x00, 0xff, 0xff, 0xf7, 0x0f, 0x00, 0x0f, 0x05,
  0x0f, 0x20, 0x03, 0x8d, 0x0f, 0x88, 0x04, 0x0d, 0x0f, 0x28, 0x06, 0x25, 0x0f, 0x38, 0x00, 0x05,
  0x0f, 0x58, 0x05, 0x3d, 0x0f, 0x50, 0x00, 0x5d, 0x04, 0x40, 0x06, 0x04, 0x08, 0x00, 0x04, 0x80,
  0x00, 0x0c, 0x48, 0x01, 0x0f, 0x00, 0x01, 0x05, 0x0f, 0x18, 0x00, 0x2d, 0x04, 0x70, 0x00, 0x0f,
  0x08, 0x00, 0x9d, 0x04, 0x30, 0x01, 0x04, 0x08, 0x00, 0x0c, 0x70, 0x07, 0x0c, 0x10, 0x00, 0x0f,
  0xe0, 0x00, 0x3d, 0x0c, 0xa0, 0x01, 0x0f, 0x10, 0x00, 0x0d, 0x0f, 0xb8, 0x03, 0x8d, 0x0f, 0xa0,
  0x00, 0xff, 0xff, 0xff, 0x00, 0x0f, 0x80, 0x07, 0xff, 0xee, 0x0f, 0x58, 0x07, 0x2d, 0x04, 0x40,
  0x00, 0x0f, 0x78, 0x06, 0x3d, 0x0f, 0x50, 0x00, 0x65, 0x04, 0x68, 0x07, 0x04, 0x08, 0x00, 0x0c,
  0x88, 0x00, 0x0c, 0x70, 0x07, 0x0c, 0x10, 0x00, 0x0c, 0x30, 0x00, 0x0f, 0x10, 0x00, 0x3d, 0x0f,
  0x80, 0x07, 0x0d, 0x0c, 0x20, 0x00, 0x0f, 0xf0, 0x06, 0xff, 0xff, 0xff, 0x00, 0x0f, 0x10, 0x03,
  0xff, 0x26, 0x0c, 0x58, 0x04, 0x0c, 0x10, 0x00, 0x04, 0x08, 0x06, 0x0f, 0x08, 0x00, 0x3d, 0x0f,
  0x40, 0x05, 0x3d, 0x0f, 0x50, 0x00, 0x55, 0x04, 0x40, 0x06, 0x0f, 0x20, 0x06, 0x0d, 0x0f, 0x30,
  0x01, 0x35, 0x0f, 0xd8, 0x00, 0x55, 0x0f, 0x68, 0x00, 0x4d, 0x04, 0x38, 0x01, 0x04, 0x08, 0x00,
  0x0c, 0x70, 0x00, 0x0c, 0x50, 0x01, 0x0c, 0x10, 0x00, 0x0c, 0x30, 0x00, 0x0f, 0x10, 0x00, 0x3d,
  0x0c, 0xf8, 0x02, 0x0f, 0x10, 0x00, 0x0d, 0x0f, 0x70, 0x04, 0xff, 0x26, 0x0f, 0x38, 0x01, 0xff,
  0xff, 0xff, 0x00, 0x0f, 0x68, 0x04, 0x0d, 0x0f, 0x48, 0x06, 0x35, 0x0c, 0x48, 0x00, 0x0f, 0x40,
  0x05, 0x3d, 0x0f, 0x50, 0x00, 0x55, 0x04, 0x40, 0x06, 0x0f, 0x20, 0x06, 0x0d, 0x0c, 0xf0, 0x00,
  0x0f, 0x10, 0x00, 0x0d, 0x0f, 0xc0, 0x00, 0x55, 0x0f, 0x68, 0x00, 0x55, 0x04, 0x28, 0x01, 0x04,
  0x08, 0x00, 0x0f, 0x78, 0x00, 0x15, 0x0f, 0x58, 0x01, 0x0d, 0x0f, 0x48, 0x00, 0x15, 0x0f, 0x28,
  0x00, 0x25, 0x0f, 0x10, 0x03, 0x0d, 0x0c, 0x20, 0x00, 0x0f, 0x50, 0x06, 0xff, 0xff, 0xff, 0x00,
  0x0f, 0x10, 0x03, 0xff, 0x0e, 0x0c, 0x40, 0x04, 0x0c, 0x10, 0x00, 0x0f, 0x28, 0x06, 0x0d, 0x0f,
  0x20, 0x00, 0x25, 0x0f, 0x10, 0x05, 0x25, 0x0f, 0x38, 0x00, 0x6d, 0x04, 0x40, 0x06, 0x04, 0x08,
  0x00, 0x0c, 0x20, 0x06, 0x0c, 0x10, 0x00, 0x04, 0xb0, 0x00, 0x0f, 0x28, 0x01, 0x1d, 0x04, 0x38,
  0x00, 0x0f, 0x08, 0x00, 0xb5, 0x04, 0x30, 0x01, 0x04, 0x08, 0x00, 0x0f, 0xd8, 0x00, 0x15, 0x0f,
  0x50, 0x01, 0x05, 0x0f, 0x40, 0x00, 0x15, 0x0f, 0x28, 0x00, 0x2d, 0x0c, 0x10, 0x03, 0x0f, 0x10,
  0x00, 0x0d, 0x0f, 0x70, 0x04, 0xff, 0x0e, 0x0f, 0x20, 0x01, 0xff, 0xff, 0xff, 0x00, 0x0f, 0x50,
  0x04, 0x0d, 0x0f, 0x38, 0x06, 0x1d, 0x0f, 0x30, 0x00, 0x15, 0x0f, 0x18, 0x05, 0x2d, 0x0f, 0x40,
  0x00, 0x65, 0x04, 0x40, 0x06, 0x04, 0x08, 0x00, 0x0c, 0x20, 0x06, 0x0c, 0x10, 0x00, 0x04, 0xa8,
  0x00, 0x0f, 0x18, 0x01, 0xcd, 0x04, 0xe8, 0x00, 0x04, 0x08, 0x00, 0x04, 0x20, 0x01, 0x04, 0x08,
  0x00, 0x04, 0x18, 0x00, 0x0f, 0x08, 0x00, 0xbd, 0x0f, 0x40, 0x03, 0x05, 0x0f, 0x68, 0x06, 0xff,
  0xff, 0xff, 0x00, 0x0f, 0x10, 0x03, 0xf5, 0x0f, 0x30, 0x04, 0x05, 0x04, 0x18, 0x00, 0x0f, 0x28,
  0x06, 0x15, 0x0f, 0x28, 0x00, 0x0d, 0x0f, 0x68, 0x05, 0xb5, 0x04, 0x40, 0x06, 0x04, 0x08, 0x00,
  0x0c, 0xd8, 0x00, 0x0c, 0x70, 0x07, 0x0c, 0x10, 0x00, 0x04, 0x30, 0x00, 0x0f, 0x30, 0x01, 0x0d,
  0x04, 0x20, 0x00, 0x04, 0x30, 0x00, 0x0f, 0x08, 0x00, 0xad, 0x04, 0x30, 0x01, 0x04, 0x08, 0x00,
  0x0f, 0xd0, 0x00, 0xad, 0x0f, 0xc0, 0x00, 0x05, 0x04, 0x38, 0x03, 0x0c, 0x08, 0x00, 0x0f, 0x70,
  0x04, 0xf5, 0x0f, 0x08, 0x01, 0xff, 0xff, 0xff, 0x00, 0x0c, 0x28, 0x04, 0x0c, 0x10, 0x00, 0x04,
  0x08, 0x06, 0x0f, 0x08, 0x00, 0x2d, 0x0f, 0xb0, 0x04, 0x05, 0x0f, 0x18, 0x00, 0x9d, 0x04, 0x40,
  0x06, 0x04, 0x08, 0x00, 0x0c, 0xc0, 0x00, 0x0c, 0x70, 0x07, 0x0c, 0x10, 0x00, 0x04, 0x30, 0x00,
  0x0f, 0x50, 0x01, 0x0d, 0x04, 0x28, 0x00, 0x0f, 0x08, 0x00, 0xa5, 0x04, 0x20, 0x01, 0x04, 0x08,
  0x00, 0x0c, 0xc8, 0x00, 0x0f, 0xc8, 0xb5, 0x0d, 0x0c, 0x30, 0x00, 0x0f, 0x10, 0x00, 0x9d, 0x0c,
  0x48, 0x03, 0x04, 0x10, 0x00, 0x0f, 0x80, 0x06, 0xff, 0xff, 0xff, 0x00, 0x0f, 0x10, 0x03, 0xe5,
  0x04, 0x10, 0x04, 0x0c, 0x08, 0x00, 0x0f, 0x18, 0x06, 0x0d, 0x0f, 0x20, 0x00, 0x0d, 0x0f, 0x28,
  0x05, 0x9d, 0x0f, 0xb0, 0x00, 0x0d, 0x04, 0x40, 0x06, 0x04, 0x08, 0x00, 0x0f, 0x30, 0x00, 0x0d,
  0x04, 0x20, 0x00, 0x0f, 0x78, 0x07, 0x05, 0x04, 0x20, 0x00, 0x0f, 0x48, 0x01, 0xcd, 0x04, 0x30,
  0x01, 0x04, 0x08, 0x00, 0x04, 0xf8, 0x00, 0x04, 0x08, 0x00, 0x0f, 0x80, 0x07, 0xff, 0xff, 0xff,
  0xff, 0xff, 0xff, 0x8b, 0x04, 0xa0, 0x06, 0x0f, 0x08, 0x00, 0x95, 0x04, 0x60, 0x07, 0x0c, 0x08,
  0x00, 0x0f, 0xc0, 0x00, 0x05, 0x04, 0x78, 0x07, 0x0c, 0x08, 0x00, 0x0f, 0x30, 0x00, 0x05, 0x0f,
  0x18, 0x00, 0xad, 0x0c, 0xe0, 0x0a, 0x04, 0x10, 0x00, 0x0f, 0xf8, 0x0b, 0xe5, 0x0f, 0xf8, 0x00,
  0xff, 0xff, 0xef, 0x04, 0x00, 0x04, 0x0c, 0x08, 0x00, 0x0f, 0x90, 0x0d, 0x0d, 0x0f, 0x20, 0x00,
  0x0d, 0x0f, 0x28, 0x05, 0xad, 0x04, 0xc0, 0x00, 0x0f, 0x48, 0x06, 0x15, 0x04, 0x30, 0x00, 0x0f,
  0x08, 0x00, 0x25, 0x0f, 0x50, 0x01, 0x05, 0x0f, 0x50, 0x00, 0x25, 0x0f, 0x38, 0x00, 0x65, 0x0c,
  0x30, 0x01, 0x04, 0x10, 0x00, 0x0f, 0x90, 0x00, 0x05, 0x0c, 0x78, 0x07, 0x04, 0x10, 0x00, 0x0f,
  0x30, 0x00, 0x05, 0x0f, 0x18, 0x00, 0xad, 0x0c, 0x68, 0x03, 0x04, 0x10, 0x00, 0x0f, 0x88, 0x06,
  0xff, 0xff, 0xef, 0x0f, 0x00, 0x03, 0xe5, 0x04, 0x00, 0x04, 0x0c, 0x08, 0x00, 0x0f, 0x10, 0x06,
  0x05, 0x0f, 0x18, 0x00, 0x15, 0x0f, 0x28, 0x05, 0xad, 0x04, 0xc0, 0x00, 0x04, 0x40, 0x06, 0x04,
  0x08, 0x00, 0x04, 0x18, 0x00, 0x0f, 0x08, 0x00, 0x3d, 0x0f, 0x58, 0x01, 0x05, 0x0f, 0x68, 0x00,
  0x3d, 0x0f, 0x50, 0x00, 0x35, 0x04, 0x10, 0x01, 0x0c, 0x08, 0x00, 0x0f, 0x60, 0x00, 0x25, 0x0f,
  0x78, 0x07, 0x85, 0x3f, 0x26, 0x71, 0xdf, 0x04, 0x00, 0x02, 0x0f, 0xe8, 0x00, 0x25, 0x04, 0x38,
  0x00, 0x0c, 0x70, 0x03, 0x04, 0x10, 0x00, 0x0f, 0x88, 0x04, 0xe5, 0x0f, 0xf8, 0x00, 0xff, 0xff,
  0xdf, 0x04, 0xf0, 0x03, 0x0c, 0x08, 0x00, 0x0f, 0x08, 0x06, 0x05, 0x0f, 0x18, 0x00, 0x15, 0x04,
  0x60, 0x04, 0x0f, 0x08, 0x00, 0xa5, 0x0f, 0x50, 0x06, 0x0d, 0x0f, 0x28, 0x06, 0x45, 0x0f, 0x60,
  0x01, 0x05, 0x0f, 0x48, 0x01, 0x85, 0x0c, 0x28, 0x01, 0x04, 0x10, 0x00, 0x0f, 0xb0, 0x00, 0x25,
  0x0f, 0x58, 0x01, 0x45, 0x0f, 0x90, 0x00, 0x25, 0x04, 0x38, 0x00, 0x0f, 0x7c, 0x07, 0x01, 0x0f,
  0x80, 0x07, 0xff, 0xff, 0xff, 0xff, 0xff, 0xd6, 0x04, 0x00, 0x06, 0x0f, 0x08, 0x00, 0x65, 0x04,
  0x50, 0x07, 0x0f, 0x08, 0x00, 0x05, 0x0f, 0x68, 0xad, 0x25, 0x0f, 0xd0, 0x00, 0x65, 0x0f, 0x78,
  0x00, 0x1d, 0x0f, 0x78, 0x07, 0x05, 0x0c, 0x18, 0x00, 0x0f, 0x58, 0x00, 0x1d, 0x0c, 0x30, 0x00,
  0x0c, 0x00, 0x0b, 0x04, 0x10, 0x00, 0x0f, 0x10, 0x0e, 0xff, 0xff, 0xdf, 0x0f, 0xf0, 0x02, 0xd5,
  0x04, 0xe0, 0x03, 0x0c, 0x08, 0x00, 0x0f, 0x80, 0x0d, 0x05, 0x0f, 0x18, 0x00, 0x15, 0x0c, 0x58,
  0x04, 0x0f, 0x10, 0x00, 0x8d, 0x0f, 0x58, 0x06, 0x05, 0x0f, 0xb8, 0x00, 0x05, 0x04, 0xa0, 0x0d,
  0x0c, 0x08, 0x00, 0x0f, 0x30, 0x00, 0x05, 0x0f, 0x18, 0x00, 0x1d, 0x0c, 0x68, 0x01, 0x0f, 0x40,
  0x00, 0x1d, 0x0f, 0x30, 0x00, 0x3d, 0x0f, 0x20, 0x01, 0x05, 0x04, 0x18, 0x00, 0x0f, 0x80, 0x07,
  0xff, 0xff, 0xff, 0xff, 0xff, 0xff, 0xeb, 0x04, 0x00, 0x07, 0x0f, 0x08, 0x00, 0x4d, 0x0f, 0xd0,
  0x07, 0x05, 0x0c, 0x78, 0x07, 0x0c, 0x10, 0x00, 0x0f, 0x38, 0x00, 0x05, 0x0f, 0x18, 0x00, 0x9d,
  0x0c, 0xe8, 0x0e, 0x0f, 0x10, 0x00, 0x05, 0x0f, 0xd8, 0x00, 0x35, 0x0c, 0x10, 0x0b, 0x04, 0x10,
  0x00, 0x0f, 0x18, 0x0c, 0xd5, 0x0f, 0xe8, 0x00, 0x3d, 0x0f, 0x50, 0x6e, 0xa5, 0x0f, 0x08, 0x01,
  0x3d, 0x0f, 0x50, 0x00, 0x5d, 0x0f, 0x78, 0x01, 0xff, 0x06, 0x04, 0xd0, 0x03, 0x0c, 0x08, 0x00,
  0x0c, 0x78, 0x0d, 0x0f, 0x10, 0x00, 0x25, 0x0f, 0x88, 0x04, 0x35, 0x0f, 0x48, 0x00, 0x3d, 0x0f,
  0xa8, 0x06, 0x05, 0x0f, 0x68, 0x00, 0x25, 0x04, 0x00, 0x0f, 0x0f, 0x40, 0x00, 0x25, 0x0f, 0x38,
  0x00, 0x05, 0x0c, 0x78, 0x01, 0x0f, 0x28, 0x00, 0x05, 0x0f, 0xd0, 0x00, 0x05, 0x0f, 0x18, 0x00,
  0x3d, 0x0f, 0x80, 0x00, 0x05, 0x0c, 0x70, 0x07, 0x0c, 0x10, 0x00, 0x0f, 0x38, 0x00, 0x05, 0x0f,
  0x18, 0x00, 0x9d, 0x0f, 0x70, 0x07, 0x05, 0x0c, 0x18, 0x00, 0x0f, 0xd8, 0x00, 0x35, 0x0c, 0x98,
  0x03, 0x04, 0x10, 0x00, 0x0f, 0x40, 0x05, 0x5d, 0x0f, 0x70, 0x00, 0xb5, 0x0f, 0x08, 0x06, 0xff,
  0x06, 0x0f, 0xe0, 0x01, 0x4d, 0x0f, 0x78, 0x01, 0xff, 0x06, 0x04, 0xd0, 0x03, 0x0c, 0x08, 0x00,
  0x0c, 0xf8, 0x05, 0x0f, 0x10, 0x00, 0x25, 0x0f, 0x88, 0x04, 0x35, 0x0f, 0x48, 0x00, 0x3d, 0x0f,
  0x98, 0x06, 0x05, 0x0f, 0x68, 0x00, 0x25, 0x0f, 0x80, 0x07, 0x45, 0x0f, 0xa8, 0x00, 0x05, 0x0c,
  0x18, 0x00, 0x0f, 0xb8, 0x00, 0x25, 0x0c, 0x38, 0x00, 0x0f, 0x90, 0x9c, 0x0d, 0x0c, 0x30, 0x00,
  0x04, 0x10, 0x00, 0x0c, 0x70, 0x07, 0x0c, 0x10, 0x00, 0x04, 0x28, 0x00, 0x0f, 0x08, 0x00, 0xad,
  0x0c, 0x68, 0x07, 0x0f, 0x10, 0x00, 0x05, 0x0f, 0xe8, 0x00, 0x3d, 0x0c, 0xa0, 0x03, 0x04, 0x10,
  0x00, 0x0f, 0x38, 0x05, 0x4d, 0x0f, 0x60, 0x00, 0xb5, 0x0f, 0x00, 0x06, 0x05, 0x0c, 0x02, 0x00,
  0x0f, 0xf0, 0x00, 0xb5, 0x0f, 0xc8, 0x00, 0x75, 0x0c, 0x60, 0x01, 0x0f, 0x02, 0x00, 0x05, 0x0f,
  0xb0, 0x00, 0x75, 0x0f, 0x88, 0x00, 0x55, 0x04, 0xc0, 0x03, 0x0c, 0x08, 0x00, 0x0f, 0x68, 0x07,
  0x25, 0x0c, 0x38, 0x00, 0x0f, 0x80, 0x04, 0x3d, 0x0f, 0x50, 0x00, 0x1d, 0x0c, 0xa0, 0x06, 0x0c,
  0x10, 0x00, 0x0f, 0x20, 0x06, 0x95, 0x0c, 0xb8, 0x00, 0x0f, 0x10, 0x00, 0x05, 0x0f, 0x20, 0x01,
  0x1d, 0x0f, 0x30, 0x00, 0x05, 0x0f, 0x80, 0x07, 0xff, 0xff, 0xff, 0xff, 0xff, 0xff, 0xff, 0x04,
  0x04, 0xd8, 0x08, 0x0f, 0x30, 0x07, 0x05, 0x04, 0x18, 0x00, 0x0f, 0x80, 0x0f, 0x2d, 0x04, 0x78,
  0x07, 0x0c, 0x08, 0x00, 0x04, 0x60, 0x00, 0x0f, 0x08, 0x00, 0x15, 0x0f, 0xd8, 0x08, 0x95, 0x0f,
  0xd0, 0x00, 0x15, 0x0f, 0x28, 0x00, 0x05, 0x0f, 0xf8, 0x0e, 0x55, 0x0c, 0x80, 0x00, 0x0c, 0x30,
  0x0b, 0x0f, 0xb0, 0x0b, 0x55, 0x0f, 0x68, 0x00, 0xad, 0x0f, 0x78, 0x0d, 0x05, 0x0c, 0x02, 0x00,
  0x0f, 0xe8, 0x00, 0xad, 0x0f, 0xc0, 0x00, 0x7d, 0x0c, 0x60, 0x01, 0x0f, 0x02, 0x00, 0x05, 0x0f,
  0xb8, 0x00, 0x7d, 0x0f, 0x90, 0x00, 0x45, 0x0c, 0xc0, 0x03, 0x04, 0x10, 0x00, 0x04, 0xe8, 0x05,
  0x0f, 0x08, 0x00, 0x35, 0x0c, 0x38, 0x04, 0x04, 0x10, 0x00, 0x0f, 0xc0, 0x0d, 0x05, 0x0f, 0x18,
  0x00, 0x3d, 0x04, 0x70, 0x00, 0x0c, 0x08, 0x00, 0x0c, 0x20, 0x06, 0x0c, 0x10, 0x00, 0x0c, 0x30,
  0x00, 0x0f, 0x10, 0x00, 0x6d, 0x04, 0x90, 0x01, 0x0f, 0x88, 0x00, 0x0d, 0x0f, 0x80, 0x07, 0xff,
  0xff, 0xff, 0xff, 0xff, 0xff, 0xff, 0x4c, 0x0f, 0x78, 0x07, 0x15, 0x04, 0x80, 0x07, 0x04, 0x08,
  0x00, 0x0f, 0x38, 0x00, 0x0d, 0x0f, 0x20, 0x00, 0x05, 0x04, 0x00, 0x0f, 0x0f, 0x20, 0x00, 0x05,
  0x0f, 0x18, 0x00, 0xff, 0x76, 0x04, 0x38, 0x0b, 0x04, 0x08, 0x00, 0x0f, 0xb0, 0x0b, 0x45, 0x0f,
  0x58, 0x00, 0xb5, 0x0f, 0x78, 0x0d, 0x05, 0x0c, 0x02, 0x00, 0x0f, 0xf0, 0x00, 0xb5, 0x0f, 0xc8,
  0x00, 0x75, 0x0c, 0x60, 0x01, 0x0f, 0x02, 0x00, 0x05, 0x0f, 0xb0, 0x00, 0x75, 0x0f, 0x88, 0x00,
  0x45, 0x04, 0xa8, 0x03, 0x04, 0x08, 0x00, 0x0f, 0x70, 0x0e, 0x15, 0x04, 0x90, 0x05, 0x0f, 0x30,
  0x00, 0x15, 0x0f, 0x28, 0x00, 0x0d, 0x0f, 0xc0, 0x05, 0x35, 0x04, 0x98, 0x00, 0x0f, 0x50, 0x00,
  0x1d, 0x0c, 0xf0, 0x0e, 0x0c, 0x10, 0x00, 0x0f, 0x50, 0x00, 0x1d, 0x0f, 0x30, 0x00, 0x6d, 0x04,
  0x70, 0x07, 0x0c, 0x08, 0x00, 0x0f, 0x98, 0x00, 0x25, 0x0f, 0x58, 0x01, 0x25, 0x0f, 0x70, 0x00,
  0x25, 0x0f, 0x38, 0x00, 0xff, 0x26, 0x04, 0xc8, 0x03, 0x04, 0x08, 0x00, 0x0f, 0x38, 0x04, 0x45,
  0x0f, 0x58, 0x00, 0xb5, 0x0f, 0xf8, 0x05, 0x05, 0x0c, 0x02, 0x00, 0x0f, 0xf0, 0x00, 0xb5, 0x0f,
  0xc8, 0x00, 0x75, 0x0c, 0x60, 0x01, 0x0f, 0x02, 0x00, 0x05, 0x0f, 0xb0, 0x00, 0x75, 0x0f, 0x88,
  0x00, 0x45, 0x04, 0xa8, 0x03, 0x04, 0x08, 0x00, 0x0f, 0x28, 0x07, 0x0d, 0x04, 0x20, 0x00, 0x04,
  0x90, 0x05, 0x04, 0x10, 0x00, 0x0f, 0x08, 0x00, 0x2d, 0x0f, 0x70, 0x05, 0x35, 0x04, 0x98, 0x00,
  0x0f, 0x50, 0x00, 0x1d, 0x0c, 0x70, 0x07, 0x0c, 0x10, 0x00, 0x0f, 0x50, 0x00, 0x1d, 0x0f, 0x30,
  0x00, 0x75, 0x04, 0x80, 0x07, 0x0f, 0x90, 0x00, 0x75, 0x0f, 0x88, 0x00, 0xff, 0x4e, 0x04, 0xc8,
  0x03, 0x04, 0x08, 0x00, 0x0f, 0x38, 0x04, 0x45, 0x0f, 0x58, 0x00, 0xbd, 0x0f, 0x00, 0x06, 0xe5,
  0x0f, 0xc8, 0x01, 0x6d, 0x0f, 0x78, 0x01, 0xed, 0x04, 0xa8, 0x03, 0x04, 0x08, 0x00, 0x04, 0x58,
  0x1c, 0x0f, 0x08, 0x00, 0x05, 0x04, 0xe0, 0x06, 0x0c, 0x08, 0x00, 0x0f, 0x30, 0x00, 0x05, 0x04,
  0x18, 0x00, 0x0f, 0x78, 0x05, 0x0d, 0x0f, 0x28, 0x06, 0x2d, 0x0c, 0x90, 0x00, 0x04, 0x10, 0x00,
  0x0f, 0x78, 0x00, 0x0d, 0x0c, 0x20, 0x00, 0x0f, 0x78, 0x07, 0xb5, 0x04, 0xd8, 0x00, 0x0f, 0x58,
  0x01, 0x2d, 0x04, 0x48, 0x00, 0x0f, 0x08, 0x00, 0xff, 0x96, 0x04, 0xc8, 0x03, 0x04, 0x08, 0x00,
  0x0f, 0x60, 0x05, 0x6d, 0x0f, 0x80, 0x00, 0x95, 0x0f, 0x08, 0x06, 0xed, 0x0f, 0xa8, 0x01, 0x65,
  0x0f, 0x78, 0x01, 0xed, 0x04, 0xa8, 0x03, 0x04, 0x08, 0x00, 0x04, 0x30, 0x07, 0x0f, 0x08, 0x00,
  0x05, 0x04, 0xd8, 0x06, 0x0c, 0x08, 0x00, 0x0f, 0x30, 0x00, 0x05, 0x04, 0x18, 0x00, 0x0f, 0xc0,
  0x05, 0x0d, 0x0f, 0x28, 0x06, 0x2d, 0x0c, 0x90, 0x00, 0x04, 0x10, 0x00, 0x0f, 0x78, 0x00, 0x0d,
  0x0c, 0x20, 0x00, 0x0f, 0x80, 0x07, 0xbd, 0x0c, 0xe0, 0x00, 0x0f, 0x10, 0x00, 0xff, 0xce, 0x04,
  0xc8, 0x03, 0x04, 0x08, 0x00, 0x0f, 0x58, 0x05, 0x65, 0x0f, 0x78, 0x00, 0xff, 0xff, 0xff, 0x10,
  0x04, 0xa0, 0x03, 0x04, 0x08, 0x00, 0x04, 0x28, 0x07, 0x0f, 0x08, 0x00, 0x15, 0x04, 0xe0, 0x06,
  0x0f, 0x30, 0x00, 0x0d, 0x0f, 0xf0, 0x05, 0x0d, 0x04, 0x78, 0x07, 0x0c, 0x08, 0x00, 0x0f, 0x38,
  0x00, 0x0d, 0x0f, 0x20, 0x00, 0x05, 0x04, 0x98, 0x00, 0x0f, 0x20, 0x00, 0x05, 0x0f, 0x18, 0x00,
  0xff, 0xff, 0xcf, 0x04, 0xd0, 0x03, 0x04, 0x08, 0x00, 0x0f, 0x08, 0x07, 0xff, 0xff, 0xff, 0x10,
  0x0f, 0x20, 0x03, 0x65, 0x04, 0xa0, 0x03, 0x04, 0x08, 0x00, 0x0f, 0x48, 0x07, 0x0d, 0x0c, 0x20,
  0x00, 0x04, 0xe8, 0x06, 0x0c, 0x18, 0x00, 0x0c, 0x10, 0x00, 0x0f, 0xf0, 0x06, 0x0d, 0x0c, 0x78,
  0x07, 0x04, 0x10, 0x00, 0x0f, 0x38, 0x00, 0x0d, 0x0f, 0x20, 0x00, 0x05, 0x04, 0x98, 0x00, 0x0f,
  0x20, 0x00, 0x05, 0x0f, 0x18, 0x00, 0xff, 0xff, 0xcf, 0x04, 0xd0, 0x03, 0x0c, 0x08, 0x00, 0x0f,
  0x68, 0x04, 0x65, 0x0f, 0x78, 0x00, 0xff, 0xff, 0xff, 0x08, 0x04, 0xa0, 0x03, 0x0c, 0x38, 0x25,
  0x0c, 0x40, 0x07, 0x0f, 0x10, 0x00, 0x2d, 0x0f, 0xf0, 0x06, 0x15, 0x0f, 0x78, 0x07, 0x2d, 0x0f,
  0x68, 0x00, 0x15, 0x0f, 0x28, 0x00, 0xff, 0xff, 0xcf, 0x04, 0xd8, 0x03, 0x0c, 0x08, 0x00, 0x0f,
  0x08, 0x07, 0xff, 0xff, 0xff, 0x08, 0x0f, 0x18, 0x03, 0x65, 0x04, 0xa0, 0x03, 0x0f, 0x80, 0x07,
  0xff, 0xa6, 0x04, 0x18, 0x09, 0x0f, 0x50, 0x08, 0xff, 0xff, 0x07, 0x04, 0xe0, 0x03, 0x04, 0x08,
  0x00, 0x0f, 0x68, 0x04, 0x65, 0x0f, 0x78, 0x00, 0xff, 0xff, 0xff, 0x08, 0x04, 0x98, 0x03, 0x04,
  0xc8, 0x05, 0x04, 0x08, 0x00, 0x0c, 0x90, 0x07, 0x04, 0x10, 0x00, 0x04, 0x20, 0x00, 0x0f, 0x08,
  0x00, 0x1d, 0x0f, 0x20, 0x06, 0xff, 0x46, 0x04, 0x88, 0x01, 0x0f, 0x60, 0x01, 0xff, 0x46, 0x0f,
  0x58, 0x01, 0xad, 0x04, 0xe0, 0x03, 0x04, 0x08, 0x00, 0x0f, 0x08, 0x07, 0xff, 0xff, 0xff, 0x08,
  0x0f, 0x18, 0x03, 0x65, 0x04, 0x98, 0x03, 0x04, 0xc8, 0x05, 0x04, 0x08, 0x00, 0x04, 0x70, 0x07,
  0x0c, 0x08, 0x00, 0x04, 0x20, 0x00, 0x0f, 0x08, 0x00, 0x1d, 0x0f, 0xc8, 0x04, 0xad, 0x0f, 0xc0,
  0x00, 0x85, 0x0c, 0xa0, 0x01, 0x04, 0x10, 0x00, 0x0f, 0xb0, 0x00, 0x85, 0x0f, 0x98, 0x00, 0xff,
  0x5e, 0x04, 0xe0, 0x03, 0x04, 0x08, 0x00, 0x0f, 0x68, 0x04, 0x65, 0x0f, 0x78, 0x00, 0xff, 0xff,
  0xff, 0x00, 0x04, 0x90, 0x03, 0x04, 0x08, 0x00, 0x0f, 0x50, 0x07, 0x05, 0x04, 0xc8, 0x24, 0x04,
  0x20, 0x00, 0x04, 0xe0, 0x05, 0x0c, 0x08, 0x00, 0x04, 0x20, 0x00, 0x0f, 0x08, 0x00, 0x05, 0x0f,
  0x78, 0x05, 0xff, 0x46, 0x0c, 0x88, 0x01, 0x04, 0x10, 0x00, 0x0f, 0x70, 0x01, 0xff, 0x46, 0x0f,
  0x58, 0x01, 0x9d, 0x04, 0xe0, 0x03, 0x04, 0x08, 0x00, 0x0f, 0x08, 0x07, 0xff, 0xff, 0xff, 0x00,
  0x0f, 0x10, 0x03, 0x65, 0x04, 0x90, 0x03, 0x04, 0x08, 0x00, 0x0f, 0x38, 0x07, 0x05, 0x0f, 0x80,
  0x07, 0xff, 0x8e, 0x0c, 0xb8, 0x01, 0x04, 0x20, 0x06, 0x04, 0x88, 0x07, 0x0f, 0x08, 0x00, 0x0d,
  0x04, 0x30, 0x00, 0x0f, 0x08, 0x00, 0xff, 0xa6, 0x0f, 0xe0, 0x01, 0x0d, 0x04, 0xe0, 0x03, 0x04,
  0x08, 0x00, 0x0f, 0x70, 0x04, 0x65, 0x0f, 0x78, 0x00, 0xff, 0x9e, 0x0f, 0x10, 0x43, 0xed, 0x0f,
  0xb0, 0x02, 0x4d, 0x04, 0x90, 0x03, 0x04, 0x08, 0x00, 0x0c, 0xc8, 0x05, 0x04, 0x78, 0x07, 0x0c,
  0x08, 0x00, 0x0f, 0x28, 0x00, 0x05, 0x0f, 0x08, 0x04, 0x05, 0x0c, 0x30, 0x00, 0x0f, 0xe8, 0x05,
  0xff, 0x3e, 0x0f, 0x60, 0x01, 0x05, 0x0f, 0x90, 0x01, 0x05, 0x0c, 0x18, 0x00, 0x0f, 0x90, 0x01,
  0xff, 0x3e, 0x0f, 0x50, 0x01, 0x5d, 0x0c, 0xd0, 0x01, 0x0c, 0x10, 0x00, 0x04, 0xe0, 0x03, 0x04,
  0x08, 0x00, 0x0f, 0x58, 0x04, 0x4d, 0x0f, 0x60, 0x00, 0xff, 0xb6, 0x0f, 0x80, 0x07, 0xff, 0xff,
  0xff, 0x30, 0x0f, 0x08, 0x06, 0x15, 0x0c, 0xb0, 0x05, 0x0c, 0x10, 0x00, 0x0f, 0x48, 0x00, 0x15,
  0x0f, 0x28, 0x00, 0xff, 0x36, 0x0c, 0x80, 0x01, 0x0f, 0x10, 0x00, 0x0d, 0x0f, 0x78, 0x01, 0x05,
  0x04, 0x70, 0x07, 0x0c, 0x08, 0x00, 0x0f, 0x20, 0x07, 0xff, 0xb6, 0x0f, 0xc8, 0x01, 0x45, 0x0f,
  0x78, 0x07, 0x05, 0x0c, 0x02, 0x00, 0x0f, 0x80, 0x00, 0x45, 0x0f, 0x58, 0x00, 0xd5, 0x0c, 0x98,
  0x03, 0x0c, 0x48, 0x0d, 0x04, 0x10, 0x00, 0x04, 0x00, 0x0f, 0x04, 0x10, 0x00, 0x04, 0x08, 0x00,
  0x04, 0x18, 0x00, 0x0c, 0x08, 0x00, 0x04, 0x20, 0x00, 0x04, 0x08, 0x00, 0x0f, 0x40, 0x04, 0x25,
  0x0f, 0x58, 0x04, 0x05, 0x0f, 0x18, 0x00, 0xfd, 0x04, 0x68, 0x01, 0x04, 0x08, 0x00, 0x0f, 0x20,
  0x01, 0x1d, 0x0f, 0xa0, 0x01, 0xff, 0x4e, 0x0f, 0x90, 0x01, 0x3d, 0x0c, 0xb0, 0x01, 0x0f, 0x60,
  0x00, 0x05, 0x0c, 0xe0, 0x03, 0x04, 0x10, 0x00, 0x0f, 0xe0, 0x04, 0xd5, 0x0f, 0xe8, 0x00, 0xff,
  0x26, 0x0c, 0x68, 0x07, 0x0f, 0x02, 0x00, 0x05, 0x0f, 0x60, 0x01, 0xff, 0x26, 0x04, 0x38, 0x01,
  0x04, 0x90, 0x03, 0x04, 0x08, 0x00, 0x04, 0xc0, 0x05, 0x0c, 0x08, 0x00, 0x04, 0x60, 0x07, 0x0f,
  0x18, 0x00, 0x05, 0x04, 0x20, 0x00, 0x04, 0x08, 0x00, 0x0c, 0x28, 0x00, 0x0c, 0x30, 0x04, 0x0c,
  0x10, 0x00, 0x0f, 0x40, 0x04, 0x05, 0x0f, 0x18, 0x00, 0xff, 0x16, 0x0c, 0x70, 0x01, 0x04, 0x38,
  0x01, 0x0f, 0xc0, 0x5a, 0x35, 0x0c, 0xb0, 0x01, 0x0c, 0x10, 0x00, 0x04, 0x70, 0x00, 0x0f, 0x08,
  0x00, 0xff, 0x0e, 0x0c, 0x38, 0x01, 0x0f, 0x10, 0x00, 0x05, 0x0c, 0x48, 0x01, 0x0f, 0x80, 0xdb,
  0x0d, 0x0c, 0x30, 0x00, 0x04, 0x10, 0x00, 0x04, 0xd8, 0x03, 0x0c, 0x08, 0x00, 0x04, 0x00, 0x04,
  0x0f, 0x08, 0x00, 0xff, 0xff, 0x07, 0x0f, 0x70, 0x07, 0x05, 0x0c, 0x02, 0x00, 0x0f, 0x40, 0x02,
  0xff, 0x2e, 0x0c, 0x98, 0x03, 0x0c, 0xc8, 0x05, 0x0f, 0x10, 0x00, 0x15, 0x0f, 0x78, 0x07, 0x05,
  0x0f, 0x40, 0x00, 0x0d, 0x04, 0x28, 0x04, 0x0f, 0x88, 0x04, 0x05, 0x0c, 0x18, 0x00, 0x04, 0x30,
  0x00, 0x0f, 0x08, 0x00, 0xfd, 0x0c, 0x68, 0x01, 0x04, 0x20, 0x01, 0x0f, 0x80, 0x07, 0xff, 0xff,
  0xff, 0xff, 0xff, 0xff, 0xff, 0x5c, 0x04, 0x70, 0x07, 0x04, 0x08, 0x00, 0x0c, 0x78, 0x07, 0x0c,
  0x10, 0x00, 0x04, 0x28, 0x00, 0x0f, 0x08, 0x00, 0x35, 0x0c, 0x28, 0x09, 0x0f, 0x10, 0x00, 0x0d,
  0x0f, 0x78, 0x00, 0x35, 0x0f, 0x48, 0x00, 0x7d, 0x0f, 0xf8, 0x00, 0x3d, 0x0c, 0xf8, 0x0e, 0x0c,
  0x10, 0x00, 0x0f, 0x00, 0x01, 0x0d, 0x0c, 0x60, 0x0b, 0x0f, 0xb0, 0x0c, 0xff, 0x2e, 0x0f, 0x40,
  0x01, 0xd5, 0x0c, 0xe8, 0x0e, 0x0f, 0x02, 0x00, 0x05, 0x0f, 0x10, 0x01, 0xd5, 0x0f, 0xe8, 0x00,
  0x45, 0x0c, 0xa0, 0x03, 0x0c, 0x48, 0x0d, 0x0f, 0x10, 0x00, 0x4d, 0x0f, 0x40, 0x04, 0x0d, 0x0c,
  0x20, 0x00, 0x0f, 0xe0, 0x04, 0x3d, 0x0c, 0x60, 0x00, 0x0f, 0x10, 0x00, 0xb5, 0x0c, 0x70, 0x07,
  0x0c, 0x10, 0x00, 0x0f, 0xe8, 0x00, 0x3d, 0x0f, 0x98, 0x01, 0x0d, 0x0c, 0x20, 0x00, 0x0f, 0x80,
  0x00, 0x3d, 0x0f, 0x50, 0x00, 0x75, 0x0c, 0xe8, 0x00, 0x0c, 0x10, 0x00, 0x0f, 0xa8, 0x00, 0x1d,
  0x0c, 0x70, 0x07, 0x0c, 0x10, 0x00, 0x0f, 0x50, 0x00, 0x0d, 0x0c, 0xe0, 0x03, 0x0f, 0x48, 0x04,
  0x45, 0x0f, 0x58, 0x00, 0xff, 0xbe, 0x0f, 0x70, 0x07, 0x05, 0x0c, 0x02, 0x00, 0x0f, 0xf8, 0x01,
  0xff, 0x2e, 0x0c, 0xa0, 0x03, 0x0f, 0x70, 0x07, 0x4d, 0x0c, 0x60, 0x00, 0x0f, 0x40, 0x04, 0x0d,
  0x0c, 0x20, 0x00, 0x0c, 0xd0, 0x04, 0x0c, 0x10, 0x00, 0x0c, 0x30, 0x00, 0x0f, 0x10, 0x00, 0xd5,
  0x04, 0x58, 0x01, 0x04, 0xf0, 0x00, 0x0c, 0x70, 0x07, 0x0c, 0x10, 0x00, 0x04, 0x28, 0x00, 0x0f,
  0x08, 0x00, 0x3d, 0x04, 0x88, 0x18, 0x0f, 0x58, 0x00, 0x0d, 0x0c, 0xb8, 0x01, 0x0f, 0x10, 0x00,
  0x05, 0x0f, 0x50, 0x00, 0x15, 0x0f, 0x70, 0x00, 0x05, 0x04, 0x58, 0x00, 0x04, 0xd0, 0x63, 0x04,
  0x10, 0x00, 0x0f, 0x08, 0x00, 0x45, 0x0f, 0x88, 0x00, 0x05, 0x0f, 0x18, 0x00, 0x25, 0x0c, 0x70,
  0x07, 0x0c, 0x10, 0x00, 0x0f, 0x58, 0x00, 0x0d, 0x0c, 0xe0, 0x03, 0x0f, 0x30, 0x05, 0xff, 0x2e,
  0x0f, 0x40, 0x01, 0xdd, 0x0c, 0x70, 0x07, 0x04, 0x02, 0x00, 0x0f, 0x08, 0x01, 0xdd, 0x0f, 0xf0,
  0x00, 0x45, 0x0c, 0xa0, 0x03, 0x04, 0xc8, 0x05, 0x0f, 0x08, 0x00, 0x55, 0x04, 0x40, 0x04, 0x0f,
  0x20, 0x06, 0x35, 0x0f, 0x58, 0x05, 0x0d, 0x04, 0x70, 0x00, 0x0f, 0x08, 0x00, 0xbd, 0x04, 0xb0,
  0x01, 0x04, 0xd8, 0x00, 0x0c, 0x50, 0x01, 0x0c, 0x10, 0x00, 0x04, 0x28, 0x00, 0x0f, 0x08, 0x00,
  0x3d, 0x0f, 0x30, 0x07, 0x15, 0x0f, 0xa8, 0x01, 0x0d, 0x04, 0x20, 0x00, 0x0f, 0x50, 0x00, 0x15,
  0x0f, 0xc8, 0x00, 0x05, 0x04, 0x48, 0x00, 0x0f, 0x80, 0x07, 0xff, 0xff, 0xff, 0xff, 0xff, 0xff,
  0x63, 0x04, 0x90, 0x06, 0x0f, 0x78, 0x07, 0x5d, 0x04, 0x30, 0x07, 0x04, 0x08, 0x00, 0x04, 0x88,
  0x00, 0x0f, 0x08, 0x00, 0x1d, 0x04, 0x40, 0x00, 0x0c, 0x08, 0x00, 0x04, 0x50, 0x07, 0x0f, 0x08,
  0x00, 0x15, 0x04, 0x78, 0x07, 0x0c, 0x08, 0x00, 0x0f, 0x90, 0x00, 0x1d, 0x0f, 0x30, 0x00, 0x6d,
  0x0f, 0xf8, 0x0e, 0x2d, 0x04, 0x68, 0x0b, 0x0f, 0xc8, 0x0b, 0x35, 0x39, 0xdf, 0x9b, 0x84, 0x04,
  0x00, 0x0f, 0x58, 0x00, 0x35, 0x0f, 0x48, 0x00, 0xff, 0xff, 0xe7, 0x04, 0xa0, 0x03, 0x04, 0x48,
  0x0d, 0x0f, 0x08, 0x00, 0x45, 0x0c, 0xc8, 0x04, 0x0c, 0x20, 0x06, 0x0c, 0x10, 0x00, 0x0c, 0x30,
  0x00, 0x0f, 0x10, 0x00, 0x2d, 0x0f, 0xb8, 0x05, 0x15, 0x04, 0x28, 0x00, 0x0f, 0x70, 0x00, 0x2d,
  0x0f, 0x40, 0x00, 0x55, 0x04, 0xb0, 0x01, 0x0c, 0x70, 0x00, 0x0f, 0x50, 0x01, 0x4d, 0x04, 0x70,
  0x00, 0x0c, 0x28, 0x07, 0x04, 0x10, 0x00, 0x04, 0x20, 0x00, 0x0f, 0x08, 0x00, 0x1d, 0x04, 0x40,
  0x00, 0x0c, 0x08, 0x00, 0x04, 0x98, 0x01, 0x0f, 0x08, 0x00, 0x15, 0x0c, 0x78, 0x07, 0x04, 0x10,
  0x00, 0x0f, 0x90, 0x00, 0x1d, 0x0f, 0x30, 0x00, 0x6d, 0x0f, 0x80, 0x07, 0xff, 0xff, 0xff, 0xff,
  0xff, 0x9a, 0x0f, 0x88, 0x07, 0x05, 0x0f, 0x40, 0x06, 0x55, 0x04, 0x30, 0x07, 0x0f, 0x70, 0x00,
  0x35, 0x0f, 0x50, 0x00, 0x35, 0x0f, 0x78, 0x07, 0x35, 0x0f, 0xd0, 0x08, 0x55, 0x0f, 0x40, 0x01,
  0x2d, 0x04, 0x50, 0x0b, 0x04, 0x08, 0x00, 0x0f, 0x58, 0x0e, 0x0d, 0x3f, 0xbc, 0x8e, 0x58, 0x04,
  0x00, 0x7a, 0x08, 0x5c, 0x0f, 0x0f, 0x0c, 0x00, 0x01, 0x0f, 0xd0, 0x00, 0x0d, 0x0f, 0x20, 0x00,
  0xff, 0xff, 0x9f, 0x04, 0xa8, 0x03, 0x04, 0x08, 0x00, 0x04, 0xc8, 0x05, 0x0f, 0x08, 0x00, 0x45,
  0x04, 0x60, 0x04, 0x0c, 0xd0, 0x04, 0x0c, 0x10, 0x00, 0x04, 0x28, 0x00, 0x0f, 0x08, 0x00, 0x3d,
  0x0f, 0xd8, 0x05, 0x15, 0x0f, 0x68, 0x0d, 0x15, 0x0f, 0x50, 0x00, 0x15, 0x0f, 0xc8, 0x00, 0x05,
  0x04, 0x68, 0x00, 0x04, 0x28, 0x06, 0x04, 0x10, 0x00, 0x0f, 0x08, 0x00, 0x15, 0x0c, 0xa8, 0x01,
  0x0f, 0x68, 0x00, 0x05, 0x0f, 0x18, 0x00, 0x4d, 0x0f, 0x08, 0x01, 0x2d, 0x0c, 0xa0, 0x00, 0x0f,
  0x50, 0x00, 0x35, 0x04, 0x58, 0x01, 0x0c, 0x60, 0x00, 0x0f, 0x10, 0x00, 0x1d, 0x0f, 0xa0, 0x02,
  0x55, 0x0f, 0x98, 0x00, 0x1d, 0x0c, 0x30, 0x00, 0x04, 0xc8, 0x03, 0x04, 0x08, 0x00, 0x0f, 0x90,
  0x06, 0x0d, 0x0f, 0x7c, 0x07, 0x79, 0x0f, 0x80, 0x07, 0xff, 0xff, 0xff, 0xff, 0xff, 0x2e, 0x0c,
  0x08, 0x06, 0x0f, 0x10, 0x00, 0xb5, 0x0c, 0x78, 0x07, 0x0c, 0x10, 0x00, 0x0f, 0xe8, 0x00, 0x75,
  0x04, 0x70, 0x07, 0x0c, 0x08, 0x00, 0x0f, 0x60, 0x07, 0x7d, 0x0f, 0x90, 0x00, 0x0d, 0x0f, 0xf4,
  0x0e, 0x01, 0x08, 0x14, 0x00, 0x0f, 0x50, 0x08, 0x05, 0x08, 0x24, 0x00, 0x0f, 0x0c, 0x00, 0x69,
  0x0f, 0xa0, 0x00, 0x05, 0x0f, 0x18, 0x00, 0xff, 0xff, 0x07, 0x0c, 0xb0, 0x03, 0x04, 0x10, 0x00,
  0x0c, 0x58, 0x0d, 0x0f, 0x10, 0x00, 0x35, 0x0c, 0xb0, 0x04, 0x0f, 0xd0, 0x04, 0x55, 0x04, 0x50,
  0x0d, 0x0c, 0x08, 0x00, 0x0c, 0x90, 0x00, 0x0f, 0x10, 0x00, 0x15, 0x0c, 0x48, 0x00, 0x04, 0x10,
  0x00, 0x0f, 0xb8, 0x0e, 0x15, 0x04, 0x28, 0x00, 0x04, 0xa0, 0x0d, 0x0c, 0x08, 0x00, 0x0f, 0x88,
  0x00, 0x15, 0x0c, 0x98, 0x01, 0x0f, 0x38, 0x00, 0x15, 0x0f, 0x28, 0x00, 0xff, 0x16, 0x0c, 0xa0,
  0x02, 0x0c, 0x10, 0x00, 0x0f, 0x48, 0x01, 0x75, 0x04, 0xb8, 0x03, 0x0c, 0x08, 0x00, 0x0f, 0xf0,
  0x06, 0x0d, 0x0f, 0x20, 0x00, 0x7d, 0x0f, 0x3c, 0x07, 0x0d, 0x0f, 0xc8, 0x06, 0x05, 0x0f, 0x38,
  0x00, 0x0d, 0x0f, 0x20, 0x00, 0x55, 0x0f, 0xa0, 0x00, 0x05, 0x0f, 0x18, 0x00, 0xff, 0xff, 0x07,
  0x0c, 0xb0, 0x03, 0x04, 0x10, 0x00, 0x0c, 0xd8, 0x05, 0x0f, 0x10, 0x00, 0x35, 0x0c, 0xb0, 0x04,
  0x0f, 0xd0, 0x04, 0x55, 0x04, 0x20, 0x07, 0x0c, 0x08, 0x00, 0x0c, 0x90, 0x00, 0x0f, 0x10, 0x00,
  0x15, 0x0c, 0x48, 0x00, 0x04, 0x10, 0x00, 0x04, 0x58, 0x07, 0x0f, 0x08, 0x00, 0x15, 0x0c, 0x78,
  0x07, 0x04, 0x10, 0x00, 0x0f, 0x88, 0x00, 0x15, 0x0c, 0x98, 0x01, 0x0f, 0x38, 0x00, 0x15, 0x0f,
  0x28, 0x00, 0xff, 0x16, 0x0c, 0xa0, 0x02, 0x0c, 0x10, 0x00, 0x0f, 0x48, 0x01, 0x6d, 0x04, 0xb0,
  0x03, 0x0c, 0x08, 0x00, 0x0f, 0x58, 0x07, 0x6d, 0x0f, 0xf0, 0x06, 0x55, 0x0f, 0x68, 0x00, 0x8d,
  0x0f, 0x78, 0x07, 0xff, 0xff, 0x07, 0x0c, 0x18, 0x02, 0x0c, 0xc0, 0x03, 0x04, 0x10, 0x00, 0x0c,
  0xe0, 0x05, 0x0f, 0x10, 0x00, 0x35, 0x0f, 0xb8, 0x04, 0x65, 0x04, 0x28, 0x07, 0x0f, 0x80, 0x00,
  0x35, 0x0f, 0x50, 0x00, 0x35, 0x0f, 0x78, 0x07, 0x1d, 0x04, 0xc0, 0x00, 0x0c, 0x90, 0x01, 0x04,
  0x18, 0x00, 0x0f, 0x08, 0x00, 0xff, 0x36, 0x0c, 0x70, 0x07, 0x0c, 0x10, 0x00, 0x0f, 0x68, 0x01,
  0x6d, 0x04, 0xa8, 0x03, 0x0c, 0x08, 0x00, 0x0f, 0x80, 0x07, 0xff, 0xff, 0xff, 0xff, 0xff, 0x6a,
  0x04, 0x90, 0x07, 0x0f, 0x18, 0x06, 0x6d, 0x0f, 0x80, 0x00, 0xbd, 0x0f, 0x78, 0x07, 0xc5, 0x0f,
  0x40, 0x0e, 0x8d, 0x0f, 0xa0, 0x00, 0x1d, 0x3f, 0xf8, 0xbe, 0xb8, 0x04, 0x00, 0x52, 0x0f, 0x98,
  0x00, 0x15, 0x0c, 0xe8, 0x0c, 0x0f, 0x10, 0x00, 0xff, 0xff, 0x07, 0x0c, 0x40, 0x0b, 0x04, 0x10,
  0x00, 0x04, 0xd0, 0x05, 0x0f, 0x08, 0x00, 0x3d, 0x0f, 0xa0, 0x05, 0xbd, 0x0f, 0xd0, 0x00, 0x65,
  0x0f, 0x98, 0x01, 0x05, 0x0f, 0x90, 0x00, 0x65, 0x0f, 0x78, 0x00, 0xc5, 0x0f, 0x80, 0x07, 0xff,
  0xff, 0xff, 0xff, 0xff, 0xff, 0xff, 0x74, 0x0f, 0x58, 0x08, 0x75, 0x04, 0x18, 0x0b, 0x0c, 0x08,
  0x00, 0x0f, 0x70, 0x16, 0x15, 0x0f, 0xb8, 0x0d, 0x15, 0x0f, 0x28, 0x00, 0x85, 0x0f, 0xdc, 0x0e,
  0x51, 0x0f, 0x64, 0x00, 0x51, 0x0f, 0x08, 0x0f, 0xff, 0xde, 0x0f, 0xa0, 0x03, 0x15, 0x0c, 0xd8,
  0x03, 0x04, 0x10, 0x00, 0x0f, 0x68, 0x0d, 0x05, 0x0f, 0x18, 0x00, 0x25, 0x0f, 0xd0, 0x04, 0x75,
  0x0f, 0x88, 0x00, 0xad, 0x0f, 0x80, 0x01, 0x05, 0x0f, 0xd8, 0x00, 0xad, 0x0f, 0xc0, 0x00, 0xff,
  0x06, 0x04, 0x90, 0x03, 0x0c, 0x08, 0x00, 0x0f, 0xe0, 0x03, 0x15, 0x0f, 0x58, 0x07, 0x85, 0x0f,
  0x98, 0x00, 0x15, 0x0f, 0x1c, 0x07, 0x51, 0x0f, 0x64, 0x00, 0x51, 0x0f, 0x80, 0x07, 0xff, 0xff,
  0xff, 0xd0, 0x0c, 0x98, 0x07, 0x0f, 0xd0, 0x06, 0x35, 0x3f, 0x26, 0x71, 0xdf, 0x04, 0x00, 0x02,
  0x0f, 0x60, 0x00, 0x35, 0x0f, 0x48, 0x00, 0xff, 0x0e, 0x0f, 0x78, 0x07, 0x25, 0x0c, 0xa0, 0x07,
  0x0f, 0xf0, 0x06, 0x15, 0x0f, 0x28, 0x00, 0x35, 0x0f, 0xd4, 0x06, 0x51, 0x0f, 0x64, 0x00, 0x99,
  0x0f, 0x80, 0x07, 0x3d, 0x0f, 0xfc, 0x00, 0x2d, 0x0f, 0x90, 0x00, 0x3d, 0x0f, 0x50, 0x00, 0xfd,
  0x0c, 0x80, 0x03, 0x0f, 0x10, 0x00, 0x05, 0x04, 0x38, 0x01, 0x0c, 0xe8, 0x03, 0x04, 0x10, 0x00,
  0x0c, 0xd8, 0x05, 0x0f, 0x10, 0x00, 0x2d, 0x0f, 0x70, 0x05, 0xff, 0x0e, 0x0f, 0x20, 0x01, 0x0d,
  0x0f, 0x80, 0x01, 0x15, 0x0f, 0x48, 0x00, 0x0d, 0x0f, 0x20, 0x00, 0x15, 0x0f, 0x7c, 0x07, 0x01,
  0x0f, 0x80, 0x07, 0xff, 0xff, 0xff, 0xff, 0xff, 0xff, 0xff, 0x18, 0x0c, 0xa8, 0x07, 0x0f, 0x70,
  0x07, 0x15, 0x04, 0x28, 0x00, 0x0f, 0x78, 0x07, 0x05, 0x0c, 0x18, 0x00, 0x04, 0x30, 0x00, 0x0f,
  0x08, 0x00, 0xff, 0x36, 0x0c, 0x48, 0x3e, 0x04, 0x08, 0x0b, 0x04, 0x08, 0x00, 0x0f, 0x48, 0x0b,
  0x05, 0x0f, 0x18, 0x00, 0x0d, 0x0f, 0xd8, 0x0e, 0x15, 0x0f, 0x58, 0x0d, 0x2d, 0x0f, 0x40, 0x00,
  0x6d, 0x04, 0xb8, 0x76, 0x0f, 0x02, 0x00, 0x05, 0x0f, 0xa0, 0x00, 0x6d, 0x0f, 0x80, 0x00, 0xcd,
  0x04, 0xd0, 0x0d, 0x0f, 0x08, 0x00, 0xc5, 0x0f, 0x68, 0x03, 0x0d, 0x0f, 0x20, 0x00, 0x2d, 0x04,
  0xe8, 0x03, 0x0c, 0xc0, 0x05, 0x0f, 0x10, 0x00, 0x35, 0x0f, 0xa8, 0x05, 0xff, 0x2e, 0x0f, 0x88,
  0x01, 0x25, 0x0f, 0x78, 0x01, 0x1d, 0x0c, 0x68, 0x07, 0x0f, 0x10, 0x00, 0x05, 0x0f, 0x58, 0x00,
  0x1d, 0x0f, 0x30, 0x00, 0xff, 0x0e, 0x0f, 0x80, 0x07, 0xff, 0xff, 0xff, 0xff, 0xff, 0xca, 0x0f,
  0xb8, 0x07, 0x0d, 0x0c, 0x18, 0x07, 0x0f, 0x70, 0x07, 0x05, 0x0c, 0x18, 0x00, 0x0c, 0x38, 0x00,
  0x0f, 0x10, 0x00, 0xff, 0x1e, 0x0c, 0x70, 0x07, 0x0f, 0x40, 0x01, 0x05, 0x04, 0x18, 0x0b, 0x0c,
  0x08, 0x00, 0x0f, 0x70, 0x0b, 0x2d, 0x0f, 0x40, 0x00, 0x15, 0x0f, 0xb8, 0x0d, 0x25, 0x0f, 0x88,
  0x0e, 0x05, 0x0f, 0x02, 0x00, 0x9d, 0x0f, 0x00, 0x01, 0x25, 0x0f, 0x38, 0x00, 0xdd, 0x0f, 0x68,
  0x11, 0x15, 0x0f, 0x28, 0x00, 0x25, 0x0f, 0x58, 0x0f, 0x15, 0x0f, 0xd8, 0x02, 0x15, 0x0f, 0x28,
  0x00, 0x75, 0x0c, 0xd8, 0x03, 0x0f, 0xb0, 0x05, 0x0d, 0x0f, 0x20, 0x00, 0x35, 0x0f, 0x70, 0x04,
  0x05, 0x0f, 0x18, 0x00, 0x1d, 0x0c, 0x18, 0x06, 0x04, 0x10, 0x00, 0x0f, 0x48, 0x00, 0x1d, 0x0f,
  0x30, 0x00, 0x8d, 0x0f, 0x78, 0x01, 0x35, 0x0c, 0x48, 0x00, 0x0c, 0xf8, 0x00, 0x04, 0x40, 0x01,
  0x0f, 0x08, 0x00, 0x0d, 0x0c, 0x38, 0x00, 0x0f, 0x10, 0x00, 0xff, 0x1e, 0x0f, 0x80, 0x07, 0xff,
  0xff, 0xff, 0xff, 0xff, 0xfa, 0x0c, 0x90, 0x07, 0x0f, 0x78, 0x07, 0x0d, 0x04, 0x20, 0x00, 0x0f,
  0x70, 0x07, 0x55, 0x04, 0x70, 0x00, 0x0c, 0x08, 0x00, 0x0f, 0x80, 0x00, 0x55, 0x0f, 0x68, 0x00,
  0x2d, 0x0c, 0x68, 0x07, 0x04, 0x10, 0x00, 0x0f, 0x58, 0x00, 0x15, 0x0c, 0x20, 0x0b, 0x0f, 0x10,
  0x00, 0x05, 0x0f, 0xd0, 0x0b, 0x45, 0x0f, 0xb0, 0x0e, 0x9d, 0x0f, 0x02, 0x00, 0x85, 0x0f, 0x10,
  0x0f, 0xcd, 0x0f, 0xd8, 0x0e, 0x25, 0x0f, 0x38, 0x00, 0x0d, 0x0f, 0xd8, 0x02, 0x45, 0x0f, 0x58,
  0x00, 0x25, 0x0f, 0xb0, 0x00, 0x0d, 0x0c, 0x20, 0x00, 0x0c, 0x68, 0x00, 0x0c, 0xc0, 0x03, 0x0c,
  0x80, 0x05, 0x0f, 0x10, 0x00, 0x65, 0x0f, 0x90, 0x04, 0x15, 0x04, 0x28, 0x00, 0x0c, 0x90, 0x05,
  0x0f, 0x10, 0x00, 0x05, 0x04, 0x30, 0x00, 0x0f, 0x08, 0x00, 0xad, 0x0f, 0x98, 0x01, 0x55, 0x0f,
  0x48, 0x01, 0x05, 0x0c, 0x18, 0x00, 0x0f, 0x50, 0x01, 0x55, 0x0c, 0x78, 0x00, 0x04, 0x10, 0x00,
  0x0f, 0x80, 0x00, 0x55, 0x0f, 0x68, 0x00, 0x2d, 0x04, 0x70, 0x07, 0x0c, 0x08, 0x00, 0x0f, 0x58,
  0x00, 0x15, 0x0c, 0xb0, 0x03, 0x0f, 0x10, 0x00, 0x05, 0x0c, 0xe8, 0x03, 0x0f, 0x10, 0x00, 0x35,
  0x0f, 0xd0, 0x06, 0x85, 0x0f, 0x02, 0x00, 0x9d, 0x0f, 0x80, 0x07, 0xff, 0xff, 0xff, 0xb0, 0x0f,
  0xb0, 0x05, 0x15, 0x04, 0x28, 0x00, 0x0f, 0xb0, 0x07, 0x2d, 0x04, 0xe8, 0x06, 0x0c, 0x08, 0x00,
  0x0f, 0x58, 0x00, 0x1d, 0x04, 0x90, 0x00, 0x0f, 0x08, 0x00, 0x1d, 0x0c, 0x78, 0x00, 0x0f, 0x10,
  0x00, 0x05, 0x0f, 0x58, 0x00, 0x1d, 0x0f, 0x30, 0x00, 0x4d, 0x0f, 0xc0, 0x52, 0x45, 0x0f, 0x78,
  0x07, 0x05, 0x0f, 0x18, 0x00, 0x05, 0x0f, 0xa0, 0x06, 0x9d, 0x0f, 0x02, 0x00, 0xff, 0x16, 0x0f,
  0xc8, 0x07, 0xcd, 0x04, 0xe0, 0x00, 0x04, 0x48, 0x0e, 0x0f, 0x48, 0x0a, 0x1d, 0x04, 0x38, 0x00,
  0x0f, 0x08, 0x00, 0x75, 0x0c, 0xa0, 0x03, 0x0f, 0x40, 0x05, 0x1d, 0x0f, 0x30, 0x00, 0x75, 0x0c,
  0x38, 0x05, 0x0f, 0x90, 0x05, 0x05, 0x0c, 0x18, 0x00, 0x0c, 0x38, 0x00, 0x0f, 0x10, 0x00, 0xd5,
  0x0f, 0xb8, 0x01, 0x2d, 0x0c, 0x48, 0x01, 0x04, 0x10, 0x00, 0x0f, 0x58, 0x00, 0x1d, 0x0f, 0x70,
  0x01, 0x25, 0x04, 0x70, 0x00, 0x0f, 0x08, 0x00, 0x0d, 0x0f, 0x60, 0x00, 0x25, 0x0f, 0x38, 0x00,
  0x45, 0x0f, 0x80, 0x07, 0xff, 0xff, 0xff, 0xff, 0xff, 0xfa, 0x0f, 0x60, 0x06, 0x15, 0x0f, 0x50,
  0x07, 0x1d, 0x0f, 0x30, 0x00, 0x1d, 0x0f, 0x88, 0x00, 0x15, 0x0c, 0x28, 0x00, 0x0f, 0x78, 0x07,
  0x0d, 0x04, 0x20, 0x00, 0x0c, 0x38, 0x00, 0x0f, 0x10, 0x00, 0x55, 0x0c, 0x50, 0x16, 0x0c, 0x78,
  0x07, 0x0c, 0x10, 0x00, 0x0f, 0x98, 0x00, 0x35, 0x0c, 0x50, 0x0b, 0x0f, 0x10, 0x00, 0x15, 0x0f,
  0x60, 0x0e, 0xff, 0x16, 0x0f, 0x02, 0x00, 0xe5, 0x04, 0x78, 0x0e, 0x0f, 0x08, 0x00, 0xff, 0x06,
  0x0f, 0x50, 0x0f, 0x15, 0x0f, 0x90, 0x03, 0x05, 0x0f, 0x38, 0x05, 0x15, 0x04, 0xd8, 0x04, 0x0c,
  0x08, 0x00, 0x0f, 0x40, 0x00, 0x15, 0x0f, 0x28, 0x00, 0x55, 0x0c, 0xa0, 0x00, 0x0f, 0x10, 0x00,
  0x05, 0x0f, 0xf8, 0x04, 0x35, 0x0f, 0x48, 0x00, 0x0d, 0x0f, 0x80, 0x00, 0x6d, 0x0f, 0xa0, 0x00,
  0x0d, 0x0f, 0x20, 0x00, 0x05, 0x0f, 0xb0, 0x01, 0x4d, 0x0f, 0x78, 0x00, 0x05, 0x0f, 0x18, 0x00,
  0x0d, 0x0f, 0x50, 0x01, 0x05, 0x0c, 0x18, 0x00, 0x0f, 0x48, 0x00, 0x0d, 0x0f, 0x20, 0x00, 0x45,
  0x0f, 0x80, 0x07, 0xff, 0xff, 0xff, 0xff, 0xff, 0xff, 0x3b, 0x0f, 0xa0, 0x06, 0x45, 0x0f, 0x58,
  0x00, 0x2d, 0x0c, 0x68, 0x07, 0x0f, 0x10, 0x00, 0x05, 0x0f, 0x68, 0x00, 0x2d, 0x0f, 0x40, 0x00,
  0x0d, 0x0c, 0x68, 0x07, 0x0f, 0x88, 0x81, 0x05, 0x0c, 0xf0, 0x0e, 0x0c, 0x10, 0x00, 0x0f, 0x68,
  0x00, 0x0d, 0x0f, 0x20, 0x00, 0x35, 0x0f, 0x80, 0x0b, 0x05, 0x04, 0x18, 0x00, 0x0f, 0xe0, 0x0d,
  0xe5, 0x0f, 0x02, 0x00, 0xff, 0xee, 0x0f, 0xd8, 0x0f, 0x2d, 0x0f, 0x00, 0x0f, 0x05, 0x04, 0x58,
  0x03, 0x0f, 0x08, 0x00, 0x05, 0x0f, 0xe0, 0x0c, 0x15, 0x0f, 0xe0, 0x04, 0x05, 0x0c, 0x18, 0x00,
  0x0f, 0x28, 0x04, 0x35, 0x04, 0x48, 0x00, 0x0f, 0xa0, 0x00, 0x15, 0x0f, 0x28, 0x00, 0x05, 0x0c,
  0xa0, 0x00, 0x04, 0x10, 0x00, 0x0f, 0x30, 0x00, 0x05, 0x0f, 0x18, 0x00, 0x05, 0x04, 0x90, 0x00,
  0x0f, 0x08, 0x00, 0x1d, 0x04, 0x70, 0x00, 0x0f, 0x08, 0x00, 0x0d, 0x0f, 0x58, 0x00, 0x1d, 0x0f,
  0x30, 0x00, 0xed, 0x0f, 0x50, 0x01, 0x0d, 0x04, 0x20, 0x00, 0x0f, 0x28, 0x01, 0x4d, 0x0f, 0x80,
  0x07, 0xff, 0xff, 0xff, 0xff, 0xff, 0xff, 0xeb, 0x04, 0x58, 0x07, 0x04, 0x68, 0x07, 0x0c, 0x08,
  0x00, 0x04, 0x20, 0x00, 0x0f, 0x08, 0x00, 0x35, 0x0c, 0x68, 0x07, 0x04, 0x10, 0x00, 0x04, 0x60,
  0x00, 0x04, 0xf8, 0x0e, 0x0c, 0x08, 0x00, 0x04, 0x20, 0x00, 0x04, 0x08, 0x00, 0x0f, 0xf8, 0x0e,
  0x65, 0x04, 0x80, 0x00, 0x0c, 0x08, 0x00, 0x0f, 0x98, 0x0b, 0x05, 0x0f, 0x10, 0x0e, 0xff, 0xee,
  0x0f, 0x02, 0x00, 0xff, 0x26, 0x0f, 0x50, 0x03, 0x05, 0x04, 0x18, 0x00, 0x0f, 0xe0, 0x0d, 0x05,
  0x0f, 0x18, 0x00, 0x0d, 0x0c, 0xe0, 0x04, 0x0f, 0x10, 0x00, 0x05, 0x0c, 0xe0, 0x03, 0x0f, 0x10,
  0x00, 0x55, 0x0f, 0xc0, 0x00, 0x0d, 0x0f, 0x20, 0x00, 0x2d, 0x0f, 0xc8, 0x00, 0x25, 0x0f, 0x28,
  0x01, 0x05, 0x0c, 0x18, 0x00, 0x0f, 0x60, 0x00, 0x25, 0x0f, 0x38, 0x00, 0xed, 0x0c, 0x48, 0x01,
  0x04, 0x10, 0x00, 0x0f, 0x18, 0x01, 0x3d, 0x04, 0x70, 0x07, 0x0c, 0x08, 0x00, 0x04, 0x68, 0x00,
  0x0c, 0x78, 0x07, 0x04, 0x10, 0x00, 0x04, 0x20, 0x00, 0x04, 0x08, 0x00, 0x0f, 0x80, 0x07, 0xff,
  0xff, 0xff, 0xff, 0xff, 0xff, 0xc3, 0x04, 0xd8, 0x06, 0x0f, 0x08, 0x00, 0x35, 0x0c, 0x60, 0x07,
  0x04, 0x10, 0x00, 0x0f, 0x60, 0x00, 0x15, 0x0f, 0x78, 0x07, 0x05, 0x0f, 0x40, 0x00, 0x15, 0x0f,
  0x28, 0x00, 0x65, 0x04, 0xa0, 0x0b, 0x0c, 0x08, 0x00, 0x0f, 0x08, 0x0d, 0xff, 0x26, 0x0f, 0x02,
  0x00, 0xff, 0xde, 0x0c, 0x38, 0x03, 0x04, 0x10, 0x00, 0x0f, 0xf8, 0x0d, 0x2d, 0x04, 0x40, 0x00,
  0x04, 0x58, 0x0c, 0x0f, 0x08, 0x00, 0x0d, 0x0f, 0x40, 0x04, 0x65, 0x0f, 0x78, 0x00, 0x85, 0x0f,
  0x30, 0x01, 0x0d, 0x04, 0x20, 0x00, 0x0f, 0xc0, 0x00, 0x85, 0x0f, 0x98, 0x00, 0xdd, 0x04, 0x70,
  0x07, 0x0c, 0x08, 0x00, 0x0f, 0x08, 0x01, 0x15, 0x0f, 0x80, 0x07, 0xff, 0xff, 0xff, 0xff, 0xff,
  0xff, 0xff, 0x24, 0x0f, 0x68, 0x07, 0x25, 0x0f, 0x90, 0x07, 0x15, 0x0f, 0x28, 0x00, 0x9d, 0x04,
  0xb8, 0x0b, 0x0c, 0x08, 0x00, 0x0f, 0xd0, 0x0d, 0xff, 0xde, 0x0f, 0x02, 0x00, 0xff, 0x16, 0x0c,
  0x28, 0x03, 0x04, 0x10, 0x00, 0x04, 0xb8, 0x0e, 0x0f, 0x08, 0x00, 0x2d, 0x0c, 0x40, 0x04, 0x04,
  0xb0, 0x0d, 0x0c, 0x08, 0x00, 0x0c, 0x28, 0x00, 0x0f, 0x10, 0x00, 0xfd, 0x0c, 0x30, 0x01, 0x04,
  0x10, 0x00, 0x0f, 0x28, 0x01, 0xfd, 0x0f, 0x10, 0x01, 0x5d, 0x0f, 0x80, 0x07, 0xff, 0xff, 0xff,
  0xff, 0xff, 0xff, 0xff, 0x64, 0x0f, 0x70, 0x07, 0x1d, 0x0f, 0x10, 0xbd, 0x25, 0x0f, 0x48, 0x08,
  0x5d, 0x0f, 0x70, 0x00, 0x3d, 0x04, 0xc8, 0x0b, 0x0c, 0x08, 0x00, 0x0f, 0x18, 0x0d, 0xff, 0x16,
  0x0f, 0x02, 0x00, 0xff, 0xce, 0x0c, 0x18, 0x03, 0x04, 0x10, 0x00, 0x0f, 0xf0, 0x0e, 0x2d, 0x04,
  0x40, 0x00, 0x0f, 0xd0, 0x03, 0x3d, 0x0f, 0x50, 0x00, 0xff, 0x3e, 0x0f, 0x48, 0x06, 0x1d, 0x0f,
  0x80, 0x01, 0xf5, 0x0f, 0x38, 0x01, 0x1d, 0x0f, 0x80, 0x07, 0xff, 0xff, 0xff, 0xff, 0xff, 0xff,
  0xff, 0x1c, 0x0c, 0x58, 0x07, 0x0c, 0x10, 0x00, 0x0f, 0x48, 0x07, 0x1d, 0x04, 0x30, 0x00, 0x0c,
  0x08, 0x00, 0x0f, 0xc8, 0x08, 0xdd, 0x04, 0xd8, 0x0b, 0x0c, 0x08, 0x00, 0x0f, 0xe0, 0x0d, 0xff,
  0xce, 0x0f, 0x02, 0x00, 0xff, 0x06, 0x0c, 0x08, 0x03, 0x04, 0x10, 0x00, 0x04, 0xb8, 0x0e, 0x0f,
  0x08, 0x00, 0x2d, 0x0f, 0x60, 0x04, 0xdd, 0x0f, 0xf0, 0x00, 0x95, 0x0c, 0x50, 0x06, 0x0f, 0xb8,
  0x00, 0x95, 0x0f, 0xa8, 0x00, 0x55, 0x0c, 0x20, 0x01, 0x0c, 0x10, 0x00, 0x04, 0x48, 0x07, 0x0f,
  0x90, 0x00, 0x15, 0x04, 0x30, 0x00, 0x0c, 0x08, 0x00, 0x0f, 0x40, 0x00, 0x15, 0x0f, 0x28, 0x00,
  0xb5, 0x04, 0x60, 0x04, 0x0c, 0x08, 0x00, 0x0f, 0xa0, 0x05, 0xff, 0x06, 0x0f, 0x02, 0x00, 0xff,
  0xce, 0x0c, 0x08, 0x03, 0x04, 0x10, 0x00, 0x0f, 0x78, 0x07, 0x2d, 0x04, 0x40, 0x00, 0x0f, 0x38,
  0x04, 0xb5, 0x0f, 0xc8, 0x00, 0xbd, 0x0c, 0x50, 0x06, 0x0f, 0xe0, 0x00, 0xbd, 0x0c, 0xd0, 0x00,
  0x0c, 0xf0, 0x00, 0x0f, 0x10, 0x00, 0x0d, 0x0c, 0x40, 0x00, 0x04, 0x10, 0x00, 0x0c, 0x40, 0x07,
  0x04, 0x10, 0x00, 0x04, 0x20, 0x00, 0x0f, 0x08, 0x00, 0x0d, 0x0f, 0x30, 0x00, 0x1d, 0x0f, 0x50,
  0x00, 0x0d, 0x0f, 0x20, 0x00, 0x4d, 0x04, 0xd8, 0x27, 0x0c, 0x08, 0x00, 0x0f, 0x78, 0x00, 0x2d,
  0x04, 0x68, 0x04, 0x0c, 0x08, 0x00, 0x0f, 0x70, 0x06, 0xff, 0xce, 0x0f, 0x02, 0x00, 0xf5, 0x0c,
  0xf8, 0x02, 0x04, 0x10, 0x00, 0x0f, 0x98, 0x04, 0x0d, 0x04, 0x58, 0x07, 0x0f, 0x08, 0x00, 0x0d,
  0x0f, 0xa0, 0x03, 0x2d, 0x0f, 0x40, 0x00, 0xff, 0x3e, 0x0c, 0xd8, 0x01, 0x0f, 0x60, 0x01, 0xdd,
  0x0c, 0x00, 0x01, 0x0f, 0x10, 0x00, 0x0d, 0x0f, 0x20, 0x01, 0x05, 0x04, 0x40, 0x07, 0x0c, 0x08,
  0x00, 0x0f, 0x30, 0x00, 0x05, 0x0c, 0x18, 0x00, 0x04, 0x38, 0x00, 0x0c, 0x18, 0x00, 0x0f, 0x10,
  0x00, 0x85, 0x0c, 0x78, 0x07, 0x04, 0x10, 0x00, 0x0f, 0xb0, 0x00, 0x2d, 0x04, 0x70, 0x04, 0x0c,
  0x08, 0x00, 0x0f, 0xa0, 0x05, 0xf5, 0x0f, 0x02, 0x00, 0xff, 0xce, 0x0c, 0xf8, 0x02, 0x04, 0x10,
  0x00, 0x0f, 0x98, 0x04, 0x0d, 0x0f, 0x78, 0x07, 0x0d, 0x04, 0x20, 0x00, 0x0f, 0xa0, 0x03, 0x2d,
  0x0f, 0x40, 0x00, 0xff, 0x3e, 0x0c, 0xd8, 0x01, 0x0f, 0x60, 0x01, 0x0d, 0x0c, 0x30, 0x00, 0x0f,
  0x10, 0x00, 0x05, 0x0f, 0x48, 0x00, 0x0d, 0x0f, 0x20, 0x00, 0x45, 0x0f, 0x90, 0x00, 0x05, 0x0f,
  0x18, 0x00, 0x05, 0x0f, 0x88, 0x00, 0x3d, 0x0f, 0x48, 0x07, 0x9d, 0x0f, 0x00, 0x01, 0x1d, 0x04,
  0x68, 0x07, 0x0f, 0x08, 0x00, 0x0d, 0x0f, 0x58, 0x00, 0x1d, 0x0c, 0x30, 0x00, 0x04, 0x78, 0x04,
  0x0c, 0x08, 0x00, 0x0f, 0x80, 0x06, 0xff, 0xce, 0x0f, 0x02, 0x00, 0xe5, 0x0c, 0xe8, 0x02, 0x04,
  0x10, 0x00, 0x04, 0x38, 0x07, 0x0f, 0x08, 0x00, 0x0d, 0x0f, 0xe0, 0x04, 0x05, 0x0f, 0x18, 0x00,
  0x05, 0x0c, 0x70, 0x03, 0x0f, 0x10, 0x00, 0xff, 0x3e, 0x0f, 0x78, 0x01, 0x05, 0x04, 0x18, 0x00,
  0x0f, 0x28, 0x06, 0x1d, 0x04, 0x30, 0x00, 0x04, 0x40, 0x00, 0x0f, 0x08, 0x00, 0x0d, 0x0f, 0xd0,
  0x01, 0x65, 0x0f, 0x98, 0x00, 0x0d, 0x0c, 0x20, 0x00, 0x0f, 0xa8, 0x00, 0x3d, 0x04, 0x28, 0x01,
  0x0f, 0x58, 0x00, 0x3d, 0x0f, 0x50, 0x00, 0x75, 0x0f, 0x78, 0x07, 0x0d, 0x04, 0x20, 0x00, 0x0f,
  0xb0, 0x00, 0x2d, 0x04, 0x80, 0x04, 0x0c, 0x08, 0x00, 0x0f, 0xa0, 0x05, 0xe5, 0x0f, 0x02, 0x00,
  0xff, 0xce, 0x0c, 0xe8, 0x02, 0x04, 0x10, 0x00, 0x0f, 0x78, 0x07, 0x0d, 0x04, 0x20, 0x00, 0x0c,
  0xd8, 0x04, 0x0f, 0x10, 0x00, 0x0d, 0x0f, 0xa0, 0x03, 0x2d, 0x0f, 0x40, 0x00, 0xff, 0x0e, 0x0f,
  0x80, 0x01, 0x0d, 0x0f, 0x28, 0x06, 0x1d, 0x0f, 0x30, 0x00, 0x1d, 0x04, 0x80, 0x00, 0x04, 0x38,
  0x00, 0x04, 0x10, 0x00, 0x0f, 0x08, 0x00, 0x4d, 0x0f, 0x18, 0x02, 0x05, 0x0f, 0x90, 0x60, 0x7d,
  0x0f, 0xa8, 0x00, 0x05, 0x0f, 0x18, 0x00, 0x8d, 0x04, 0x60, 0x07, 0x0f, 0x08, 0x00, 0x0d, 0x0f,
  0xc8, 0x00, 0x35, 0x04, 0x88, 0x04, 0x0c, 0x08, 0x00, 0x0f, 0x90, 0x06, 0xff, 0xce, 0x0f, 0x02,
  0x00, 0xd5, 0x0c, 0xd8, 0x02, 0x04, 0x10, 0x00, 0x04, 0x58, 0x07, 0x0f, 0x08, 0x00, 0x0d, 0x04,
  0x60, 0x05, 0x0f, 0x28, 0x00, 0x0d, 0x0c, 0x90, 0x03, 0x04, 0x88, 0x05, 0x04, 0xc8, 0x56, 0x04,
  0x10, 0x00, 0x0c, 0x08, 0x00, 0x39, 0x63, 0x57, 0xd9, 0x04, 0x00, 0x04, 0x20, 0x00, 0x0c, 0x50,
  0x00, 0x0f, 0x10, 0x00, 0xcd, 0x04, 0xf8, 0x00, 0x0f, 0x08, 0x00, 0x15, 0x0f, 0x10, 0x01, 0x05,
  0x04, 0xb0, 0x01, 0x0c, 0x08, 0x00, 0x0f, 0x30, 0x00, 0x05, 0x0f, 0x18, 0x00, 0x25, 0x04, 0xa8,
  0x00, 0x04, 0x68, 0x00, 0x04, 0x10, 0x00, 0x0f, 0x08, 0x00, 0x4d, 0x0f, 0xb0, 0x00, 0x05, 0x0f,
  0x80, 0x07, 0xff, 0xff, 0xff, 0xff, 0xff, 0xff, 0xe3, 0x04, 0x78, 0x07, 0x0c, 0x08, 0x00, 0x0f,
  0x20, 0x07, 0x05, 0x0f, 0x18, 0x00, 0x05, 0x04, 0xa0, 0x09, 0x0f, 0x20, 0x00, 0x05, 0x0f, 0x18,
  0x00, 0x0d, 0x0c, 0x78, 0x07, 0x0c, 0x10, 0x00, 0x0f, 0x40, 0x00, 0x0d, 0x0f, 0x20, 0x00, 0xfd,
  0x0f, 0xf8, 0x0e, 0x0d, 0x04, 0x20, 0x00, 0x0f, 0x38, 0x01, 0x3d, 0x04, 0x18, 0x0c, 0x04, 0x08,
  0x00, 0x0f, 0x20, 0x0d, 0xd5, 0x0f, 0x02, 0x00, 0xff, 0xc6, 0x04, 0xc8, 0x02, 0x0c, 0x08, 0x00,
  0x0f, 0xc8, 0x0e, 0x0d, 0x04, 0x20, 0x00, 0x0c, 0x58, 0x05, 0x04, 0x10, 0x00, 0x04, 0x20, 0x00,
  0x04, 0x08, 0x00, 0x0f, 0x88, 0x03, 0x05, 0x04, 0x58, 0x05, 0x0c, 0x08, 0x00, 0x04, 0x30, 0x00,
  0x08, 0xf4, 0x0e, 0x0f, 0x0c, 0x00, 0x01, 0x0f, 0x48, 0x0d, 0x35, 0x04, 0x70, 0x00, 0x0f, 0x08,
  0x00, 0x5d, 0x0f, 0xc0, 0x00, 0x1d, 0x0f, 0xa0, 0x00, 0x3d, 0x04, 0xb0, 0x01, 0x0f, 0x58, 0x00,
  0x3d, 0x04, 0x50, 0x00, 0x04, 0x60, 0x00, 0x0c, 0x08, 0x00, 0x04, 0x20, 0x00, 0x0f, 0x08, 0x00,
  0x15, 0x04, 0x20, 0x02, 0x0f, 0x30, 0x00, 0x15, 0x0c, 0x28, 0x00, 0x0c, 0x70, 0x07, 0x0c, 0x10,
  0x00, 0x0c, 0x30, 0x00, 0x0f, 0x10, 0x00, 0xff, 0x0e, 0x04, 0x60, 0x07, 0x0f, 0x08, 0x00, 0x0d,
  0x0f, 0x48, 0x01, 0x3d, 0x0c, 0xa8, 0x04, 0x0f, 0x98, 0x06, 0xff, 0xc6, 0x0f, 0x02, 0x00, 0xd5,
  0x0c, 0xd0, 0x02, 0x04, 0x10, 0x00, 0x04, 0x38, 0x07, 0x0f, 0x08, 0x00, 0x0d, 0x0c, 0x58, 0x05,
  0x04, 0x10, 0x00, 0x0c, 0x38, 0x00, 0x0f, 0x88, 0x03, 0x05, 0x04, 0x58, 0x05, 0x0c, 0x08, 0x00,
  0x04, 0x30, 0x00, 0x0f, 0x74, 0x07, 0x01, 0x08, 0x14, 0x00, 0x0f, 0xc0, 0x06, 0x1d, 0x0f, 0x30,
  0x00, 0x05, 0x04, 0x70, 0x00, 0x0f, 0x08, 0x00, 0x5d, 0x0f, 0x90, 0x00, 0x05, 0x0f, 0x18, 0x00,
  0x05, 0x0f, 0xa0, 0x00, 0x3d, 0x04, 0xb0, 0x01, 0x0f, 0x58, 0x00, 0x3d, 0x0c, 0x50, 0x00, 0x0f,
  0x68, 0x00, 0x25, 0x0c, 0x18, 0x02, 0x04, 0x10, 0x00, 0x0c, 0x60, 0x00, 0x0f, 0x10, 0x00, 0x0d,
  0x0c, 0x70, 0x07, 0x0c, 0x10, 0x00, 0x0f, 0x40, 0x00, 0x0d, 0x0f, 0x20, 0x00, 0xff, 0x06, 0x0f,
  0x80, 0x07, 0x05, 0x0f, 0x30, 0x01, 0x45, 0x0c, 0x18, 0x03, 0x04, 0xb0, 0x04, 0x0f, 0xb0, 0x05,
  0xd5, 0x0f, 0x02, 0x00, 0xff, 0xb6, 0x04, 0xb8, 0x02, 0x0c, 0x08, 0x00, 0x0c, 0x38, 0x07, 0x0f,
  0x10, 0x00, 0x15, 0x04, 0x60, 0x05, 0x0f, 0x30, 0x00, 0x05, 0x0f, 0x90, 0x03, 0x0d, 0x0f, 0x58,
  0x05, 0x05, 0x08, 0x6c, 0x07, 0x0f, 0x0c, 0x00, 0x01, 0x0f, 0x58, 0x00, 0x0d, 0x0f, 0x20, 0x00,
  0x15, 0x04, 0xd8, 0x03, 0x04, 0xc8, 0x00, 0x04, 0x10, 0x00, 0x0f, 0x08, 0x00, 0x4d, 0x0f, 0xa0,
  0x00, 0x05, 0x0f, 0x20, 0x06, 0xbd, 0x04, 0x58, 0x01, 0x0f, 0xf0, 0x00, 0x05, 0x0f, 0x18, 0x00,
  0x05, 0x04, 0x18, 0x02, 0x0c, 0x08, 0x00, 0x0f, 0x30, 0x00, 0x05, 0x0f, 0x18, 0x00, 0x05, 0x0c,
  0x50, 0x01, 0x0c, 0x10, 0x00, 0x0f, 0x38, 0x00, 0x05, 0x0f, 0x18, 0x00, 0xff, 0x0e, 0x0f, 0x80,
  0x07, 0xff, 0xff, 0xff, 0xff, 0xff, 0x9a, 0x0f, 0xc8, 0x06, 0x2d, 0x04, 0x80, 0x07, 0x0f, 0x48,
  0x00, 0x2d, 0x0f, 0x78, 0x07, 0xff, 0x36, 0x0f, 0x88, 0x01, 0x2d, 0x0f, 0x40, 0x00, 0x0d, 0x0f,
  0xf8, 0x0a, 0x05, 0x0c, 0x30, 0x0c, 0x04, 0x10, 0x00, 0x0f, 0x18, 0x0e, 0xff, 0xb6, 0x0f, 0x02,
  0x00, 0xd5, 0x04, 0xb8, 0x02, 0x04, 0x08, 0x00, 0x0f, 0xb8, 0x0e, 0x05, 0x0f, 0x18, 0x00, 0x35,
  0x0f, 0x70, 0x03, 0x0d, 0x0f, 0x20, 0x00, 0x0d, 0x0c, 0xfc, 0x0e, 0x0f, 0x30, 0x00, 0x0d, 0x0f,
  0x20, 0x00, 0x1d, 0x04, 0xa0, 0x0d, 0x0c, 0x08, 0x00, 0x0f, 0x48, 0x00, 0x1d, 0x0f, 0x28, 0x06,
  0x2d, 0x0c, 0x20, 0x06, 0x0c, 0x10, 0x00, 0x0f, 0x90, 0x00, 0x1d, 0x0f, 0x30, 0x00, 0xb5, 0x0f,
  0x58, 0x01, 0x2d, 0x04, 0x08, 0x01, 0x0f, 0x50, 0x01, 0xf5, 0x04, 0x10, 0x01, 0x0f, 0x08, 0x00,
  0x85, 0x0f, 0x80, 0x07, 0xff, 0xff, 0xff, 0xff, 0xff, 0x82, 0x0f, 0x28, 0x06, 0x85, 0x0f, 0x98,
  0x00, 0xff, 0x36, 0x0c, 0x70, 0x07, 0x0f, 0x58, 0x01, 0x05, 0x04, 0x30, 0x0c, 0x0c, 0x08, 0x00,
  0x0f, 0x38, 0x0d, 0xd5, 0x0f, 0x02, 0x00, 0xff, 0xae, 0x0c, 0xb8, 0x02, 0x0f, 0xe0, 0x0e, 0x35,
  0x0f, 0x48, 0x00, 0x0d, 0x0f, 0x50, 0x03, 0x05, 0x0f, 0x18, 0x00, 0x7d, 0x04, 0x00, 0x0f, 0x0f,
  0x98, 0x00, 0x1d, 0x04, 0xa0, 0x0d, 0x0c, 0x08, 0x00, 0x0f, 0x48, 0x00, 0x1d, 0x0c, 0xa0, 0x0d,
  0x0c, 0x10, 0x00, 0x0f, 0x50, 0x00, 0x1d, 0x0f, 0x30, 0x00, 0xff, 0xff, 0x97, 0x0f, 0x80, 0x07,
  0xff, 0xff, 0xff, 0xff, 0xff, 0xff, 0xff, 0x5c, 0x0c, 0x68, 0x07, 0x04, 0x10, 0x00, 0x0f, 0x28,
  0x0a, 0x05, 0x0f, 0x10, 0x0b, 0x05, 0x0c, 0x48, 0x0c, 0x04, 0x10, 0x00, 0x0f, 0x20, 0x0e, 0xff,
  0xae, 0x0f, 0x02, 0x00, 0xcd, 0x04, 0xa8, 0x02, 0x0f, 0xb0, 0x0e, 0x0d, 0x0f, 0x20, 0x00, 0x35,
  0x0f, 0x58, 0x03, 0x05, 0x0f, 0x18, 0x00, 0xc5, 0x04, 0x00, 0x0f, 0x0f, 0xe0, 0x00, 0x2d, 0x0f,
  0xf8, 0x0e, 0xff, 0xff, 0xc7, 0x04, 0x70, 0x07, 0x0c, 0x08, 0x00, 0x0f, 0x30, 0x03, 0x05, 0x0f,
  0x80, 0x07, 0xff, 0xff, 0xff, 0xff, 0xff, 0xff, 0xff, 0x2c, 0x0c, 0x60, 0x07, 0x04, 0x10, 0x00,
  0x0f, 0x68, 0x07, 0x05, 0x0c, 0x18, 0x00, 0x04, 0x78, 0x07, 0x0c, 0x08, 0x00, 0x04, 0x28, 0x00,
  0x04, 0x48, 0x0c, 0x0c, 0x08, 0x00, 0x0f, 0x40, 0x0d, 0xcd, 0x0f, 0x02, 0x00, 0xff, 0xa6, 0x0c,
  0xa8, 0x02, 0x0f, 0xe0, 0x0e, 0x35, 0x0f, 0x48, 0x00, 0x0d, 0x04, 0x30, 0x03, 0x0f, 0x08, 0x00,
  0xff, 0xff, 0xff, 0xe0, 0x04, 0x70, 0x07, 0x0c, 0x08, 0x00, 0x0f, 0x08, 0x04, 0x15, 0x0c, 0x78,
  0x07, 0x04, 0x10, 0x00, 0x04, 0x40, 0x00, 0x0c, 0xd0, 0x04, 0x04, 0x10, 0x00, 0x0f, 0xa0, 0x06,
  0xff, 0xa6, 0x0f, 0x02, 0x00, 0xcd, 0x04, 0xa0, 0x02, 0x04, 0x08, 0x00, 0x0f, 0x38, 0x07, 0x0d,
  0x0f, 0x20, 0x00, 0x35, 0x04, 0x30, 0x03, 0x0f, 0x08, 0x00, 0xff, 0xff, 0xff, 0xd0, 0x0f, 0x68,
  0x07, 0x25, 0x0f, 0x18, 0x04, 0x0d, 0x0c, 0x78, 0x07, 0x0c, 0x30, 0x00, 0x04, 0xd0, 0x04, 0x04,
  0x08, 0x00, 0x0f, 0xc8, 0x05, 0xcd, 0x0f, 0x02, 0x00, 0xff, 0xa6, 0x04, 0xa0, 0x02, 0x0f, 0x58,
  0x07, 0x35, 0x0f, 0x48, 0x00, 0x15, 0x0c, 0x30, 0x03, 0x0f, 0x10, 0x00, 0xff, 0xff, 0xff, 0xc8,
  0x0f, 0x80, 0x07, 0xff, 0xff, 0xff, 0xff, 0xff, 0x62, 0x04, 0x78, 0x50, 0x0f, 0x50, 0x09, 0xe5,
  0x04, 0x00, 0x01, 0x0c, 0x08, 0x00, 0x0f, 0x10, 0x01, 0xcd, 0x0c, 0x68, 0x07, 0x04, 0x10, 0x00,
  0x0f, 0x20, 0x47, 0x4d, 0x0f, 0x58, 0x01, 0x05, 0x04, 0x58, 0x0c, 0x04, 0x08, 0x00, 0x0f, 0x20,
  0x0e, 0xff, 0xa6, 0x0f, 0x02, 0x00, 0xcd, 0x04, 0xa0, 0x02, 0x0f, 0xb8, 0x0e, 0x15, 0x0f, 0x28,
  0x00, 0x35, 0x0f, 0x38, 0x03, 0x05, 0x0f, 0x18, 0x00, 0xff, 0xae, 0x04, 0x78, 0x06, 0x0f, 0xc8,
  0x01, 0xe5, 0x04, 0x00, 0x01, 0x0c, 0x08, 0x00, 0x0f, 0x10, 0x01, 0xcd, 0x04, 0x70, 0x07, 0x0c,
  0x08, 0x00, 0x0f, 0x80, 0x07, 0xff, 0xff, 0xff, 0xff, 0xff, 0xff, 0x5b, 0x0c, 0x70, 0x07, 0x0f,
  0x10, 0x00, 0x05, 0x0f, 0x88, 0x07, 0xb5, 0x0c, 0x68, 0x07, 0x04, 0xd8, 0x00, 0x04, 0x68, 0x37,
  0x0c, 0x78, 0x07, 0x0c, 0x10, 0x00, 0x04, 0x30, 0x00, 0x0f, 0x08, 0x00, 0x35, 0x04, 0x48, 0x0c,
  0x0f, 0x08, 0x00, 0x05, 0x0f, 0x48, 0x0d, 0xcd, 0x0f, 0x02, 0x00, 0xff, 0xa6, 0x04, 0xb0, 0x02,
  0x0f, 0xd8, 0x0e, 0x35, 0x0f, 0x48, 0x00, 0x15, 0x0f, 0x78, 0x03, 0x35, 0x0f, 0x48, 0x00, 0x0d,
  0x0f, 0x08, 0x05, 0xcd, 0x0f, 0x00, 0x01, 0x0d, 0x0f, 0x20, 0x00, 0x5d, 0x04, 0x70, 0x01, 0x0f,
  0x78, 0x00, 0x5d, 0x0f, 0x70, 0x00, 0x6d, 0x04, 0xf8, 0x00, 0x0f, 0x08, 0x00, 0x0d, 0x0f, 0xa8,
  0x00, 0x6d, 0x0f, 0x80, 0x00, 0x35, 0x0f, 0x80, 0x07, 0xff, 0xff, 0xff, 0xff, 0xff, 0xff, 0xff,
  0x54, 0x04, 0x60, 0x2c, 0x0c, 0x68, 0x07, 0x04, 0x10, 0x00, 0x0c, 0xc8, 0x07, 0x04, 0xf8, 0x0e,
  0x0c, 0x08, 0x00, 0x0c, 0xf8, 0x0e, 0x04, 0x10, 0x00, 0x0c, 0x40, 0x00, 0x0f, 0x10, 0x00, 0x2d,
  0x04, 0x48, 0x0c, 0x0f, 0x08, 0x00, 0x05, 0x0f, 0x20, 0x0e, 0xff, 0xa6, 0x0f, 0x02, 0x00, 0xcd,
  0x0c, 0xb0, 0x02, 0x0f, 0xc0, 0x0e, 0x15, 0x0f, 0x28, 0x00, 0x35, 0x0f, 0x78, 0x03, 0x2d, 0x0f,
  0x40, 0x00, 0x05, 0x0f, 0x88, 0x0c, 0x0d, 0x04, 0x20, 0x00, 0x0f, 0x40, 0x00, 0x05, 0x0f, 0x18,
  0x00, 0xcd, 0x04, 0x00, 0x01, 0x0c, 0x08, 0x00, 0x0f, 0xf8, 0x00, 0x2d, 0x04, 0x50, 0x00, 0x0f,
  0x48, 0x00, 0x2d, 0x0f, 0x40, 0x00, 0x9d, 0x04, 0xf8, 0x00, 0x0f, 0x08, 0x00, 0x0d, 0x0f, 0xd8,
  0x00, 0x95, 0x0f, 0x80, 0x07, 0xff, 0xff, 0xff, 0xff, 0xff, 0xaa, 0x0f, 0x60, 0x06, 0x95, 0x0f,
  0xa8, 0x00, 0x3d, 0x0f, 0x78, 0x07, 0x0d, 0x04, 0x20, 0x00, 0x0f, 0x78, 0x00, 0x3d, 0x0f, 0x50,
  0x00, 0x35, 0x04, 0xd8, 0x0e, 0x04, 0x78, 0x07, 0x0c, 0x08, 0x00, 0x0f, 0x68, 0x00, 0x15, 0x04,
  0x00, 0x0f, 0x04, 0x30, 0x00, 0x04, 0xf0, 0x0e, 0x04, 0x08, 0x00, 0x04, 0x18, 0x00, 0x0f, 0x08,
  0x00, 0x45, 0x0c, 0x50, 0x0c, 0x0f, 0x40, 0x0d, 0xcd, 0x0f, 0x02, 0x00, 0xff, 0xae, 0x0c, 0xb0,
  0x02, 0x0f, 0xd8, 0x0e, 0x35, 0x0f, 0x48, 0x00, 0x15, 0x0f, 0x88, 0x03, 0x45, 0x04, 0xf0, 0x04,
  0x0f, 0x08, 0x00, 0x0d, 0x0f, 0x80, 0x00, 0x45, 0x0f, 0x58, 0x00, 0x85, 0x0f, 0x10, 0x01, 0x0d,
  0x04, 0x20, 0x00, 0x0f, 0xc0, 0x00, 0x85, 0x0f, 0x98, 0x00, 0x85, 0x04, 0x38, 0x01, 0x0f, 0x08,
  0x00, 0x0d, 0x0f, 0xc0, 0x00, 0x85, 0x0f, 0x80, 0x07, 0xff, 0xff, 0xff, 0xff, 0xff, 0xff, 0xb3,
  0x04, 0x58, 0x07, 0x0f, 0x80, 0x07, 0x05, 0x04, 0x20, 0x00, 0x0f, 0x08, 0x00, 0x6d, 0x04, 0x68,
  0x07, 0x0c, 0x08, 0x00, 0x0c, 0x98, 0x00, 0x04, 0x00, 0x0f, 0x0c, 0x18, 0x00, 0x0f, 0x10, 0x00,
  0x8d, 0x0c, 0x50, 0x0c, 0x0f, 0x20, 0x0e, 0xff, 0xae, 0x0f, 0x02, 0x00, 0xcd, 0x0c, 0xb0, 0x02,
  0x0f, 0xb8, 0x0e, 0x15, 0x0f, 0x28, 0x00, 0x35, 0x0f, 0xd0, 0x03, 0x45, 0x0f, 0x08, 0x05, 0x05,
  0x0c, 0x18, 0x00, 0x0f, 0x80, 0x00, 0x45, 0x0f, 0x58, 0x00, 0x85, 0x0c, 0x00, 0x01, 0x0f, 0x10,
  0x00, 0x05, 0x0f, 0xc0, 0x00, 0x85, 0x0f, 0x98, 0x00, 0x8d, 0x0f, 0x50, 0x01, 0x8d, 0x0c, 0x78,
  0x07, 0x04, 0x10, 0x00, 0x0c, 0x58, 0x01, 0x0f, 0x80, 0x07, 0xff, 0xff, 0xff, 0xff, 0xff, 0xff,
  0xab, 0x0c, 0xc8, 0x06, 0x0f, 0x10, 0x00, 0x25, 0x0c, 0xc8, 0x07, 0x0c, 0x78, 0x72, 0x04, 0x10,
  0x00, 0x0f, 0x60, 0x00, 0x05, 0x04, 0x58, 0x07, 0x0c, 0x08, 0x00, 0x0f, 0x30, 0x00, 0x05, 0x0f,
  0x18, 0x00, 0xad, 0x0c, 0x48, 0x0c, 0x04, 0x10, 0x00, 0x0f, 0x40, 0x0d, 0xcd, 0x0f, 0x02, 0x00,
  0xe5, 0x39, 0xf8, 0xbe, 0xb8, 0x04, 0x00, 0x0f, 0x08, 0x01, 0xa5, 0x04, 0xa8, 0x02, 0x04, 0x08,
  0x00, 0x0f, 0xd8, 0x0e, 0x35, 0x0f, 0x48, 0x00, 0x1d, 0x0f, 0x00, 0x04, 0x45, 0x0c, 0xc8, 0x04,
  0x04, 0x10, 0x00, 0x0f, 0x70, 0x00, 0x45, 0x0f, 0x58, 0x00, 0x8d, 0x04, 0x00, 0x01, 0x0f, 0x08,
  0x00, 0x0d, 0x0f, 0xc8, 0x00, 0x8d, 0x0f, 0xa0, 0x00, 0xcd, 0x0c, 0xa0, 0x01, 0x04, 0x70, 0x07,
  0x0c, 0x08, 0x00, 0x0f, 0x08, 0x01, 0x05, 0x0c, 0x78, 0x07, 0x04, 0x10, 0x00, 0x0f, 0x30, 0x00,
  0x05, 0x0f, 0x18, 0x00, 0xad, 0x04, 0xc0, 0x04, 0x0c, 0x08, 0x00, 0x0f, 0x98, 0x05, 0xa5, 0x0f,
  0x02, 0x00, 0xff, 0x0e, 0x08, 0x7c, 0x07, 0x0f, 0x80, 0x07, 0xff, 0xff, 0xff, 0xff, 0x45, 0x0c,
  0x68, 0x07, 0x0f, 0x10, 0x00, 0x05, 0x04, 0xa8, 0x07, 0x04, 0x60, 0x07, 0x0c, 0x28, 0x00, 0x0f,
  0x58, 0x07, 0xad, 0x0f, 0xc0, 0x00, 0x15, 0x0f, 0x78, 0x07, 0xff, 0xe6, 0x0f, 0x88, 0x07, 0xad,
  0x0c, 0xb8, 0x02, 0x04, 0x10, 0x00, 0x0f, 0xc0, 0x0e, 0x1d, 0x0f, 0x30, 0x00, 0x2d, 0x0f, 0x68,
  0x03, 0x15, 0x0f, 0x28, 0x00, 0xff, 0x36, 0x04, 0xb8, 0x05, 0x0c, 0x08, 0x00, 0x0f, 0x60, 0x01,
  0xff, 0x36, 0x0f, 0x48, 0x01, 0x2d, 0x0c, 0x48, 0x07, 0x0f, 0x10, 0x00, 0x05, 0x04, 0xc0, 0x01,
  0x0f, 0x80, 0x07, 0xff, 0xff, 0xff, 0xff, 0xff, 0xff, 0xff, 0x3c, 0x0f, 0x68, 0x07, 0x05, 0x0f,
  0x18, 0x00, 0x0d, 0x04, 0x88, 0x07, 0x0f, 0x28, 0x00, 0x05, 0x0f, 0x10, 0x08, 0x2d, 0x0f, 0x40,
  0x00, 0x85, 0x04, 0x30, 0x0c, 0x0c, 0x08, 0x00, 0x0f, 0xc0, 0x15, 0xff, 0x0e, 0x0f, 0x02, 0x00,
  0x9d, 0x0c, 0xe8, 0x0e, 0x0f, 0x10, 0x00, 0x0d, 0x0f, 0xe0, 0x00, 0x9d, 0x0c, 0xc0, 0x02, 0x0f,
  0xd0, 0x0e, 0x2d, 0x0f, 0x40, 0x00, 0x25, 0x0f, 0xe8, 0x03, 0x85, 0x0f, 0x98, 0x00, 0xff, 0xff,
  0x57, 0x0f, 0x40, 0x07, 0x05, 0x0f, 0x18, 0x00, 0x0d, 0x0f, 0x80, 0x07, 0xff, 0xff, 0xff, 0xff,
  0xff, 0xff, 0xff, 0x2c, 0x04, 0x38, 0x16, 0x0f, 0x40, 0x07, 0x0d, 0x0f, 0x80, 0x07, 0xfd, 0x0c,
  0x30, 0x0c, 0x04, 0x10, 0x00, 0x0f, 0xf8, 0x0c, 0x9d, 0x0f, 0x02, 0x00, 0xff, 0x16, 0x0f, 0xf0,
  0x0e, 0x05, 0x04, 0x38, 0x03, 0x0f, 0x08, 0x00, 0x05, 0x0f, 0x60, 0x01, 0x9d, 0x04, 0xc8, 0x02,
  0x0f, 0xc0, 0x0e, 0x25, 0x0f, 0x38, 0x00, 0x2d, 0x0f, 0x68, 0x0e, 0xff, 0xff, 0x57, 0x0f, 0x68,
  0x02, 0x75, 0x0f, 0x80, 0x07, 0xff, 0xff, 0xff, 0xff, 0xff, 0xff, 0x43, 0x04, 0x50, 0x06, 0x0f,
  0x08, 0x00, 0x15, 0x0f, 0x08, 0x07, 0x75, 0x0c, 0x88, 0x00, 0x0f, 0xc0, 0x00, 0x15, 0x0f, 0x28,
  0x00, 0x2d, 0x04, 0xb8, 0x0b, 0x0f, 0xe0, 0x0e, 0x0d, 0x0f, 0x20, 0x00, 0x15, 0x0c, 0x50, 0x00,
  0x0c, 0xd8, 0x00, 0x0f, 0x10, 0x00, 0xad, 0x04, 0x20, 0x0c, 0x0c, 0x08, 0x00, 0x0f, 0xe8, 0x0c,
  0x9d, 0x0f, 0x02, 0x00, 0xff, 0x1e, 0x04, 0xd8, 0x02, 0x0c, 0x08, 0x00, 0x0f, 0x18, 0x03, 0x0d,
  0x04, 0x30, 0x00, 0x0f, 0x70, 0x01, 0x95, 0x04, 0xd8, 0x02, 0x0f, 0x58, 0x04, 0x2d, 0x0f, 0x08,
  0x0f, 0xff, 0xde, 0x0f, 0x30, 0x02, 0x25, 0x0f, 0x10, 0x06, 0x85, 0x0f, 0xd0, 0x00, 0x25, 0x0f,
  0x38, 0x00, 0x1d, 0x04, 0x20, 0x04, 0x0f, 0x48, 0x04, 0x0d, 0x0f, 0x20, 0x00, 0x15, 0x0c, 0x50,
  0x00, 0x0f, 0x60, 0x01, 0x85, 0x0f, 0x98, 0x00, 0x25, 0x04, 0xa0, 0x04, 0x0c, 0x08, 0x00, 0x0f,
  0x60, 0x05, 0x95, 0x0f, 0x02, 0x00, 0xff, 0x26, 0x04, 0xd8, 0x02, 0x0c, 0x08, 0x00, 0x0f, 0x18,
  0x03, 0x0d, 0x04, 0x30, 0x00, 0x0f, 0x78, 0x01, 0x95, 0x04, 0xd8, 0x02, 0x0f, 0x48, 0x04, 0x1d,
  0x0c, 0x30, 0x00, 0x0f, 0x80, 0x07, 0xff, 0xe6, 0x0f, 0xb8, 0x50, 0x1d, 0x0c, 0x38, 0x02, 0x0f,
  0x10, 0x00, 0x75, 0x0f, 0x20, 0x06, 0x1d, 0x0f, 0xf8, 0x00, 0x1d, 0x04, 0x60, 0x00, 0x0f, 0x40,
  0x04, 0x0d, 0x04, 0x20, 0x00, 0x04, 0x48, 0x04, 0x04, 0x10, 0x00, 0x0f, 0x08, 0x00, 0x05, 0x04,
  0x28, 0x00, 0x04, 0x60, 0x00, 0x04, 0x10, 0x00, 0x0c, 0x30, 0x00, 0x04, 0x18, 0x00, 0x04, 0x08,
  0x00, 0x04, 0x30, 0x00, 0x0f, 0x08, 0x00, 0x85, 0x04, 0x98, 0x04, 0x0c, 0x08, 0x00, 0x0f, 0x58,
  0x05, 0x95, 0x0f, 0x02, 0x00, 0xff, 0x26, 0x04, 0xa0, 0x02, 0x0c, 0xc0, 0x02, 0x0f, 0x10, 0x00,
  0x1d, 0x04, 0x48, 0x00, 0x0f, 0x88, 0x01, 0x95, 0x04, 0xe8, 0x02, 0x0c, 0x48, 0x07, 0x04, 0x60,
  0x6c, 0x0c, 0x18, 0x00, 0x0c, 0x10, 0x00, 0x0f, 0x48, 0x05, 0x5d, 0x0f, 0x38, 0x04, 0x85, 0x0f,
  0x98, 0x00, 0xb5, 0x0f, 0xd0, 0x01, 0x0d, 0x04, 0xe8, 0x00, 0x0f, 0x88, 0x06, 0x1d, 0x0f, 0x58,
  0x00, 0x0d, 0x0f, 0x20, 0x00, 0x65, 0x04, 0xd0, 0x00, 0x0f, 0x08, 0x00, 0x15, 0x0f, 0xf8, 0x00,
  0x1d, 0x04, 0x58, 0x00, 0x0f, 0x48, 0x04, 0x15, 0x04, 0x40, 0x04, 0x0f, 0x30, 0x00, 0x0d, 0x04,
  0x28, 0x00, 0x04, 0x60, 0x00, 0x04, 0x10, 0x00, 0x0c, 0x38, 0x00, 0x04, 0x18, 0x00, 0x04, 0x08,
  0x00, 0x04, 0x30, 0x00, 0x0f, 0x08, 0x00, 0x85, 0x04, 0x90, 0x04, 0x0c, 0x08, 0x00, 0x0f, 0x50,
  0x05, 0x95, 0x0f, 0x02, 0x00, 0xff, 0x26, 0x04, 0xa0, 0x02, 0x0c, 0xc0, 0x02, 0x0f, 0x10, 0x00,
  0x1d, 0x04, 0x48, 0x00, 0x0f, 0x88, 0x01, 0x95, 0x04, 0xe8, 0x02, 0x0c, 0x58, 0x07, 0x0f, 0x80,
  0x07, 0xff, 0xff, 0x17, 0x0c, 0x90, 0x06, 0x04, 0x38, 0x02, 0x0f, 0xe0, 0x05, 0x55, 0x0c, 0xa0,
  0x03, 0x04, 0x78, 0x00, 0x0f, 0x88, 0x00, 0x3d, 0x04, 0xe8, 0x00, 0x0c, 0x08, 0x00, 0x04, 0x70,
  0x00, 0x0f, 0x08, 0x00, 0x0d, 0x0c, 0xa8, 0x00, 0x0c, 0x10, 0x00, 0x04, 0x38, 0x04, 0x04, 0x48,
  0x00, 0x0c, 0x20, 0x00, 0x0c, 0x10, 0x00, 0x0f, 0x30, 0x00, 0x1d, 0x04, 0x40, 0x00, 0x04, 0x60,
  0x00, 0x0f, 0x08, 0x00, 0x7d, 0x04, 0x88, 0x04, 0x0c, 0x08, 0x00, 0x0f, 0x48, 0x05, 0x95, 0x0f,
  0x02, 0x00, 0xff, 0x26, 0x04, 0xc8, 0x02, 0x04, 0xa0, 0x02, 0x0f, 0x08, 0x00, 0x35, 0x04, 0x58,
  0x00, 0x0f, 0x98, 0x01, 0x95, 0x04, 0xf8, 0x02, 0x04, 0xb8, 0x04, 0x0c, 0x08, 0x00, 0x0c, 0xa0,
  0x07, 0x0f, 0x10, 0x00, 0x05, 0x04, 0x80, 0x7b, 0x04, 0x08, 0x00, 0x0f, 0x28, 0x00, 0x05, 0x04,
  0x18, 0x00, 0x04, 0x68, 0x00, 0x0f, 0x10, 0x04, 0x15, 0x0f, 0x28, 0x0d, 0x4d, 0x0f, 0x88, 0x00,
  0x15, 0x0f, 0x28, 0x00, 0x5d, 0x0f, 0xf8, 0x00, 0x4d, 0x04, 0x60, 0x00, 0x0f, 0xd8, 0x00, 0x15,
  0x0f, 0x88, 0x06, 0x05, 0x0f, 0xd0, 0x01, 0x1d, 0x0f, 0x70, 0x00, 0x15, 0x0f, 0x28, 0x00, 0x05,
  0x0c, 0xb0, 0x03, 0x04, 0x28, 0x00, 0x0f, 0x88, 0x00, 0x3d, 0x0c, 0xf0, 0x00, 0x04, 0x10, 0x00,
  0x04, 0x70, 0x00, 0x0f, 0x08, 0x00, 0x0d, 0x0c, 0xa8, 0x00, 0x0c, 0x10, 0x00, 0x04, 0x30, 0x04,
  0x04, 0x48, 0x00, 0x0c, 0x20, 0x00, 0x0c, 0x10, 0x00, 0x0f, 0x30, 0x00, 0x1d, 0x04, 0x40, 0x00,
  0x04, 0x60, 0x00, 0x0f, 0x08, 0x00, 0x7d, 0x04, 0x80, 0x04, 0x0c, 0x08, 0x00, 0x0f, 0x40, 0x05,
  0x95, 0x0f, 0x02, 0x00, 0xff, 0x26, 0x04, 0xc8, 0x02, 0x04, 0xa0, 0x02, 0x0f, 0x08, 0x00, 0x35,
  0x04, 0x58, 0x00, 0x0f, 0x98, 0x01, 0x95, 0x04, 0xf8, 0x02, 0x04, 0xb8, 0x04, 0x0c, 0x08, 0x00,
  0x04, 0x30, 0x07, 0x0f, 0x08, 0x00, 0x0d, 0x04, 0x78, 0x07, 0x04, 0x08, 0x00, 0x0f, 0x30, 0x00,
  0x0d, 0x04, 0x68, 0x00, 0x0f, 0x10, 0x04, 0x15, 0x04, 0x28, 0x06, 0x0f, 0x08, 0x00, 0x45, 0x0f,
  0x88, 0x00, 0x15, 0x0f, 0x28, 0x00, 0x5d, 0x0f, 0xf0, 0x00, 0x45, 0x0c, 0x58, 0x00, 0x0f, 0xd8,
  0x00, 0x15, 0x0c, 0x80, 0x06, 0x04, 0xc8, 0x01, 0x0c, 0x08, 0x00, 0x0f, 0x50, 0x00, 0x15, 0x0f,
  0x28, 0x00, 0x1d, 0x0f, 0xa8, 0x03, 0x05, 0x0c, 0x80, 0x00, 0x04, 0x10, 0x00, 0x0f, 0x60, 0x00,
  0x1d, 0x0f, 0x30, 0x00, 0x05, 0x0c, 0xf8, 0x00, 0x0f, 0x28, 0x00, 0x05, 0x0c, 0x18, 0x00, 0x0f,
  0xb0, 0x00, 0x05, 0x0c, 0x28, 0x00, 0x0c, 0x10, 0x00, 0x04, 0x48, 0x04, 0x0c, 0x40, 0x00, 0x0f,
  0x18, 0x00, 0x05, 0x0c, 0x28, 0x00, 0x0f, 0x10, 0x00, 0x05, 0x0c, 0x68, 0x00, 0x0f, 0x10, 0x00,
  0x65, 0x04, 0x78, 0x04, 0x0c, 0x08, 0x00, 0x0f, 0x38, 0x05, 0x95, 0x0f, 0x02, 0x00, 0xff, 0x26,
  0x0f, 0xc0, 0x02, 0x2d, 0x0f, 0xd8, 0x02, 0x05, 0x0c, 0x18, 0x00, 0x04, 0x68, 0x00, 0x0f, 0xa8,
  0x01, 0x95, 0x04, 0x08, 0x03, 0x04, 0xb8, 0x04, 0x0f, 0x40, 0x07, 0x0d, 0x04, 0x20, 0x00, 0x04,
  0x70, 0x07, 0x0f, 0x08, 0x00, 0x05, 0x04, 0x28, 0x00, 0x04, 0x08, 0x00, 0x04, 0x60, 0x00, 0x0c,
  0x08, 0x00, 0x0f, 0x08, 0x04, 0x3d, 0x0f, 0x30, 0x05, 0x1d, 0x0c, 0x90, 0x06, 0x0f, 0x10, 0x00,
  0x75, 0x0f, 0x18, 0x01, 0x1d, 0x0f, 0xf8, 0x00, 0x1d, 0x0f, 0x60, 0x00, 0x2d, 0x0c, 0xc8, 0x01,
  0x04, 0x10, 0x00, 0x0f, 0x58, 0x00, 0x1d, 0x0f, 0x30, 0x00, 0x15, 0x0c, 0x68, 0x03, 0x04, 0x10,
  0x00, 0x04, 0x78, 0x00, 0x0c, 0x08, 0x00, 0x0f, 0x58, 0x00, 0x15, 0x0f, 0x28, 0x00, 0x0d, 0x0f,
  0x58, 0x01, 0x25, 0x04, 0xa0, 0x00, 0x0c, 0x08, 0x00, 0x0f, 0x70, 0x00, 0x0d, 0x04, 0x40, 0x04,
  0x0c, 0x38, 0x00, 0x0f, 0x18, 0x00, 0x05, 0x0c, 0x28, 0x00, 0x0f, 0x10, 0x00, 0x05, 0x0f, 0x78,
  0x00, 0x0d, 0x0f, 0x20, 0x00, 0x55, 0x04, 0x70, 0x04, 0x0c, 0x08, 0x00, 0x0f, 0x30, 0x05, 0x95,
  0x0f, 0x02, 0x00, 0xff, 0x26, 0x0f, 0xc0, 0x02, 0x2d, 0x0f, 0xd8, 0x02, 0x05, 0x0c, 0x18, 0x00,
  0x04, 0x68, 0x00, 0x0f, 0xa8, 0x01, 0x95, 0x04, 0x08, 0x03, 0x04, 0xc0, 0x04, 0x04, 0x30, 0x07,
  0x0f, 0x08, 0x00, 0x0d, 0x0f, 0x78, 0x07, 0x05, 0x04, 0x18, 0x00, 0x0c, 0x40, 0x00, 0x04, 0x60,
  0x00, 0x0c, 0x08, 0x00, 0x0f, 0xf8, 0x03, 0x3d, 0x0f, 0x30, 0x05, 0x1d, 0x0f, 0x70, 0x07, 0x75,
  0x0c, 0x88, 0x00, 0x0f, 0x18, 0x01, 0x1d, 0x0f, 0xf8, 0x00, 0x1d, 0x0f, 0x60, 0x00, 0x1d, 0x0f,
  0x30, 0x00, 0x05, 0x04, 0xd0, 0x01, 0x0f, 0x20, 0x00, 0x05, 0x0f, 0x18, 0x00, 0x35, 0x0c, 0x68,
  0x03, 0x0c, 0x10, 0x00, 0x0f, 0x88, 0x00, 0x55, 0x0f, 0xd0, 0x00, 0x15, 0x0c, 0xa0, 0x00, 0x04,
  0x10, 0x00, 0x0f, 0x40, 0x00, 0x0d, 0x04, 0x40, 0x04, 0x04, 0x30, 0x00, 0x04, 0x08, 0x00, 0x0f,
  0x18, 0x00, 0x05, 0x04, 0x20, 0x00, 0x0f, 0x08, 0x00, 0x0d, 0x0f, 0x78, 0x00, 0x0d, 0x0f, 0x20,
  0x00, 0x4d, 0x04, 0x68, 0x04, 0x0c, 0x08, 0x00, 0x0f, 0x28, 0x05, 0x95, 0x0f, 0x02, 0x00, 0xff,
  0x26, 0x0f, 0xb8, 0x02, 0x2d, 0x0f, 0xd8, 0x02, 0x0d, 0x0c, 0x20, 0x00, 0x04, 0x70, 0x00, 0x0f,
  0xb0, 0x01, 0x9d, 0x04, 0x18, 0x03, 0x0c, 0x38, 0x07, 0x0f, 0x10, 0x00, 0x05, 0x04, 0x68, 0x07,
  0x0f, 0x08, 0x00, 0x05, 0x0f, 0x38, 0x00, 0x05, 0x04, 0x28, 0x05, 0x0c, 0x20, 0x00, 0x0f, 0x00,
  0x04, 0x2d, 0x04, 0x80, 0x06, 0x0c, 0x08, 0x00, 0x04, 0x58, 0x00, 0x04, 0x78, 0x00, 0x04, 0x10,
  0x00, 0x0f, 0x08, 0x00, 0x4d, 0x0c, 0x18, 0x02, 0x04, 0x70, 0x00, 0x0f, 0x88, 0x00, 0x3d, 0x0c,
  0xf0, 0x00, 0x04, 0x10, 0x00, 0x04, 0x70, 0x00, 0x0f, 0x08, 0x00, 0x4d, 0x0f, 0xd0, 0x00, 0x3d,
  0x0f, 0xb0, 0x00, 0x05, 0x0c, 0x50, 0x01, 0x0c, 0x10, 0x00, 0x0f, 0x88, 0x00, 0x55, 0x0f, 0xa0,
  0x00, 0x05, 0x0c, 0x18, 0x00, 0x0c, 0xa0, 0x00, 0x04, 0x10, 0x00, 0x0c, 0x28, 0x00, 0x0c, 0x10,
  0x00, 0x04, 0x40, 0x04, 0x04, 0x30, 0x00, 0x04, 0x08, 0x00, 0x0f, 0x18, 0x00, 0x05, 0x04, 0x20,
  0x00, 0x0f, 0x08, 0x00, 0x0d, 0x0c, 0x68, 0x00, 0x0f, 0x10, 0x00, 0x5d, 0x04, 0x60, 0x04, 0x0c,
  0x08, 0x00, 0x0f, 0x28, 0x05, 0x9d, 0x0f, 0x02, 0x00, 0xff, 0x1e, 0x0f, 0xb8, 0x02, 0x2d, 0x0f,
  0xd8, 0x02, 0x0d, 0x0c, 0x20, 0x00, 0x04, 0x70, 0x00, 0x0f, 0xa8, 0x01, 0x9d, 0x04, 0x18, 0x03,
  0x0c, 0x18, 0x07, 0x0f, 0x10, 0x00, 0x05, 0x0f, 0x78, 0x07, 0x05, 0x04, 0x18, 0x00, 0x0f, 0x38,
  0x00, 0x05, 0x04, 0x28, 0x05, 0x0c, 0x20, 0x00, 0x0f, 0x10, 0x04, 0x2d, 0x04, 0x78, 0x06, 0x0c,
  0x08, 0x00, 0x04, 0x58, 0x00, 0x04, 0x78, 0x00, 0x04, 0x10, 0x00, 0x0f, 0x08, 0x00, 0x4d, 0x0c,
  0x18, 0x02, 0x04, 0x70, 0x00, 0x0f, 0x88, 0x00, 0x3d, 0x0c, 0xf0, 0x00, 0x04, 0x10, 0x00, 0x04,
  0x70, 0x00, 0x0f, 0x08, 0x00, 0xbd, 0x0f, 0x58, 0x01, 0x05, 0x0f, 0xe8, 0x00, 0x65, 0x04, 0xf0,
  0x03, 0x39, 0x2a, 0x20, 0xb3, 0x04, 0x00, 0x04, 0x18, 0x00, 0x0c, 0xb0, 0x00, 0x08, 0x24, 0x00,
  0x0f, 0x0c, 0x00, 0x01, 0x0c, 0x38, 0x00, 0x04, 0x10, 0x00, 0x0f, 0x08, 0x00, 0x0d, 0x0c, 0x68,
  0x00, 0x04, 0x10, 0x00, 0x04, 0x38, 0x00, 0x0f, 0x6c, 0x00, 0x01, 0x0f, 0x14, 0x00, 0x09, 0x0f,
  0x50, 0x01, 0x35, 0x04, 0x58, 0x04, 0x0c, 0x08, 0x00, 0x0f, 0x20, 0x05, 0x9d, 0x0f, 0x02, 0x00,
  0x45, 0x0c, 0x00, 0x59, 0x0f, 0x68, 0x00, 0x45, 0x0f, 0x02, 0x00, 0x5d, 0x04, 0x78, 0x02, 0x04,
  0x88, 0x02, 0x0f, 0x08, 0x00, 0x55, 0x04, 0x78, 0x00, 0x0f, 0xf0, 0x00, 0x5d, 0x0f, 0x02, 0x00,
  0x35, 0x0c, 0x28, 0x03, 0x0c, 0x28, 0x07, 0x0c, 0x10, 0x00, 0x04, 0x70, 0x07, 0x04, 0x08, 0x00,
  0x0c, 0x20, 0x00, 0x0f, 0x10, 0x00, 0x1d, 0x0f, 0xf8, 0x03, 0x2d, 0x0c, 0x80, 0x06, 0x04, 0xf0,
  0x06, 0x0c, 0x08, 0x00, 0x0f, 0x68, 0x00, 0x2d, 0x0f, 0x40, 0x00, 0x05, 0x0f, 0x68, 0x02, 0x05,
  0x0c, 0x80, 0x00, 0x04, 0x10, 0x00, 0x0f, 0x48, 0x00, 0x05, 0x0f, 0x18, 0x00, 0x1d, 0x0c, 0xf8,
  0x00, 0x0f, 0x40, 0x00, 0x1d, 0x0f, 0x30, 0x00, 0x95, 0x0c, 0x60, 0x01, 0x0f, 0xb8, 0x00, 0x6d,
  0x04, 0xf0, 0x03, 0x0c, 0xcc, 0x06, 0x04, 0x18, 0x00, 0x0c, 0xb0, 0x00, 0x0c, 0x28, 0x00, 0x0c,
  0x10, 0x00, 0x0c, 0x38, 0x00, 0x04, 0x10, 0x00, 0x0f, 0x08, 0x00, 0x0d, 0x0c, 0x68, 0x00, 0x04,
  0x10, 0x00, 0x04, 0x38, 0x00, 0x0c, 0x68, 0x00, 0x0f, 0x10, 0x00, 0x0d, 0x0f, 0x58, 0x01, 0x35,
  0x0c, 0x50, 0x04, 0x04, 0x10, 0x00, 0x0f, 0xb0, 0x04, 0x35, 0x0f, 0x02, 0x00, 0xad, 0x0f, 0x80,
  0x07, 0xff, 0xff, 0xff, 0xff, 0xa1, 0x0f, 0x18, 0x06, 0x35, 0x0f, 0x48, 0x00, 0x2d, 0x0f, 0xd8,
  0x06, 0x15, 0x04, 0x28, 0x00, 0x04, 0x10, 0x07, 0x0f, 0xf8, 0x06, 0x0d, 0x0c, 0x30, 0x00, 0x0f,
  0x10, 0x00, 0x05, 0x0c, 0x48, 0x00, 0x04, 0x60, 0x00, 0x0c, 0x08, 0x00, 0x0c, 0x28, 0x00, 0x0f,
  0x10, 0x00, 0x0d, 0x04, 0x70, 0x00, 0x04, 0x08, 0x00, 0x0f, 0x28, 0x01, 0x25, 0x04, 0x68, 0x07,
  0x0c, 0x08, 0x00, 0x0f, 0x30, 0x07, 0xad, 0x0f, 0x02, 0x00, 0x35, 0x0c, 0x78, 0x07, 0x0c, 0x10,
  0x00, 0x0f, 0x68, 0x00, 0x35, 0x0f, 0x02, 0x00, 0x65, 0x04, 0x40, 0x02, 0x0c, 0x90, 0x02, 0x0f,
  0x10, 0x00, 0x55, 0x04, 0x80, 0x00, 0x0f, 0x00, 0x01, 0x65, 0x0f, 0x02, 0x00, 0x2d, 0x0c, 0x38,
  0x03, 0x0f, 0xc8, 0x0e, 0x1d, 0x0f, 0x30, 0x00, 0x35, 0x0f, 0x00, 0x04, 0x25, 0x0c, 0x38, 0x00,
  0x0f, 0x70, 0x0e, 0x3d, 0x0c, 0x60, 0x00, 0x04, 0x10, 0x00, 0x0f, 0x60, 0x02, 0x0d, 0x0f, 0x88,
  0x00, 0x55, 0x04, 0x90, 0x00, 0x0f, 0x08, 0x00, 0xff, 0x46, 0x04, 0xe0, 0x03, 0x0f, 0xd0, 0x06,
  0x15, 0x04, 0x18, 0x02, 0x0f, 0x30, 0x00, 0x1d, 0x04, 0x68, 0x00, 0x04, 0x40, 0x00, 0x04, 0x10,
  0x00, 0x0c, 0x48, 0x00, 0x04, 0x20, 0x00, 0x0c, 0x08, 0x00, 0x0c, 0x28, 0x00, 0x0f, 0x10, 0x00,
  0x0d, 0x04, 0x60, 0x00, 0x04, 0x08, 0x00, 0x0f, 0x40, 0x02, 0x25, 0x0c, 0x40, 0x04, 0x04, 0x10,
  0x00, 0x0f, 0x98, 0x04, 0x2d, 0x0f, 0x02, 0x00, 0xb5, 0x0c, 0x70, 0x07, 0x0c, 0x10, 0x00, 0x0f,
  0xe8, 0x00, 0xad, 0x04, 0x40, 0x02, 0x0c, 0x90, 0x02, 0x0f, 0x10, 0x00, 0x55, 0x04, 0x80, 0x00,
  0x0f, 0x48, 0x01, 0xa5, 0x04, 0x30, 0x03, 0x04, 0x08, 0x00, 0x0f, 0x50, 0x07, 0x35, 0x0f, 0x48,
  0x00, 0x1d, 0x0f, 0x00, 0x04, 0x25, 0x0c, 0x38, 0x00, 0x0f, 0xf8, 0x06, 0x55, 0x0f, 0x60, 0x02,
  0x0d, 0x0f, 0x88, 0x00, 0x55, 0x0c, 0x00, 0x01, 0x0f, 0x10, 0x00, 0xff, 0x3e, 0x04, 0xe0, 0x03,
  0x0f, 0xd0, 0x06, 0x0d, 0x04, 0x20, 0x00, 0x04, 0x18, 0x02, 0x04, 0x10, 0x00, 0x0f, 0x08, 0x00,
  0x05, 0x04, 0x58, 0x00, 0x04, 0x08, 0x00, 0x04, 0x38, 0x00, 0x04, 0x08, 0x00, 0x04, 0x18, 0x00,
  0x0c, 0x08, 0x00, 0x04, 0x20, 0x00, 0x04, 0x08, 0x00, 0x04, 0x20, 0x00, 0x0f, 0x68, 0x00, 0x05,
  0x0f, 0x18, 0x00, 0x0d, 0x04, 0x40, 0x00, 0x0f, 0x38, 0x02, 0x15, 0x04, 0x28, 0x04, 0x0f, 0x08,
  0x00, 0x05, 0x0f, 0x08, 0x05, 0xa5, 0x0f, 0x02, 0x00, 0x3d, 0x0c, 0x68, 0x07, 0x0f, 0x10, 0x00,
  0x0d, 0x0f, 0x80, 0x00, 0x3d, 0x0f, 0x02, 0x00, 0x55, 0x04, 0x40, 0x02, 0x04, 0x90, 0x02, 0x0f,
  0x08, 0x00, 0x5d, 0x04, 0x80, 0x00, 0x0f, 0xf0, 0x00, 0x0d, 0x04, 0x28, 0x00, 0x0c, 0x08, 0x00,
  0x0f, 0x38, 0x00, 0x0d, 0x0f, 0x02, 0x00, 0x55, 0x0c, 0x50, 0x03, 0x0f, 0x40, 0x07, 0x1d, 0x0f,
  0x30, 0x00, 0x3d, 0x0f, 0x10, 0x04, 0x15, 0x0f, 0x28, 0x00, 0x6d, 0x0c, 0x70, 0x02, 0x0f, 0x90,
  0x00, 0x6d, 0x0f, 0x80, 0x00, 0xff, 0x3e, 0x04, 0xb0, 0x03, 0x0f, 0xc8, 0x06, 0x0d, 0x04, 0x20,
  0x00, 0x04, 0x10, 0x02, 0x04, 0x10, 0x00, 0x0f, 0x08, 0x00, 0x05, 0x04, 0x58, 0x00, 0x04, 0x08,
  0x00, 0x04, 0x38, 0x00, 0x04, 0x08, 0x00, 0x04, 0x18, 0x00, 0x0c, 0x08, 0x00, 0x04, 0x20, 0x00,
  0x04, 0x08, 0x00, 0x04, 0x20, 0x00, 0x0f, 0x68, 0x00, 0x05, 0x0f, 0x18, 0x00, 0x0d, 0x04, 0x40,
  0x00, 0x0f, 0x38, 0x02, 0x15, 0x0c, 0x28, 0x04, 0x0c, 0x10, 0x00, 0x0f, 0xb0, 0x04, 0x55, 0x0f,
  0x02, 0x00, 0x8d, 0x0f, 0x70, 0x07, 0x0d, 0x0c, 0x20, 0x00, 0x0f, 0xd0, 0x00, 0x8d, 0x0f, 0x02,
  0x00, 0x05, 0x04, 0x40, 0x02, 0x04, 0x90, 0x02, 0x0f, 0x08, 0x00, 0x5d, 0x04, 0x80, 0x00, 0x0f,
  0xa0, 0x00, 0x05, 0x04, 0x02, 0x00, 0x04, 0x28, 0x00, 0x0c, 0x08, 0x00, 0x04, 0x20, 0x00, 0x0f,
  0x02, 0x00, 0x6d, 0x0c, 0x48, 0x03, 0x0f, 0x50, 0x07, 0x3d, 0x0f, 0x50, 0x00, 0x1d, 0x0f, 0x10,
  0x04, 0x15, 0x0f, 0x28, 0x00, 0x6d, 0x0c, 0x70, 0x02, 0x0f, 0x90, 0x00, 0x6d, 0x0f, 0x80, 0x00,
  0x2d, 0x0f, 0xa8, 0x01, 0x0d, 0x0f, 0x60, 0x00, 0x2d, 0x0f, 0x40, 0x00, 0x95, 0x04, 0xa8, 0x03,
  0x0c, 0xe0, 0x01, 0x0f, 0x10, 0x00, 0x15, 0x0f, 0x40, 0x00, 0x15, 0x0f, 0x28, 0x00, 0x15, 0x04,
  0x78, 0x00, 0x0f, 0x30, 0x00, 0x1d, 0x0c, 0x38, 0x00, 0x04, 0x40, 0x00, 0x04, 0x98, 0x07, 0x04,
  0x10, 0x00, 0x0f, 0x98, 0x01, 0x05, 0x0c, 0x18, 0x04, 0x0c, 0x10, 0x00, 0x0f, 0xb8, 0x04, 0x6d,
  0x0f, 0x02, 0x00, 0x85, 0x0c, 0x60, 0x07, 0x0f, 0x10, 0x00, 0x0d, 0x0f, 0xc8, 0x00, 0x85, 0x0f,
  0x02, 0x00, 0x05, 0x04, 0x38, 0x02, 0x04, 0x60, 0x02, 0x0f, 0x08, 0x00, 0x1d, 0x04, 0x40, 0x00,
  0x04, 0x08, 0x00, 0x0f, 0x40, 0x00, 0x1d, 0x04, 0x30, 0x00, 0x04, 0x40, 0x00, 0x0f, 0xa8, 0x00,
  0x25, 0x04, 0x40, 0x00, 0x0c, 0x08, 0x00, 0x0f, 0x50, 0x00, 0x05, 0x0f, 0x02, 0x00, 0x4d, 0x0c,
  0x60, 0x03, 0x04, 0x10, 0x00, 0x0f, 0x98, 0x05, 0x0d, 0x0f, 0x20, 0x00, 0x4d, 0x0f, 0x20, 0x04,
  0x05, 0x0f, 0x18, 0x00, 0xff, 0x3e, 0x0f, 0xc8, 0x01, 0x0d, 0x0f, 0x70, 0x01, 0xd5, 0x04, 0x90,
  0x03, 0x04, 0xe8, 0x03, 0x0f, 0x08, 0x00, 0x1d, 0x0f, 0x40, 0x00, 0x15, 0x0f, 0x28, 0x00, 0x15,
  0x04, 0x80, 0x00, 0x0f, 0x30, 0x00, 0x1d, 0x0c, 0x38, 0x00, 0x04, 0x40, 0x00, 0x0f, 0x80, 0x07,
  0xff, 0xff, 0xff, 0xff, 0xff, 0xaa, 0x0f, 0xa0, 0x07, 0x05, 0x0f, 0x98, 0x07, 0xb5, 0x04, 0xa0,
  0x06, 0x04, 0xb8, 0x06, 0x0f, 0x08, 0x00, 0x25, 0x04, 0x48, 0x00, 0x04, 0x08, 0x00, 0x0c, 0x48,
  0x00, 0x0f, 0x18, 0x00, 0x05, 0x04, 0x28, 0x00, 0x0c, 0x20, 0x00, 0x0c, 0x10, 0x00, 0x04, 0x28,
  0x00, 0x0f, 0x08, 0x00, 0x1d, 0x04, 0x48, 0x00, 0x0f, 0x80, 0x07, 0x05, 0x04, 0x70, 0x0b, 0x0f,
  0x08, 0x00, 0x05, 0x0f, 0x00, 0x0c, 0x4d, 0x0f, 0x02, 0x00, 0xbd, 0x0f, 0xf8, 0x0e, 0xbd, 0x04,
  0x02, 0x00, 0x04, 0x48, 0x02, 0x0f, 0x80, 0x02, 0x25, 0x04, 0x48, 0x00, 0x04, 0x02, 0x00, 0x0f,
  0x50, 0x00, 0x75, 0x04, 0xd0, 0x00, 0x04, 0x90, 0x00, 0x04, 0xa0, 0x00, 0x0f, 0x02, 0x00, 0x5d,
  0x0f, 0x80, 0x03, 0x05, 0x0f, 0x80, 0x05, 0x05, 0x0f, 0x18, 0x00, 0x5d, 0x0f, 0xf0, 0x05, 0xb5,
  0x0f, 0xc8, 0x00, 0x7d, 0x0f, 0xc8, 0x01, 0x25, 0x0f, 0xc8, 0x00, 0x7d, 0x0f, 0x90, 0x00, 0x25,
  0x04, 0x78, 0x03, 0x04, 0x88, 0x03, 0x0f, 0x08, 0x00, 0x25, 0x04, 0x48, 0x00, 0x04, 0x08, 0x00,
  0x0c, 0x48, 0x00, 0x0f, 0x18, 0x00, 0x05, 0x04, 0x28, 0x00, 0x0c, 0x20, 0x00, 0x0c, 0x10, 0x00,
  0x04, 0x28, 0x00, 0x0f, 0x08, 0x00, 0x1d, 0x04, 0x48, 0x00, 0x0f, 0x80, 0x07, 0xff, 0xff, 0xff,
  0xff, 0xff, 0xff, 0x83, 0x04, 0x98, 0x06, 0x0f, 0x08, 0x00, 0xc5, 0x04, 0xa8, 0x07, 0x04, 0xe0,
  0x00, 0x0c, 0x80, 0x07, 0x0f, 0x70, 0x0b, 0x05, 0x0f, 0xf8, 0x0b, 0x5d, 0x0f, 0x02, 0x00, 0xc5,
  0x0c, 0x08, 0x0f, 0x0f, 0xe8, 0x00, 0xad, 0x04, 0x48, 0x02, 0x04, 0x58, 0x02, 0x0f, 0x08, 0x00,
  0x0d, 0x04, 0x30, 0x00, 0x0f, 0xf8, 0x00, 0x0d, 0x04, 0x28, 0x00, 0x0f, 0x50, 0x00, 0x0d, 0x04,
  0x20, 0x00, 0x04, 0x30, 0x00, 0x04, 0x58, 0x00, 0x04, 0x10, 0x00, 0x04, 0x20, 0x00, 0x0f, 0x08,
  0x00, 0x2d, 0x04, 0x50, 0x00, 0x04, 0x60, 0x00, 0x0f, 0x02, 0x00, 0x65, 0x0f, 0xa0, 0x03, 0x05,
  0x0f, 0x30, 0x0d, 0x25, 0x0f, 0x38, 0x00, 0x4d, 0x0f, 0x00, 0x0d, 0x25, 0x0f, 0x38, 0x00, 0xed,
  0x0f, 0x98, 0x01, 0x25, 0x0f, 0x38, 0x01, 0xad, 0x04, 0x68, 0x03, 0x0f, 0x08, 0x00, 0xc5, 0x04,
  0x88, 0x04, 0x04, 0xe0, 0x00, 0x0f, 0x80, 0x07, 0xff, 0xff, 0xff, 0xff, 0xff, 0xc2, 0x0f, 0xb8,
  0x07, 0x1d, 0x0f, 0xb0, 0x07, 0x0d, 0x3f, 0x6e, 0x69, 0xb1, 0x04, 0x00, 0x0a, 0x0f, 0x40, 0x00,
  0x0d, 0x0f, 0x20, 0x00, 0x1d, 0x04, 0x90, 0x06, 0x0f, 0x08, 0x00, 0x35, 0x04, 0xf0, 0x06, 0x0f,
  0x08, 0x00, 0x15, 0x0f, 0x78, 0x00, 0x35, 0x04, 0x48, 0x00, 0x04, 0x68, 0x07, 0x04, 0x08, 0x00,
  0x04, 0x88, 0x00, 0x04, 0x10, 0x00, 0x0c, 0x28, 0x00, 0x04, 0x60, 0x0b, 0x0f, 0xe0, 0x0b, 0x65,
  0x0f, 0x02, 0x00, 0xff, 0x9e, 0x04, 0x48, 0x02, 0x04, 0x58, 0x02, 0x0f, 0x08, 0x00, 0x05, 0x04,
  0x28, 0x00, 0x0f, 0xe0, 0x01, 0x1d, 0x04, 0x38, 0x00, 0x0f, 0x58, 0x00, 0x05, 0x04, 0x18, 0x00,
  0x04, 0x28, 0x00, 0x04, 0x08, 0x00, 0x04, 0x18, 0x00, 0x0f, 0x08, 0x00, 0x3d, 0x04, 0x60, 0x00,
  0x0f, 0xc8, 0x00, 0x1d, 0x0f, 0x02, 0x00, 0x45, 0x04, 0xb0, 0x03, 0x0f, 0x08, 0x00, 0x05, 0x0f,
  0x90, 0x05, 0x1d, 0x0f, 0x30, 0x00, 0x55, 0x0f, 0x98, 0x05, 0x1d, 0x0f, 0x30, 0x00, 0xcd, 0x04,
  0x58, 0x02, 0x04, 0x08, 0x00, 0x0f, 0x88, 0x01, 0x75, 0x0f, 0x7c, 0x07, 0x09, 0x0f, 0x80, 0x07,
  0xff, 0xff, 0xff, 0xff, 0xff, 0xff, 0xff, 0x38, 0x0f, 0xe8, 0x07, 0x05, 0x04, 0x78, 0x07, 0x04,
  0xe8, 0x63, 0x0f, 0x08, 0x00, 0x05, 0x04, 0x28, 0x00, 0x0f, 0x20, 0x09, 0x2d, 0x04, 0x78, 0x08,
  0x04, 0x10, 0x0e, 0x0f, 0x08, 0x00, 0x2d, 0x04, 0x50, 0x00, 0x0f, 0x80, 0x0b, 0x1d, 0x0f, 0x78,
  0x00, 0x2d, 0x0c, 0x40, 0x00, 0x04, 0x88, 0x00, 0x04, 0x08, 0x00, 0x04, 0x90, 0x00, 0x04, 0x10,
  0x00, 0x04, 0x30, 0x00, 0x04, 0x10, 0x00, 0x0f, 0xa8, 0x0b, 0x45, 0x0f, 0x02, 0x00, 0xff, 0xc6,
  0x04, 0x38, 0x02, 0x04, 0x58, 0x02, 0x0f, 0x08, 0x00, 0x05, 0x04, 0x28, 0x00, 0x0f, 0x08, 0x02,
  0x1d, 0x04, 0x38, 0x00, 0x0f, 0x58, 0x00, 0x05, 0x04, 0x18, 0x00, 0x0f, 0x28, 0x00, 0x15, 0x04,
  0x30, 0x00, 0x0f, 0x08, 0x00, 0x25, 0x04, 0x68, 0x00, 0x0f, 0xc8, 0x00, 0x1d, 0x0f, 0x02, 0x00,
  0x55, 0x0f, 0x08, 0x0f, 0x05, 0x04, 0x18, 0x00, 0x0f, 0x70, 0x05, 0x05, 0x0f, 0x18, 0x00, 0x5d,
  0x0f, 0xb0, 0x05, 0x2d, 0x0f, 0x40, 0x00, 0xb5, 0x04, 0x50, 0x02, 0x0c, 0x08, 0x00, 0x0f, 0x90,
  0x01, 0x5d, 0x0c, 0x70, 0x00, 0x04, 0x58, 0x07, 0x0f, 0x78, 0x07, 0x05, 0x04, 0x18, 0x00, 0x04,
  0x28, 0x00, 0x0f, 0x90, 0x01, 0x2d, 0x04, 0x00, 0x01, 0x04, 0x90, 0x06, 0x0f, 0x08, 0x00, 0x2d,
  0x04, 0x50, 0x00, 0x0f, 0xe8, 0x03, 0x1d, 0x0f, 0x78, 0x00, 0x2d, 0x0c, 0x40, 0x00, 0x04, 0x88,
  0x00, 0x04, 0x08, 0x00, 0x04, 0x90, 0x00, 0x04, 0x10, 0x00, 0x04, 0x30, 0x00, 0x04, 0x10, 0x00,
  0x0f, 0x28, 0x04, 0x55, 0x0f, 0x02, 0x00, 0xff, 0xb6, 0x04, 0x38, 0x02, 0x04, 0x58, 0x02, 0x0f,
  0x08, 0x00, 0x05, 0x04, 0x28, 0x00, 0x0f, 0xf8, 0x01, 0x1d, 0x04, 0x38, 0x00, 0x0f, 0x58, 0x00,
  0x05, 0x04, 0x18, 0x00, 0x0f, 0x28, 0x00, 0x15, 0x04, 0x30, 0x00, 0x0f, 0x08, 0x00, 0x25, 0x04,
  0x68, 0x00, 0x0f, 0xc8, 0x00, 0x1d, 0x0f, 0x02, 0x00, 0x55, 0x04, 0x68, 0x07, 0x0f, 0x08, 0x00,
  0x05, 0x0c, 0x68, 0x05, 0x0f, 0x10, 0x00, 0x65, 0x0f, 0xb0, 0x05, 0x2d, 0x0f, 0x40, 0x00, 0xb5,
  0x04, 0x50, 0x02, 0x0c, 0x08, 0x00, 0x0f, 0x98, 0x01, 0x65, 0x04, 0x50, 0x07, 0x04, 0x60, 0x07,
  0x0f, 0x08, 0x00, 0x15, 0x04, 0x38, 0x00, 0x0f, 0x98, 0x01, 0x1d, 0x0c, 0xf8, 0x00, 0x0f, 0x10,
  0x00, 0xb5, 0x04, 0x58, 0x07, 0x04, 0x08, 0x00, 0x04, 0xd8, 0x00, 0x04, 0x78, 0x04, 0x04, 0x10,
  0x00, 0x0c, 0x20, 0x00, 0x0f, 0x28, 0x04, 0x55, 0x0f, 0x02, 0x00, 0xff, 0x9e, 0x04, 0x30, 0x02,
  0x0f, 0x08, 0x00, 0x0d, 0x04, 0x60, 0x02, 0x0c, 0x08, 0x00, 0x0f, 0x38, 0x00, 0x0d, 0x0f, 0x20,
  0x00, 0x0d, 0x0c, 0x50, 0x00, 0x04, 0x10, 0x00, 0x0c, 0x38, 0x00, 0x04, 0x18, 0x00, 0x0f, 0x08,
  0x00, 0x45, 0x0c, 0x70, 0x00, 0x0f, 0x10, 0x00, 0x3d, 0x0f, 0x18, 0x03, 0x3d, 0x0f, 0x88, 0x07,
  0x8d, 0x0f, 0x68, 0x06, 0x15, 0x0f, 0xd8, 0x05, 0x1d, 0x0f, 0x30, 0x00, 0x95, 0x0f, 0x40, 0x02,
  0x05, 0x0f, 0x18, 0x01, 0x15, 0x0f, 0x28, 0x00, 0x3d, 0x04, 0x48, 0x07, 0x0f, 0x78, 0x07, 0x15,
  0x04, 0x28, 0x00, 0x04, 0x38, 0x00, 0x0f, 0x78, 0x01, 0x1d, 0x0f, 0x00, 0x01, 0x05, 0x0f, 0x18,
  0x00, 0xad, 0x04, 0x58, 0x07, 0x04, 0x08, 0x00, 0x04, 0xd0, 0x00, 0x04, 0x98, 0x04, 0x04, 0x10,
  0x00, 0x0c, 0x20, 0x00, 0x0f, 0x00, 0x04, 0x3d, 0x0f, 0x02, 0x00, 0xff, 0xb6, 0x04, 0x30, 0x02,
  0x0f, 0x08, 0x00, 0x0d, 0x04, 0x60, 0x02, 0x0c, 0x08, 0x00, 0x0f, 0x38, 0x00, 0x0d, 0x0f, 0x20,
  0x00, 0x0d, 0x0c, 0x50, 0x00, 0x04, 0x10, 0x00, 0x0c, 0x38, 0x00, 0x04, 0x18, 0x00, 0x0f, 0x08,
  0x00, 0x45, 0x0c, 0x70, 0x00, 0x0f, 0x10, 0x00, 0x3d, 0x0f, 0x30, 0x03, 0x3d, 0x0f, 0x80, 0x07,
  0xff, 0xa6, 0x04, 0xb8, 0x01, 0x0f, 0x60, 0x07, 0x3d, 0x0f, 0x50, 0x00, 0x05, 0x04, 0x40, 0x07,
  0x04, 0x50, 0x07, 0x0f, 0x08, 0x00, 0x1d, 0x04, 0x40, 0x00, 0x04, 0x08, 0x00, 0x0f, 0x68, 0x00,
  0x05, 0x0c, 0x18, 0x00, 0x04, 0x40, 0x03, 0x04, 0x88, 0x06, 0x0f, 0x08, 0x00, 0x35, 0x0f, 0x00,
  0x04, 0x1d, 0x0f, 0x88, 0x00, 0x45, 0x04, 0xd0, 0x00, 0x04, 0x60, 0x00, 0x04, 0x98, 0x00, 0x04,
  0x10, 0x00, 0x0c, 0x20, 0x00, 0x0f, 0x00, 0x04, 0x3d, 0x0f, 0x02, 0x00, 0xff, 0xae, 0x0c, 0x28,
  0x02, 0x04, 0x30, 0x02, 0x0c, 0x08, 0x00, 0x04, 0x28, 0x00, 0x04, 0x60, 0x02, 0x0c, 0x08, 0x00,
  0x04, 0x20, 0x00, 0x0c, 0x38, 0x00, 0x0f, 0x10, 0x00, 0x0d, 0x04, 0x38, 0x00, 0x0c, 0x50, 0x00,
  0x04, 0x10, 0x00, 0x04, 0x20, 0x00, 0x04, 0x08, 0x00, 0x0f, 0x18, 0x00, 0x05, 0x04, 0x20, 0x00,
  0x04, 0x08, 0x00, 0x04, 0x28, 0x00, 0x0f, 0x08, 0x00, 0x15, 0x04, 0x38, 0x00, 0x0f, 0xb0, 0x00,
  0x0d, 0x0f, 0x20, 0x00, 0x1d, 0x04, 0x58, 0x00, 0x0f, 0x28, 0x03, 0x55, 0x04, 0xd8, 0x05, 0x0f,
  0x08, 0x00, 0x05, 0x0c, 0x20, 0x05, 0x0f, 0x10, 0x00, 0x8d, 0x0f, 0x70, 0x0d, 0x1d, 0x0f, 0x30,
  0x00, 0x7d, 0x04, 0x00, 0x02, 0x0c, 0x08, 0x00, 0x04, 0xa0, 0x01, 0x0f, 0x80, 0x01, 0x55, 0x04,
  0x38, 0x07, 0x0f, 0x78, 0x07, 0x1d, 0x04, 0x30, 0x00, 0x04, 0x40, 0x00, 0x04, 0x08, 0x00, 0x0f,
  0xb8, 0x00, 0x15, 0x04, 0xf8, 0x00, 0x0f, 0x38, 0x03, 0x1d, 0x0f, 0x30, 0x00, 0x0d, 0x0f, 0xd8,
  0x03, 0x15, 0x04, 0x28, 0x00, 0x0f, 0x88, 0x00, 0x45, 0x04, 0xa8, 0x00, 0x04, 0x60, 0x00, 0x0f,
  0x70, 0x00, 0x05, 0x04, 0x20, 0x00, 0x0f, 0x08, 0x04, 0x55, 0x0f, 0x02, 0x00, 0xff, 0x96, 0x04,
  0x18, 0x02, 0x04, 0x48, 0x02, 0x0f, 0x08, 0x00, 0x05, 0x04, 0x28, 0x00, 0x04, 0x60, 0x02, 0x0c,
  0x08, 0x00, 0x04, 0x20, 0x00, 0x0f, 0x40, 0x00, 0x05, 0x0f, 0x18, 0x00, 0x05, 0x04, 0x38, 0x00,
  0x0c, 0x50, 0x00, 0x04, 0x10, 0x00, 0x04, 0x20, 0x00, 0x04, 0x08, 0x00, 0x0f, 0x18, 0x00, 0x05,
  0x04, 0x20, 0x00, 0x04, 0x08, 0x00, 0x04, 0x28, 0x00, 0x0f, 0x08, 0x00, 0x15, 0x04, 0x38, 0x00,
  0x0f, 0xa8, 0x00, 0x05, 0x0f, 0x18, 0x00, 0x25, 0x04, 0x58, 0x00, 0x0f, 0x10, 0x03, 0x55, 0x04,
  0xd8, 0x05, 0x0f, 0x08, 0x00, 0x05, 0x0f, 0x38, 0x05, 0x15, 0x0f, 0x28, 0x00, 0x75, 0x0f, 0x50,
  0x07, 0x7d, 0x0f, 0x90, 0x00, 0x1d, 0x04, 0x00, 0x02, 0x0c, 0x08, 0x00, 0x0f, 0xa0, 0x01, 0x05,
  0x0c, 0x18, 0x00, 0x0f, 0x88, 0x01, 0x35, 0x04, 0x38, 0x07, 0x04, 0x50, 0x07, 0x0f, 0x08, 0x00,
  0x25, 0x04, 0x48, 0x00, 0x04, 0x98, 0x00, 0x04, 0x10, 0x00, 0x0c, 0x08, 0x00, 0x04, 0x20, 0x00,
  0x04, 0xf8, 0x00, 0x0f, 0x40, 0x03, 0x25, 0x0f, 0x38, 0x00, 0x05, 0x0f, 0xd8, 0x03, 0x15, 0x04,
  0x28, 0x00, 0x0f, 0x88, 0x00, 0x45, 0x04, 0xa0, 0x00, 0x04, 0x60, 0x00, 0x0f, 0x70, 0x00, 0x05,
  0x04, 0x20, 0x00, 0x0f, 0x08, 0x04, 0x55, 0x0f, 0x02, 0x00, 0xff, 0x8e, 0x04, 0x10, 0x02, 0x04,
  0x40, 0x02, 0x0f, 0x08, 0x00, 0x0d, 0x04, 0x30, 0x00, 0x04, 0x60, 0x02, 0x0c, 0x08, 0x00, 0x04,
  0x20, 0x00, 0x0f, 0x48, 0x00, 0x0d, 0x0c, 0x20, 0x00, 0x04, 0x38, 0x00, 0x0f, 0x50, 0x00, 0x05,
  0x0f, 0x20, 0x00, 0x0d, 0x0c, 0x50, 0x00, 0x04, 0x10, 0x00, 0x0f, 0x38, 0x00, 0x05, 0x0f, 0x68,
  0x00, 0x05, 0x04, 0x38, 0x00, 0x0f, 0x08, 0x00, 0x35, 0x04, 0x80, 0x00, 0x04, 0x50, 0x00, 0x04,
  0x10, 0x00, 0x0f, 0x18, 0x03, 0x65, 0x0c, 0xd8, 0x05, 0x0c, 0x10, 0x00, 0x04, 0x30, 0x05, 0x0f,
  0x08, 0x00, 0x7d, 0x0f, 0xf0, 0x06, 0x1d, 0x0f, 0x30, 0x00, 0x85, 0x04, 0x00, 0x02, 0x04, 0x08,
  0x00, 0x0c, 0x80, 0x01, 0x0f, 0x10, 0x00, 0x05, 0x0f, 0x90, 0x01, 0x35, 0x04, 0x20, 0x07, 0x0f,
  0x78, 0x07, 0x25, 0x04, 0x38, 0x00, 0x04, 0x48, 0x00, 0x04, 0x98, 0x00, 0x04, 0x10, 0x00, 0x0c,
  0x08, 0x00, 0x04, 0x20, 0x00, 0x04, 0xf0, 0x00, 0x04, 0x08, 0x03, 0x0f, 0x08, 0x00, 0x35, 0x0c,
  0xc8, 0x03, 0x0f, 0x10, 0x00, 0x0d, 0x0f, 0x88, 0x00, 0x45, 0x04, 0xd0, 0x00, 0x04, 0x60, 0x00,
  0x04, 0x88, 0x00, 0x04, 0x10, 0x00, 0x0c, 0x20, 0x00, 0x0f, 0x00, 0x04, 0x65, 0x0f, 0x02, 0x00,
  0xff, 0x7e, 0x0c, 0x20, 0x02, 0x04, 0x28, 0x02, 0x0f, 0x08, 0x00, 0x05, 0x04, 0x30, 0x00, 0x04,
  0x60, 0x02, 0x0c, 0x08, 0x00, 0x04, 0x20, 0x00, 0x0f, 0x40, 0x00, 0x05, 0x0f, 0x18, 0x00, 0x05,
  0x04, 0x38, 0x00, 0x0f, 0x50, 0x00, 0x05, 0x0f, 0x20, 0x00, 0x0d, 0x0f, 0x58, 0x00, 0x1d, 0x0f,
  0x68, 0x00, 0x05, 0x0f, 0x48, 0x00, 0x05, 0x0f, 0x18, 0x00, 0x25, 0x04, 0xb8, 0x00, 0x04, 0x40,
  0x00, 0x04, 0x10, 0x00, 0x0f, 0x08, 0x03, 0x65, 0x0f, 0xe0, 0x05, 0x05, 0x04, 0x18, 0x00, 0x04,
  0x30, 0x05, 0x0f, 0x08, 0x00, 0x7d, 0x0f, 0x50, 0x07, 0x85, 0x0f, 0x98, 0x00, 0x1d, 0x04, 0x00,
  0x02, 0x04, 0x08, 0x00, 0x0f, 0x08, 0x02, 0x05, 0x04, 0x90, 0x01, 0x0f, 0x08, 0x00, 0x3d, 0x04,
  0x20, 0x07, 0x04, 0x48, 0x07, 0x0c, 0x08, 0x00, 0x04, 0x20, 0x00, 0x04, 0x08, 0x00, 0x0c, 0x20,
  0x00, 0x04, 0x10, 0x00, 0x04, 0x20, 0x00, 0x04, 0x08, 0x00, 0x04, 0x18, 0x00, 0x0c, 0x08, 0x00,
  0x04, 0x20, 0x00, 0x04, 0xf0, 0x00, 0x04, 0x08, 0x03, 0x0f, 0x08, 0x00, 0x35, 0x0c, 0xc8, 0x03,
  0x0f, 0x10, 0x00, 0x0d, 0x0f, 0x88, 0x00, 0x45, 0x04, 0xd0, 0x00, 0x04, 0x60, 0x00, 0x04, 0x88,
  0x00, 0x04, 0x10, 0x00, 0x0c, 0x20, 0x00, 0x0f, 0xf8, 0x01, 0x05, 0x0f, 0x02, 0x00, 0xff, 0xd6,
  0x0c, 0x18, 0x02, 0x04, 0x20, 0x02, 0x0f, 0x08, 0x00, 0x15, 0x04, 0x40, 0x00, 0x04, 0x68, 0x02,
  0x04, 0x08, 0x00, 0x04, 0x18, 0x00, 0x0f, 0x48, 0x00, 0x15, 0x04, 0x28, 0x00, 0x04, 0x38, 0x00,
  0x04, 0x48, 0x00, 0x04, 0x08, 0x00, 0x04, 0x18, 0x00, 0x04, 0x08, 0x00, 0x04, 0x18, 0x00, 0x04,
  0x08, 0x00, 0x04, 0x18, 0x00, 0x04, 0x48, 0x00, 0x0c, 0x08, 0x00, 0x04, 0x20, 0x00, 0x04, 0x30,
  0x00, 0x0f, 0x08, 0x00, 0x05, 0x04, 0x28, 0x00, 0x0c, 0x40, 0x00, 0x0f, 0x10, 0x00, 0x2d, 0x0c,
  0x58, 0x00, 0x04, 0x10, 0x00, 0x0f, 0x68, 0x03, 0x7d, 0x0f, 0xe8, 0x05, 0x15, 0x0f, 0x98, 0x07,
  0x7d, 0x0f, 0x90, 0x00, 0x75, 0x0f, 0x88, 0x07, 0x1d, 0x04, 0x30, 0x00, 0x0f, 0x08, 0x02, 0x05,
  0x0f, 0x90, 0x01, 0x15, 0x0f, 0x28, 0x00, 0x1d, 0x04, 0x10, 0x07, 0x0c, 0x28, 0x07, 0x04, 0x10,
  0x00, 0x04, 0x20, 0x00, 0x04, 0x08, 0x00, 0x04, 0x18, 0x00, 0x0c, 0x08, 0x00, 0x04, 0x20, 0x00,
  0x04, 0x08, 0x00, 0x0c, 0x20, 0x00, 0x04, 0x10, 0x00, 0x04, 0x20, 0x00, 0x04, 0xf8, 0x02, 0x0f,
  0x50, 0x03, 0x2d, 0x0c, 0x40, 0x00, 0x0f, 0xd0, 0x03, 0x05, 0x0f, 0x18, 0x00, 0x05, 0x0f, 0x88,
  0x00, 0x45, 0x04, 0x98, 0x00, 0x04, 0x60, 0x00, 0x04, 0x80, 0x00, 0x04, 0x10, 0x00, 0x0c, 0x20,
  0x00, 0x0f, 0xf8, 0x01, 0x05, 0x0f, 0x02, 0x00, 0xff, 0xd6, 0x0c, 0x18, 0x02, 0x04, 0x20, 0x02,
  0x0f, 0x08, 0x00, 0x15, 0x04, 0x40, 0x00, 0x04, 0x68, 0x02, 0x04, 0x08, 0x00, 0x04, 0x18, 0x00,
  0x0f, 0x48, 0x00, 0x15, 0x04, 0x28, 0x00, 0x04, 0x38, 0x00, 0x04, 0x48, 0x00, 0x04, 0x08, 0x00,
  0x04, 0x18, 0x00, 0x04, 0x08, 0x00, 0x04, 0x18, 0x00, 0x04, 0x08, 0x00, 0x04, 0x18, 0x00, 0x04,
  0x48, 0x00, 0x0c, 0x08, 0x00, 0x04, 0x20, 0x00, 0x04, 0x30, 0x00, 0x0f, 0x08, 0x00, 0x05, 0x04,
  0x28, 0x00, 0x0c, 0x40, 0x00, 0x0f, 0x10, 0x00, 0x2d, 0x0c, 0x58, 0x00, 0x04, 0x10, 0x00, 0x0f,
  0x68, 0x03, 0x7d, 0x0f, 0xc8, 0x05, 0x15, 0x0f, 0xf0, 0x06, 0x75, 0x0f, 0x88, 0x00, 0x7d, 0x04,
  0x50, 0x07, 0x0f, 0x08, 0x00, 0x1d, 0x0f, 0x08, 0x02, 0x2d, 0x0f, 0xb8, 0x01, 0x15, 0x04, 0x28,
  0x00, 0x04, 0x10, 0x07, 0x04, 0x20, 0x07, 0x04, 0x08, 0x00, 0x04, 0x18, 0x00, 0x04, 0x28, 0x00,
  0x04, 0x08, 0x00, 0x04, 0x18, 0x00, 0x04, 0x28, 0x00, 0x04, 0x08, 0x00, 0x0f, 0x18, 0x00, 0x05,
  0x04, 0x20, 0x00, 0x0c, 0x08, 0x00, 0x04, 0x30, 0x00, 0x0f, 0x50, 0x03, 0x2d, 0x0c, 0x40, 0x00,
  0x0f, 0xd0, 0x03, 0x05, 0x0f, 0x18, 0x00, 0x05, 0x04, 0x80, 0x03, 0x0c, 0x48, 0x00, 0x0f, 0x10,
  0x00, 0x35, 0x04, 0x60, 0x00, 0x04, 0x80, 0x00, 0x04, 0x10, 0x00, 0x04, 0x60, 0x00, 0x04, 0x10,
  0x00, 0x0f, 0xf8, 0x01, 0x2d, 0x0f, 0x02, 0x00, 0xff, 0xae, 0x04, 0x08, 0x02, 0x04, 0x18, 0x02,
  0x0f, 0x08, 0x00, 0x25, 0x04, 0x48, 0x00, 0x0f, 0x70, 0x02, 0x05, 0x0f, 0x58, 0x00, 0x15, 0x0f,
  0x48, 0x00, 0x05, 0x0c, 0x18, 0x00, 0x04, 0x68, 0x00, 0x04, 0x08, 0x00, 0x04, 0x20, 0x00, 0x0f,
  0x08, 0x00, 0x05, 0x04, 0x28, 0x00, 0x0f, 0x08, 0x00, 0x05, 0x04, 0x38, 0x00, 0x0f, 0xa8, 0x00,
  0x15, 0x0f, 0x28, 0x00, 0x15, 0x0f, 0x58, 0x00, 0x05, 0x04, 0x18, 0x00, 0x0f, 0x40, 0x03, 0x95,
  0x04, 0x88, 0x05, 0x0f, 0x08, 0x00, 0x15, 0x0f, 0x18, 0x07, 0x7d, 0x0f, 0x90, 0x00, 0x55, 0x0f,
  0x78, 0x07, 0x1d, 0x04, 0x50, 0x01, 0x0f, 0x08, 0x02, 0x2d, 0x04, 0x48, 0x00, 0x0f, 0x08, 0x00,
  0x15, 0x04, 0x08, 0x07, 0x0f, 0x20, 0x07, 0x05, 0x0c, 0x48, 0x00, 0x0f, 0x30, 0x00, 0x0d, 0x0c,
  0x48, 0x00, 0x0f, 0x10, 0x00, 0x05, 0x04, 0x48, 0x00, 0x0f, 0x40, 0x03, 0x15, 0x0f, 0x28, 0x00,
  0x15, 0x0f, 0xd8, 0x03, 0x05, 0x0f, 0x18, 0x00, 0x05, 0x04, 0x80, 0x03, 0x0f, 0x60, 0x00, 0x15,
  0x0f, 0x28, 0x00, 0x1d, 0x04, 0x60, 0x00, 0x04, 0x80, 0x00, 0x04, 0x10, 0x00, 0x04, 0x48, 0x00,
  0x04, 0x10, 0x00, 0x0f, 0xf8, 0x01, 0x2d, 0x0f, 0x02, 0x00, 0xff, 0xae, 0x04, 0x08, 0x02, 0x04,
  0x18, 0x02, 0x0f, 0x08, 0x00, 0x25, 0x04, 0x48, 0x00, 0x0f, 0x70, 0x02, 0x05, 0x0f, 0x58, 0x00,
  0x15, 0x0f, 0x48, 0x00, 0x05, 0x0c, 0x18, 0x00, 0x04, 0x68, 0x00, 0x04, 0x08, 0x00, 0x04, 0x20,
  0x00, 0x0f, 0x08, 0x00, 0x05, 0x04, 0x28, 0x00, 0x0f, 0x08, 0x00, 0x05, 0x04, 0x38, 0x00, 0x0f,
  0xa8, 0x00, 0x15, 0x0f, 0x28, 0x00, 0x15, 0x0f, 0x58, 0x00, 0x05, 0x04, 0x18, 0x00, 0x0f, 0x40,
  0x03, 0x95, 0x0c, 0x90, 0x05, 0x0f, 0x10, 0x00, 0x0d, 0x0f, 0xf0, 0x06, 0x55, 0x0f, 0x68, 0x00,
  0x7d, 0x0f, 0x80, 0x07, 0x65, 0x0c, 0x02, 0x00, 0x7f, 0x37, 0x32, 0x59, 0xff, 0x37, 0x32, 0x59,
  0xcc, 0x68, 0x0a, 0x0f, 0x38, 0x07, 0x01, 0x04, 0x20, 0x07, 0x0f, 0x08, 0x00, 0x05, 0x04, 0x58,
  0x07, 0x04, 0x20, 0x00, 0x04, 0x10, 0x00, 0x0f, 0x08, 0x00, 0x15, 0x04, 0x38, 0x00, 0x0f, 0x08,
  0x00, 0x1d, 0x0f, 0x70, 0x03, 0x0d, 0x0f, 0xd8, 0x03, 0x05, 0x0f, 0x18, 0x00, 0x05, 0x04, 0x80,
  0x03, 0x0f, 0x58, 0x00, 0x0d, 0x0f, 0x20, 0x00, 0x25, 0x04, 0x60, 0x00, 0x04, 0x80, 0x00, 0x04,
  0x10, 0x00, 0x04, 0x50, 0x00, 0x04, 0x10, 0x00, 0x0c, 0xb8, 0x01, 0x0f, 0x02, 0x00, 0xff, 0xce,
  0x04, 0xf8, 0x01, 0x0f, 0x08, 0x00, 0x85, 0x04, 0xb0, 0x02, 0x04, 0x08, 0x00, 0x0c, 0xa8, 0x00,
  0x04, 0x18, 0x00, 0x0f, 0x08, 0x00, 0x0d, 0x04, 0x38, 0x00, 0x0f, 0x28, 0x00, 0x15, 0x04, 0x30,
  0x00, 0x0f, 0x08, 0x00, 0x3d, 0x04, 0x70, 0x03, 0x0c, 0x08, 0x00, 0x04, 0x68, 0x00, 0x0f, 0x70,
  0x03, 0xb5, 0x0f, 0x90, 0x07, 0x0d, 0x0f, 0x20, 0x00, 0x2d, 0x0f, 0x68, 0x07, 0x05, 0x0f, 0x58,
  0x00, 0x05, 0x0f, 0x30, 0x00, 0x05, 0x0f, 0x18, 0x00, 0x4d, 0x0f, 0x90, 0x00, 0x05, 0x0f, 0x18,
  0x00, 0x0d, 0x0f, 0x08, 0x02, 0x3d, 0x0f, 0x80, 0x07, 0xff, 0xff, 0xff, 0xff, 0xff, 0xff, 0xff,
  0x6c, 0x0f, 0x78, 0x07, 0x05, 0x39, 0xf8, 0xb1, 0xfc, 0x04, 0x00, 0x04, 0x80, 0x0e, 0x0c, 0xb8,
  0x0e, 0x04, 0x18, 0x00, 0x08, 0x2c, 0x00, 0x0f, 0x30, 0x00, 0x01, 0x04, 0x28, 0x78, 0x04, 0x40,
  0x00, 0x0c, 0x30, 0x00, 0x04, 0x18, 0x00, 0x04, 0x08, 0x00, 0x04, 0x30, 0x00, 0x0c, 0x28, 0x00,
  0x0f, 0x10, 0x00, 0x05, 0x04, 0x30, 0x00, 0x04, 0x08, 0x00, 0x0c, 0xc0, 0x0a, 0x0c, 0x10, 0x00,
  0x0f, 0x68, 0x0b, 0x0d, 0x0c, 0x20, 0x00, 0x04, 0x00, 0x0b, 0x0c, 0x48, 0x00, 0x0f, 0x10, 0x00,
  0x35, 0x04, 0x60, 0x00, 0x04, 0x78, 0x00, 0x04, 0x10, 0x00, 0x04, 0x60, 0x00, 0x04, 0x10, 0x00,
  0x0f, 0x78, 0x09, 0x3d, 0x0f, 0x02, 0x00, 0xff, 0x8e, 0x04, 0xf8, 0x01, 0x04, 0x18, 0x02, 0x0f,
  0x08, 0x00, 0x45, 0x04, 0x68, 0x00, 0x04, 0x08, 0x00, 0x0f, 0x68, 0x00, 0x25, 0x0f, 0x40, 0x00,
  0x1d, 0x0f, 0x30, 0x00, 0x0d, 0x04, 0x20, 0x00, 0x04, 0x08, 0x00, 0x0f, 0x98, 0x00, 0x25, 0x0f,
  0x38, 0x00, 0x05, 0x04, 0x58, 0x00, 0x04, 0x08, 0x00, 0x04, 0x70, 0x03, 0x0c, 0x08, 0x00, 0x04,
  0x20, 0x00, 0x0f, 0x30, 0x03, 0x6d, 0x0f, 0x30, 0x15, 0x1d, 0x0f, 0x30, 0x00, 0x05, 0x0f, 0xc8,
  0x00, 0x15, 0x0f, 0x08, 0x0e, 0x0d, 0x0f, 0x20, 0x00, 0xe5, 0x0f, 0x40, 0x01, 0x15, 0x0f, 0x02,
  0x00, 0x0d, 0x0f, 0x80, 0x07, 0xff, 0xff, 0xff, 0xff, 0xff, 0xff, 0xff, 0x8c, 0x04, 0x48, 0x0e,
  0x0f, 0x08, 0x00, 0x05, 0x0f, 0xa8, 0x0e, 0x0d, 0x0c, 0x38, 0x00, 0x04, 0x30, 0x00, 0x04, 0x08,
  0x00, 0x0f, 0x20, 0x00, 0x05, 0x0c, 0x18, 0x00, 0x0f, 0x10, 0x00, 0x15, 0x04, 0x18, 0x0f, 0x04,
  0x30, 0x00, 0x0c, 0xc0, 0x0a, 0x0c, 0x10, 0x00, 0x0f, 0x10, 0x0b, 0x05, 0x0f, 0x18, 0x00, 0x05,
  0x04, 0x00, 0x0b, 0x0c, 0x48, 0x00, 0x0f, 0x10, 0x00, 0x35, 0x04, 0x60, 0x00, 0x04, 0x80, 0x00,
  0x04, 0x10, 0x00, 0x04, 0x60, 0x00, 0x04, 0x10, 0x00, 0x0f, 0x50, 0x09, 0x0d, 0x0f, 0x02, 0x00,
  0xff, 0xb6, 0x04, 0xf0, 0x01, 0x04, 0x10, 0x02, 0x0f, 0x08, 0x00, 0x55, 0x04, 0x78, 0x00, 0x04,
  0x08, 0x00, 0x0f, 0x78, 0x00, 0x0d, 0x04, 0x28, 0x00, 0x04, 0x08, 0x00, 0x0f, 0x30, 0x00, 0x0d,
  0x04, 0x20, 0x00, 0x0f, 0x30, 0x00, 0x05, 0x04, 0x18, 0x00, 0x04, 0x08, 0x00, 0x04, 0x30, 0x00,
  0x0f, 0x08, 0x00, 0x3d, 0x0c, 0x60, 0x00, 0x04, 0x10, 0x00, 0x04, 0x70, 0x03, 0x0c, 0x08, 0x00,
  0x04, 0x20, 0x00, 0x0f, 0x60, 0x03, 0x3d, 0x0f, 0xa0, 0x0e, 0x05, 0x0f, 0x18, 0x00, 0x0d, 0x3f,
  0x0b, 0xf1, 0xbf, 0x04, 0x00, 0x22, 0x04, 0x58, 0x00, 0x0f, 0xc8, 0x00, 0x25, 0x04, 0xb0, 0x0d,
  0x0f, 0x08, 0x00, 0x15, 0x0f, 0x20, 0x0f, 0x8d, 0x0f, 0xc8, 0x00, 0x0d, 0x0f, 0x28, 0x01, 0x25,
  0x0f, 0x02, 0x00, 0x15, 0x04, 0x80, 0x00, 0x04, 0xb8, 0x06, 0x0f, 0x08, 0x00, 0x15, 0x0c, 0x48,
  0x07, 0x04, 0x00, 0x07, 0x04, 0x08, 0x00, 0x0c, 0x48, 0x00, 0x04, 0x30, 0x00, 0x04, 0x08, 0x00,
  0x0f, 0x20, 0x00, 0x05, 0x0c, 0x18, 0x00, 0x0f, 0x10, 0x00, 0x15, 0x0c, 0x78, 0x00, 0x0c, 0x40,
  0x03, 0x0c, 0x10, 0x00, 0x0f, 0xd0, 0x03, 0x1d, 0x04, 0x80, 0x03, 0x0c, 0x48, 0x00, 0x0f, 0x10,
  0x00, 0x35, 0x04, 0x60, 0x00, 0x04, 0x98, 0x00, 0x04, 0x10, 0x00, 0x04, 0x60, 0x00, 0x04, 0x10,
  0x00, 0x0f, 0xd8, 0x01, 0x15, 0x0f, 0x02, 0x00, 0xff, 0xae, 0x04, 0xf0, 0x01, 0x04, 0x10, 0x02,
  0x0f, 0x08, 0x00, 0x55, 0x04, 0x78, 0x00, 0x04, 0x08, 0x00, 0x0f, 0x78, 0x00, 0x0d, 0x04, 0x28,
  0x00, 0x04, 0x08, 0x00, 0x0f, 0x30, 0x00, 0x0d, 0x04, 0x20, 0x00, 0x0f, 0x30, 0x00, 0x05, 0x04,
  0x18, 0x00, 0x04, 0x08, 0x00, 0x04, 0x30, 0x00, 0x0f, 0x08, 0x00, 0x3d, 0x0c, 0x60, 0x00, 0x04,
  0x10, 0x00, 0x04, 0x70, 0x03, 0x0c, 0x08, 0x00, 0x04, 0x20, 0x00, 0x0f, 0x58, 0x03, 0x3d, 0x04,
  0x10, 0x07, 0x0f, 0x08, 0x00, 0x1d, 0x0f, 0x7c, 0x07, 0x21, 0x0f, 0x80, 0x07, 0xff, 0x92, 0x04,
  0x20, 0x07, 0x0f, 0x08, 0x00, 0x15, 0x04, 0x20, 0x07, 0x0f, 0x30, 0x00, 0x05, 0x0f, 0x20, 0x00,
  0x05, 0x04, 0x18, 0x00, 0x0c, 0x08, 0x00, 0x0f, 0x48, 0x00, 0x05, 0x0c, 0x18, 0x00, 0x0c, 0x38,
  0x00, 0x0f, 0x80, 0x07, 0xff, 0xff, 0xb7, 0x04, 0xe8, 0x05, 0x0f, 0x70, 0x06, 0x3d, 0x0f, 0x50,
  0x00, 0x15, 0x04, 0x80, 0x00, 0x0f, 0x08, 0x00, 0x1d, 0x0f, 0x60, 0x00, 0x05, 0x0f, 0x48, 0x00,
  0x35, 0x0f, 0x60, 0x00, 0x05, 0x0f, 0x18, 0x00, 0x25, 0x04, 0x98, 0x00, 0x04, 0x40, 0x00, 0x04,
  0x10, 0x00, 0x0c, 0x78, 0x07, 0x04, 0x10, 0x00, 0x04, 0x20, 0x00, 0x0f, 0x80, 0x07, 0x4d, 0x0f,
  0x58, 0x07, 0x05, 0x0c, 0xa0, 0x07, 0x0f, 0x28, 0x00, 0x05, 0x0f, 0x18, 0x00, 0x15, 0x04, 0x50,
  0x00, 0x0f, 0xd0, 0x00, 0x15, 0x04, 0xa8, 0x0d, 0x0f, 0x08, 0x00, 0xdd, 0x0f, 0x20, 0x01, 0x15,
  0x0f, 0x02, 0x00, 0x25, 0x04, 0x50, 0x01, 0x04, 0xd0, 0x06, 0x0c, 0xe8, 0x06, 0x0f, 0x10, 0x00,
  0x0d, 0x0f, 0x38, 0x00, 0x0d, 0x0f, 0x20, 0x00, 0x05, 0x04, 0x18, 0x00, 0x0c, 0x08, 0x00, 0x0f,
  0x70, 0x00, 0x0d, 0x04, 0x20, 0x00, 0x0c, 0x38, 0x00, 0x0f, 0x80, 0x07, 0xff, 0xff, 0xff, 0xff,
  0xff, 0xff, 0xab, 0x04, 0xc8, 0x06, 0x04, 0xd8, 0x06, 0x0f, 0x08, 0x00, 0x1d, 0x04, 0x40, 0x00,
  0x0f, 0x08, 0x00, 0x25, 0x0f, 0x70, 0x00, 0x1d, 0x0c, 0x30, 0x00, 0x04, 0x78, 0x00, 0x0f, 0x80,
  0x07, 0xff, 0xff, 0xaf, 0x04, 0x60, 0x0d, 0x0f, 0x08, 0x00, 0xff, 0x56, 0x04, 0xf8, 0x0e, 0x04,
  0x08, 0x00, 0x04, 0x78, 0x01, 0x04, 0xf0, 0x0e, 0x0c, 0x08, 0x00, 0x04, 0x20, 0x00, 0x0f, 0xe8,
  0x0c, 0x15, 0x04, 0x60, 0x0e, 0x0f, 0x08, 0x00, 0x15, 0x0f, 0xb8, 0x0e, 0x15, 0x0f, 0x28, 0x00,
  0x35, 0x04, 0x98, 0x00, 0x0f, 0xd0, 0x00, 0x15, 0x04, 0xa8, 0x0d, 0x0f, 0x08, 0x00, 0x55, 0x3f,
  0x31, 0x39, 0x66, 0x04, 0x00, 0x4a, 0x0f, 0xc8, 0x00, 0x1d, 0x0f, 0x28, 0x01, 0x15, 0x0f, 0x02,
  0x00, 0x1d, 0x04, 0xc0, 0x06, 0x0c, 0xd8, 0x06, 0x0f, 0x10, 0x00, 0x15, 0x04, 0x40, 0x00, 0x0f,
  0x08, 0x00, 0x25, 0x0f, 0x68, 0x00, 0x15, 0x0f, 0x28, 0x00, 0x05, 0x04, 0x78, 0x00, 0x0f, 0x80,
  0x07, 0xff, 0xff, 0xff, 0xff, 0xff, 0xff, 0xa3, 0x0f, 0xb8, 0x06, 0x05, 0x04, 0x18, 0x00, 0x0f,
  0x08, 0x00, 0x15, 0x0f, 0x18, 0x07, 0x05, 0x0c, 0x18, 0x00, 0x04, 0x50, 0x00, 0x04, 0x28, 0x07,
  0x04, 0x08, 0x00, 0x04, 0x18, 0x00, 0x0f, 0x08, 0x00, 0x1d, 0x04, 0x60, 0x00, 0x04, 0x38, 0x00,
  0x0c, 0x50, 0x00, 0x0c, 0xc0, 0x0a, 0x0c, 0x10, 0x00, 0x04, 0xf8, 0x0a, 0x0f, 0x08, 0x00, 0x15,
  0x04, 0x00, 0x0b, 0x0c, 0x48, 0x00, 0x0f, 0x10, 0x00, 0x35, 0x04, 0x60, 0x00, 0x04, 0x90, 0x00,
  0x04, 0x10, 0x00, 0x04, 0x60, 0x00, 0x04, 0x10, 0x00, 0x0f, 0x60, 0x09, 0x1d, 0x0f, 0x02, 0x00,
  0xff, 0x8e, 0x04, 0xd8, 0x01, 0x04, 0xe8, 0x01, 0x0f, 0x08, 0x00, 0x65, 0x04, 0x88, 0x00, 0x04,
  0x80, 0x02, 0x0f, 0x08, 0x00, 0x35, 0x04, 0x58, 0x00, 0x0f, 0xd8, 0x00, 0x65, 0x04, 0x78, 0x00,
  0x04, 0x88, 0x00, 0x04, 0x08, 0x00, 0x0c, 0xe0, 0x00, 0x04, 0x18, 0x00, 0x04, 0x30, 0x00, 0x0c,
  0x08, 0x00, 0x04, 0x20, 0x00, 0x0f, 0x50, 0x03, 0x15, 0x04, 0x60, 0x0e, 0x0f, 0x08, 0x00, 0x15,
  0x0f, 0xd8, 0x0e, 0x35, 0x0f, 0x48, 0x00, 0x15, 0x0f, 0x98, 0x00, 0x0d, 0x0c, 0xe8, 0x00, 0x0f,
  0x30, 0x0e, 0x05, 0x0f, 0xa4, 0x0e, 0x49, 0x0f, 0x5c, 0x00, 0x61, 0x0f, 0xe8, 0x00, 0x05, 0x0c,
  0x10, 0x01, 0x0f, 0x02, 0x00, 0x2d, 0x0f, 0xb8, 0x06, 0x05, 0x04, 0x18, 0x00, 0x0f, 0x08, 0x00,
  0x15, 0x04, 0x08, 0x07, 0x0f, 0x08, 0x00, 0x0d, 0x04, 0x50, 0x00, 0x04, 0x28, 0x07, 0x04, 0x08,
  0x00, 0x04, 0x18, 0x00, 0x0f, 0x08, 0x00, 0x1d, 0x04, 0x70, 0x00, 0x04, 0x38, 0x00, 0x0c, 0x50,
  0x00, 0x0c, 0x40, 0x03, 0x0c, 0x10, 0x00, 0x0c, 0x80, 0x03, 0x0f, 0x10, 0x00, 0x0d, 0x04, 0x80,
  0x03, 0x0c, 0x48, 0x00, 0x0f, 0x10, 0x00, 0x35, 0x04, 0x60, 0x00, 0x04, 0x88, 0x00, 0x04, 0x10,
  0x00, 0x04, 0x60, 0x00, 0x04, 0x10, 0x00, 0x0f, 0xf8, 0x01, 0x2d, 0x0f, 0x02, 0x00, 0xff, 0x7e,
  0x04, 0xd8, 0x01, 0x04, 0xe8, 0x01, 0x0f, 0x08, 0x00, 0x65, 0x04, 0x88, 0x00, 0x04, 0x80, 0x02,
  0x0f, 0x08, 0x00, 0x35, 0x04, 0x58, 0x00, 0x0f, 0xd8, 0x00, 0x65, 0x04, 0x78, 0x00, 0x04, 0x88,
  0x00, 0x04, 0x08, 0x00, 0x0c, 0xe0, 0x00, 0x04, 0x18, 0x00, 0x04, 0x30, 0x00, 0x0c, 0x08, 0x00,
  0x04, 0x20, 0x00, 0x0f, 0x40, 0x03, 0x15, 0x0f, 0xe0, 0x06, 0x0d, 0x0c, 0x20, 0x00, 0x0f, 0x38,
  0x07, 0x15, 0x0f, 0x28, 0x00, 0x35, 0x0c, 0x80, 0x00, 0x0c, 0x10, 0x00, 0x0c, 0xe8, 0x00, 0x0f,
  0x98, 0x06, 0x05, 0x0f, 0x24, 0x07, 0x61, 0x0f, 0x74, 0x00, 0x49, 0x0f, 0xe8, 0x00, 0x05, 0x0c,
  0x10, 0x01, 0x0f, 0x02, 0x00, 0x25, 0x0c, 0xb0, 0x06, 0x04, 0xb8, 0x06, 0x0f, 0x08, 0x00, 0x1d,
  0x04, 0x48, 0x00, 0x04, 0x08, 0x00, 0x04, 0x10, 0x07, 0x0f, 0x08, 0x00, 0x05, 0x04, 0x28, 0x00,
  0x0f, 0x68, 0x00, 0x1d, 0x04, 0x30, 0x00, 0x04, 0x40, 0x00, 0x04, 0x08, 0x00, 0x04, 0x68, 0x00,
  0x04, 0x10, 0x00, 0x0c, 0x28, 0x00, 0x0c, 0x40, 0x03, 0x0c, 0x10, 0x00, 0x0c, 0x80, 0x03, 0x0f,
  0x10, 0x00, 0x0d, 0x04, 0x80, 0x03, 0x0c, 0x48, 0x00, 0x0f, 0x10, 0x00, 0x35, 0x04, 0x60, 0x00,
  0x04, 0x88, 0x00, 0x04, 0x10, 0x00, 0x04, 0x60, 0x00, 0x04, 0x10, 0x00, 0x0f, 0xf8, 0x01, 0x25,
  0x0f, 0x02, 0x00, 0xff, 0x86, 0x04, 0xd8, 0x01, 0x04, 0xe8, 0x01, 0x0f, 0x08, 0x00, 0x65, 0x04,
  0x88, 0x00, 0x04, 0x80, 0x02, 0x0f, 0x08, 0x00, 0x2d, 0x04, 0x50, 0x00, 0x0f, 0xd0, 0x00, 0x65,
  0x04, 0x78, 0x00, 0x0c, 0x88, 0x00, 0x04, 0x10, 0x00, 0x0c, 0xe0, 0x00, 0x04, 0x18, 0x00, 0x04,
  0x38, 0x00, 0x0c, 0x08, 0x00, 0x04, 0x20, 0x00, 0x0f, 0x48, 0x03, 0x0d, 0x04, 0xc8, 0x06, 0x0f,
  0x28, 0x07, 0x35, 0x0f, 0x48, 0x00, 0x45, 0x04, 0xa8, 0x00, 0x0f, 0x08, 0x00, 0x0d, 0x04, 0xf0,
  0x00, 0x0f, 0x98, 0x06, 0x05, 0x0c, 0x18, 0x00, 0x0f, 0x1c, 0x07, 0x49, 0x0f, 0x5c, 0x00, 0x59,
  0x0c, 0xd8, 0x00, 0x04, 0x08, 0x01, 0x0f, 0x02, 0x00, 0x2d, 0x0c, 0xb0, 0x06, 0x04, 0xb8, 0x06,
  0x0f, 0x08, 0x00, 0x1d, 0x04, 0x48, 0x00, 0x04, 0x08, 0x00, 0x04, 0x10, 0x07, 0x0f, 0x08, 0x00,
  0x05, 0x04, 0x28, 0x00, 0x0f, 0x68, 0x00, 0x1d, 0x04, 0x30, 0x00, 0x04, 0x40, 0x00, 0x04, 0x08,
  0x00, 0x04, 0x68, 0x00, 0x04, 0x10, 0x00, 0x0c, 0x28, 0x00, 0x0c, 0x40, 0x03, 0x0c, 0x10, 0x00,
  0x0c, 0x80, 0x03, 0x0f, 0x10, 0x00, 0x0d, 0x04, 0x80, 0x03, 0x0c, 0x48, 0x00, 0x0f, 0x10, 0x00,
  0x35, 0x04, 0x60, 0x00, 0x04, 0x88, 0x00, 0x04, 0x10, 0x00, 0x04, 0x60, 0x00, 0x04, 0x10, 0x00,
  0x0f, 0x00, 0x02, 0x2d, 0x0f, 0x02, 0x00, 0xff, 0x7e, 0x04, 0xd8, 0x01, 0x04, 0xe8, 0x01, 0x0f,
  0x08, 0x00, 0x65, 0x04, 0x88, 0x00, 0x04, 0x80, 0x02, 0x0f, 0x08, 0x00, 0x2d, 0x04, 0x50, 0x00,
  0x0f, 0xd0, 0x00, 0x65, 0x04, 0x78, 0x00, 0x0c, 0x88, 0x00, 0x04, 0x10, 0x00, 0x0c, 0xe0, 0x00,
  0x04, 0x18, 0x00, 0x04, 0x38, 0x00, 0x0c, 0x08, 0x00, 0x04, 0x20, 0x00, 0x0f, 0x40, 0x03, 0x0d,
  0x04, 0xd0, 0x06, 0x0f, 0x38, 0x07, 0x45, 0x0f, 0x58, 0x00, 0x35, 0x04, 0xa8, 0x00, 0x0f, 0x08,
  0x00, 0x0d, 0x04, 0xf0, 0x00, 0x0c, 0x90, 0x06, 0x0f, 0x10, 0x00, 0x05, 0x0f, 0x24, 0x07, 0x59,
  0x0f, 0x6c, 0x00, 0x49, 0x0c, 0xe0, 0x00, 0x04, 0x08, 0x01, 0x0f, 0x02, 0x00, 0x2d, 0x04, 0xb0,
  0x06, 0x0f, 0x08, 0x00, 0x9d, 0x0c, 0x60, 0x07, 0x0f, 0x80, 0x07, 0xff, 0xff, 0xaf, 0x04, 0xd0,
  0x05, 0x0c, 0xe8, 0x05, 0x0f, 0x10, 0x00, 0x5d, 0x04, 0x88, 0x00, 0x0c, 0x90, 0x06, 0x0f, 0x10,
  0x00, 0x2d, 0x04, 0x58, 0x00, 0x0f, 0xd0, 0x00, 0x5d, 0x0c, 0x70, 0x00, 0x0c, 0x88, 0x00, 0x04,
  0x10, 0x00, 0x0c, 0xe0, 0x00, 0x04, 0x18, 0x00, 0x0c, 0x40, 0x00, 0x04, 0x10, 0x00, 0x04, 0x20,
  0x00, 0x0f, 0x80, 0x05, 0x0d, 0x04, 0xd0, 0x06, 0x0f, 0x28, 0x07, 0x35, 0x0f, 0x48, 0x00, 0x5d,
  0x04, 0xc0, 0x00, 0x04, 0x08, 0x00, 0x04, 0xf0, 0x00, 0x0c, 0x90, 0x06, 0x0c, 0x10, 0x00, 0x04,
  0x30, 0x00, 0x0f, 0x08, 0x00, 0x35, 0x0f, 0x5c, 0x07, 0x49, 0x0f, 0x5c, 0x00, 0x19, 0x04, 0xe8,
  0x00, 0x04, 0x08, 0x01, 0x0f, 0x02, 0x00, 0x2d, 0x0f, 0x78, 0x07, 0x9d, 0x04, 0xb0, 0x00, 0x0f,
  0x80, 0x07, 0xff, 0xff, 0xff, 0xff, 0xff, 0xff, 0xc3, 0x04, 0xd0, 0x06, 0x0f, 0x08, 0x00, 0x25,
  0x04, 0x80, 0x0e, 0x0f, 0x08, 0x00, 0x0d, 0x0c, 0x40, 0x07, 0x0f, 0x70, 0x00, 0x0d, 0x39, 0xba,
  0x7b, 0xd7, 0x04, 0x00, 0x0c, 0x40, 0x00, 0x04, 0x10, 0x00, 0x04, 0x78, 0x00, 0x04, 0x10, 0x00,
  0x04, 0x58, 0x00, 0x04, 0x10, 0x00, 0x04, 0xb8, 0x0a, 0x0f, 0x08, 0x00, 0x05, 0x0c, 0x00, 0x0b,
  0x0f, 0x10, 0x00, 0x0d, 0x04, 0x00, 0x0b, 0x0f, 0x50, 0x00, 0x05, 0x0f, 0x18, 0x00, 0x2d, 0x04,
  0x60, 0x00, 0x04, 0x88, 0x00, 0x04, 0x10, 0x00, 0x04, 0x58, 0x00, 0x04, 0x10, 0x00, 0x0f, 0x80,
  0x09, 0x2d, 0x0f, 0x02, 0x00, 0xff, 0x6e, 0x04, 0xc8, 0x01, 0x04, 0xd8, 0x01, 0x0f, 0x08, 0x00,
  0x6d, 0x04, 0x90, 0x00, 0x04, 0x78, 0x02, 0x0f, 0x08, 0x00, 0x2d, 0x04, 0x50, 0x00, 0x0f, 0xd8,
  0x00, 0x75, 0x0c, 0x88, 0x00, 0x04, 0xa0, 0x00, 0x0c, 0xe8, 0x00, 0x04, 0x18, 0x00, 0x0c, 0x30,
  0x00, 0x04, 0x10, 0x00, 0x04, 0x20, 0x00, 0x0c, 0x40, 0x03, 0x0f, 0xf0, 0x0d, 0x05, 0x0f, 0xb8,
  0x0e, 0x2d, 0x0f, 0x58, 0x00, 0x05, 0x04, 0x18, 0x00, 0x0f, 0x60, 0x00, 0x2d, 0x0f, 0x40, 0x00,
  0x05, 0x04, 0x60, 0x00, 0x04, 0x08, 0x00, 0x04, 0xf0, 0x00, 0x04, 0x10, 0x00, 0x0f, 0x08, 0x00,
  0x05, 0x0f, 0x50, 0x00, 0x05, 0x0f, 0x18, 0x00, 0x1d, 0x0c, 0x60, 0x00, 0x0f, 0xac, 0x0e, 0x19,
  0x0f, 0x2c, 0x00, 0x39, 0x04, 0xf8, 0x0e, 0x04, 0x08, 0x00, 0x04, 0x08, 0x01, 0x0f, 0x02, 0x00,
  0x2d, 0x04, 0xa0, 0x06, 0x04, 0xb0, 0x06, 0x0f, 0x08, 0x00, 0x25, 0x04, 0x00, 0x07, 0x0f, 0x08,
  0x00, 0x0d, 0x0f, 0x70, 0x00, 0x1d, 0x0f, 0x80, 0x07, 0xff, 0xff, 0xff, 0xff, 0xff, 0xff, 0xff,
  0x74, 0x0c, 0x10, 0x08, 0x0c, 0xc0, 0x07, 0x04, 0x10, 0x00, 0x04, 0xf8, 0x07, 0x04, 0x10, 0x00,
  0x04, 0x38, 0x00, 0x04, 0x10, 0x00, 0x04, 0xb8, 0x0a, 0x0f, 0x08, 0x00, 0x05, 0x0c, 0x00, 0x0b,
  0x0f, 0x10, 0x00, 0x0d, 0x04, 0x00, 0x0b, 0x0f, 0x50, 0x00, 0x05, 0x0f, 0x18, 0x00, 0x2d, 0x04,
  0x60, 0x00, 0x04, 0x88, 0x00, 0x04, 0x10, 0x00, 0x04, 0x58, 0x00, 0x04, 0x10, 0x00, 0x0f, 0x80,
  0x09, 0x2d, 0x0f, 0x02, 0x00, 0xff, 0x66, 0x04, 0xc0, 0x01, 0x0f, 0x08, 0x00, 0xff, 0x56, 0x04,
  0x38, 0x03, 0x0c, 0x08, 0x00, 0x04, 0x80, 0x01, 0x04, 0x68, 0x03, 0x04, 0x08, 0x00, 0x04, 0x18,
  0x00, 0x0c, 0x30, 0x00, 0x04, 0x10, 0x00, 0x04, 0x20, 0x00, 0x0c, 0x40, 0x03, 0x0c, 0xb0, 0x0d,
  0x04, 0x10, 0x00, 0x0f, 0xf8, 0x0d, 0x2d, 0x0c, 0x68, 0x00, 0x04, 0x02, 0x00, 0x04, 0x60, 0x00,
  0x04, 0x08, 0x00, 0x0f, 0x68, 0x00, 0x1d, 0x0f, 0x30, 0x00, 0x05, 0x04, 0x50, 0x00, 0x0f, 0x08,
  0x00, 0x0d, 0x0f, 0x40, 0x00, 0x05, 0x0f, 0x18, 0x00, 0x45, 0x0f, 0x90, 0x00, 0x0d, 0x0f, 0xf4,
  0x0e, 0x39, 0x0f, 0x4c, 0x00, 0x01, 0x0f, 0x00, 0x0f, 0xdd, 0x04, 0x48, 0x07, 0x04, 0x08, 0x00,
  0x04, 0x50, 0x07, 0x0c, 0x10, 0x00, 0x0f, 0x80, 0x07, 0xff, 0xff, 0xff, 0xff, 0xff, 0xff, 0xff,
  0xff, 0x5d, 0x0f, 0x78, 0x0b, 0x05, 0x0f, 0x02, 0x00, 0xff, 0xa6, 0x04, 0xd0, 0x01, 0x04, 0x58,
  0x0d, 0x0f, 0x08, 0x00, 0x65, 0x04, 0x88, 0x00, 0x04, 0x00, 0x0e, 0x0f, 0x08, 0x00, 0x35, 0x04,
  0x58, 0x00, 0x0f, 0xd8, 0x00, 0x6d, 0x0f, 0x80, 0x00, 0x05, 0x04, 0xa0, 0x00, 0x0c, 0xf0, 0x00,
  0x04, 0x18, 0x00, 0x0f, 0x38, 0x00, 0x0d, 0x0f, 0x90, 0x0d, 0x0d, 0x04, 0x20, 0x00, 0x0f, 0x10,
  0x0e, 0x1d, 0x04, 0x38, 0x00, 0x0f, 0x08, 0x00, 0x35, 0x0f, 0x80, 0x00, 0x35, 0x0f, 0x48, 0x00,
  0x1d, 0x0f, 0x30, 0x00, 0x3d, 0x0f, 0x10, 0x01, 0x35, 0x0f, 0x48, 0x00, 0x3d, 0x0f, 0x80, 0x05,
  0x25, 0x0c, 0x50, 0x0e, 0x04, 0x58, 0x0e, 0x0f, 0x08, 0x00, 0x1d, 0x04, 0x80, 0x0e, 0x0f, 0x08,
  0x00, 0x0d, 0x0f, 0x70, 0x00, 0x2d, 0x0c, 0x40, 0x00, 0x04, 0x10, 0x00, 0x04, 0x78, 0x00, 0x04,
  0x10, 0x00, 0x04, 0xc0, 0x00, 0x04, 0x10, 0x00, 0x0f, 0x48, 0x03, 0x05, 0x04, 0x18, 0x00, 0x0c,
  0x80, 0x03, 0x0f, 0x10, 0x00, 0x0d, 0x0f, 0xa0, 0x03, 0x0d, 0x04, 0x58, 0x00, 0x0f, 0x08, 0x00,
  0x25, 0x04, 0x60, 0x00, 0x04, 0x88, 0x00, 0x04, 0x10, 0x00, 0x04, 0x08, 0x00, 0x0f, 0xf0, 0x01,
  0x25, 0x0f, 0x02, 0x00, 0xff, 0x7e, 0x04, 0xd0, 0x01, 0x0f, 0x28, 0x02, 0x25, 0x0f, 0x38, 0x00,
  0x35, 0x04, 0x88, 0x00, 0x04, 0x70, 0x02, 0x0f, 0x08, 0x00, 0x35, 0x04, 0x58, 0x00, 0x0f, 0xa8,
  0x00, 0x35, 0x0f, 0x48, 0x00, 0x1d, 0x0f, 0x80, 0x00, 0x0d, 0x04, 0x20, 0x00, 0x0c, 0xf0, 0x00,
  0x04, 0x18, 0x00, 0x0f, 0x70, 0x00, 0x05, 0x04, 0x20, 0x00, 0x0f, 0xc8, 0x05, 0x15, 0x0f, 0x88,
  0x06, 0x1d, 0x0f, 0x58, 0x00, 0x15, 0x0f, 0x28, 0x00, 0x15, 0x0f, 0x80, 0x00, 0x35, 0x0f, 0x48,
  0x00, 0x1d, 0x0f, 0x30, 0x00, 0x3d, 0x0f, 0xf0, 0x00, 0x15, 0x0f, 0x28, 0x00, 0x5d, 0x0f, 0x58,
  0x05, 0x25, 0x04, 0xa0, 0x06, 0x04, 0xb0, 0x06, 0x0f, 0x08, 0x00, 0x25, 0x04, 0x00, 0x07, 0x0f,
  0x08, 0x00, 0x0d, 0x0f, 0x70, 0x00, 0x2d, 0x0c, 0x40, 0x00, 0x04, 0x10, 0x00, 0x04, 0x78, 0x00,
  0x04, 0x10, 0x00, 0x04, 0xc8, 0x00, 0x04, 0x10, 0x00, 0x0f, 0x48, 0x03, 0x05, 0x04, 0x18, 0x00,
  0x0c, 0x80, 0x03, 0x0f, 0x10, 0x00, 0x0d, 0x04, 0x80, 0x03, 0x04, 0x40, 0x00, 0x0f, 0x08, 0x00,
  0x3d, 0x04, 0x60, 0x00, 0x04, 0x88, 0x00, 0x04, 0x10, 0x00, 0x0f, 0xe8, 0x01, 0x25, 0x0f, 0x02,
  0x00, 0xff, 0x86, 0x04, 0xd8, 0x01, 0x0f, 0x40, 0x02, 0x3d, 0x0f, 0x50, 0x00, 0x1d, 0x04, 0x88,
  0x00, 0x04, 0x70, 0x02, 0x0f, 0x08, 0x00, 0x35, 0x04, 0x58, 0x00, 0x0f, 0x90, 0x00, 0x1d, 0x0f,
  0x30, 0x00, 0x35, 0x0f, 0x80, 0x00, 0x0d, 0x04, 0x20, 0x00, 0x0c, 0xf0, 0x00, 0x04, 0x18, 0x00,
  0x0f, 0x88, 0x00, 0x05, 0x04, 0x20, 0x00, 0x3f, 0x6e, 0x94, 0x37, 0x04, 0x00, 0x12, 0x0f, 0x88,
  0x06, 0x1d, 0x0c, 0x40, 0x06, 0x0f, 0x64, 0x00, 0x11, 0x08, 0x24, 0x00, 0x0c, 0x40, 0x00, 0x0c,
  0x10, 0x00, 0x0f, 0x90, 0x00, 0x05, 0x0c, 0x28, 0x00, 0x04, 0x10, 0x00, 0x0c, 0x30, 0x00, 0x08,
  0x6c, 0x00, 0x0f, 0x0c, 0x00, 0x11, 0x0c, 0x40, 0x00, 0x0f, 0x10, 0x00, 0x15, 0x04, 0x80, 0x00,
  0x04, 0x08, 0x00, 0x0f, 0x6c, 0x00, 0x11, 0x0f, 0x24, 0x00, 0x41, 0x04, 0x80, 0x00, 0x0f, 0x08,
  0x00, 0x05, 0x0f, 0x60, 0x05, 0x25, 0x04, 0xa0, 0x06, 0x04, 0xb0, 0x06, 0x0f, 0x08, 0x00, 0x25,
  0x04, 0x00, 0x07, 0x0f, 0x08, 0x00, 0x0d, 0x0f, 0x70, 0x00, 0x2d, 0x0c, 0x40, 0x00, 0x04, 0x10,
  0x00, 0x04, 0x78, 0x00, 0x04, 0x10, 0x00, 0x04, 0xc8, 0x00, 0x04, 0x10, 0x00, 0x0f, 0x48, 0x03,
  0x05, 0x04, 0x18, 0x00, 0x0c, 0x80, 0x03, 0x0f, 0x10, 0x00, 0x0d, 0x04, 0x80, 0x03, 0x04, 0x40,
  0x00, 0x0f, 0x08, 0x00, 0x3d, 0x04, 0x60, 0x00, 0x04, 0x88, 0x00, 0x04, 0x10, 0x00, 0x0f, 0xe8,
  0x01, 0x25, 0x0f, 0x02, 0x00, 0xff, 0x86, 0x04, 0xd8, 0x01, 0x0f, 0x40, 0x02, 0x3d, 0x0f, 0x50,
  0x00, 0x1d, 0x04, 0x88, 0x00, 0x04, 0x70, 0x02, 0x0f, 0x08, 0x00, 0x35, 0x04, 0x58, 0x00, 0x0f,
  0x90, 0x00, 0x1d, 0x0f, 0x30, 0x00, 0x35, 0x0f, 0x80, 0x00, 0x0d, 0x04, 0x20, 0x00, 0x0c, 0xf0,
  0x00, 0x04, 0x18, 0x00, 0x0f, 0x88, 0x00, 0x05, 0x04, 0x20, 0x00, 0x0f, 0xec, 0x05, 0x15, 0x0f,
  0x70, 0x06, 0x15, 0x04, 0x28, 0x00, 0x0c, 0xe8, 0x05, 0x0f, 0x68, 0x00, 0x15, 0x04, 0x28, 0x00,
  0x0c, 0x40, 0x00, 0x0c, 0x10, 0x00, 0x04, 0x68, 0x00, 0x0c, 0x08, 0x00, 0x0c, 0x28, 0x00, 0x04,
  0x10, 0x00, 0x0c, 0x28, 0x00, 0x04, 0x68, 0x00, 0x0f, 0x08, 0x00, 0x15, 0x0c, 0x40, 0x00, 0x0f,
  0x10, 0x00, 0x15, 0x04, 0x80, 0x00, 0x04, 0x08, 0x00, 0x0f, 0x70, 0x00, 0x15, 0x0f, 0x28, 0x00,
  0x3d, 0x04, 0x80, 0x00, 0x0f, 0x08, 0x00, 0x05, 0x0f, 0x60, 0x05, 0x25, 0x04, 0xa0, 0x06, 0x04,
  0xb0, 0x06, 0x0f, 0x08, 0x00, 0x25, 0x04, 0x00, 0x07, 0x0f, 0x08, 0x00, 0x0d, 0x0f, 0x70, 0x00,
  0x2d, 0x0c, 0x40, 0x00, 0x04, 0x10, 0x00, 0x04, 0x78, 0x00, 0x04, 0x10, 0x00, 0x04, 0xc8, 0x00,
  0x04, 0x10, 0x00, 0x0f, 0x48, 0x03, 0x05, 0x04, 0x18, 0x00, 0x0c, 0x80, 0x03, 0x0f, 0x10, 0x00,
  0x0d, 0x04, 0x80, 0x03, 0x04, 0x40, 0x00, 0x0f, 0x08, 0x00, 0x3d, 0x04, 0x60, 0x00, 0x04, 0x08,
  0x00, 0x0f, 0xe0, 0x01, 0x25, 0x0f, 0x02, 0x00, 0xff, 0x8e, 0x04, 0xe0, 0x01, 0x0f, 0x40, 0x02,
  0x3d, 0x0f, 0x50, 0x00, 0x1d, 0x04, 0x88, 0x00, 0x0f, 0xf8, 0x02, 0x0d, 0x0f, 0x20, 0x00, 0x1d,
  0x04, 0x58, 0x00, 0x0f, 0x90, 0x00, 0x1d, 0x0f, 0x30, 0x00, 0x35, 0x0f, 0x80, 0x00, 0x0d, 0x04,
  0x20, 0x00, 0x0c, 0xd8, 0x00, 0x04, 0x18, 0x00, 0x0f, 0x88, 0x00, 0x05, 0x04, 0x20, 0x00, 0x0f,
  0xe8, 0x05, 0x15, 0x04, 0xb8, 0x05, 0x0f, 0x78, 0x06, 0x55, 0x04, 0x70, 0x00, 0x0f, 0x08, 0x00,
  0x0d, 0x04, 0x90, 0x00, 0x0f, 0x28, 0x00, 0x05, 0x04, 0x20, 0x00, 0x0c, 0x08, 0x00, 0x0f, 0xf8,
  0x00, 0x15, 0x04, 0x28, 0x00, 0x0c, 0x40, 0x00, 0x0f, 0x10, 0x00, 0x15, 0x0c, 0x98, 0x00, 0x04,
  0x50, 0x00, 0x0f, 0x08, 0x00, 0x5d, 0x0c, 0x88, 0x00, 0x0c, 0x10, 0x00, 0x0f, 0x68, 0x05, 0x25,
  0x04, 0xa0, 0x06, 0x04, 0xb0, 0x06, 0x0f, 0x08, 0x00, 0x25, 0x04, 0x00, 0x07, 0x0f, 0x08, 0x00,
  0x0d, 0x0f, 0x70, 0x00, 0x2d, 0x0c, 0x40, 0x00, 0x04, 0x10, 0x00, 0x04, 0x78, 0x00, 0x04, 0x10,
  0x00, 0x04, 0xc8, 0x00, 0x04, 0x10, 0x00, 0x0f, 0x48, 0x03, 0x05, 0x04, 0x18, 0x00, 0x0c, 0x80,
  0x03, 0x0f, 0x10, 0x00, 0x0d, 0x04, 0x80, 0x03, 0x04, 0x40, 0x00, 0x0f, 0x08, 0x00, 0x3d, 0x04,
  0x60, 0x00, 0x04, 0x08, 0x00, 0x0f, 0xe0, 0x01, 0x25, 0x0f, 0x02, 0x00, 0xff, 0x8e, 0x04, 0xe0,
  0x01, 0x0f, 0x40, 0x02, 0x3d, 0x0f, 0x50, 0x00, 0x1d, 0x04, 0x88, 0x00, 0x0f, 0xf8, 0x02, 0x0d,
  0x0f, 0x20, 0x00, 0x1d, 0x04, 0x58, 0x00, 0x0f, 0x90, 0x00, 0x1d, 0x0f, 0x30, 0x00, 0x35, 0x0f,
  0x80, 0x00, 0x0d, 0x04, 0x20, 0x00, 0x0c, 0xd8, 0x00, 0x04, 0x18, 0x00, 0x0f, 0x88, 0x00, 0x05,
  0x04, 0x20, 0x00, 0x0f, 0x08, 0x06, 0x15, 0x04, 0xb0, 0x05, 0x0f, 0x78, 0x06, 0x55, 0x04, 0x70,
  0x00, 0x0f, 0x08, 0x00, 0x0d, 0x04, 0x90, 0x00, 0x0f, 0x28, 0x00, 0x05, 0x04, 0x20, 0x00, 0x0c,
  0x08, 0x00, 0x0f, 0xf8, 0x00, 0x15, 0x04, 0x28, 0x00, 0x0c, 0x40, 0x00, 0x0f, 0x10, 0x00, 0x15,
  0x0c, 0x98, 0x00, 0x04, 0x50, 0x00, 0x0f, 0x08, 0x00, 0x5d, 0x0c, 0x88, 0x00, 0x0c, 0x10, 0x00,
  0x0f, 0x68, 0x05, 0x25, 0x04, 0xa0, 0x06, 0x04, 0xb0, 0x06, 0x0f, 0x08, 0x00, 0x25, 0x04, 0x00,
  0x07, 0x0f, 0x08, 0x00, 0x0d, 0x0f, 0x70, 0x00, 0x25, 0x04, 0x88, 0x43, 0x0c, 0x40, 0x00, 0x04,
  0x10, 0x00, 0x04, 0x78, 0x00, 0x04, 0x10, 0x00, 0x04, 0xc8, 0x00, 0x04, 0x10, 0x00, 0x0f, 0x48,
  0x03, 0x05, 0x04, 0x18, 0x00, 0x0c, 0x80, 0x03, 0x0f, 0x10, 0x00, 0x0d, 0x04, 0x80, 0x03, 0x04,
  0x40, 0x00, 0x0f, 0x08, 0x00, 0x3d, 0x0f, 0xd0, 0x01, 0x25, 0x0f, 0x02, 0x00, 0xff, 0x9e, 0x0f,
  0x48, 0x02, 0x4d, 0x0f, 0x98, 0x02, 0x15, 0x04, 0x88, 0x00, 0x0f, 0xf8, 0x02, 0x0d, 0x0f, 0x20,
  0x00, 0x1d, 0x04, 0x58, 0x00, 0x0f, 0x88, 0x00, 0x15, 0x0f, 0x28, 0x00, 0x3d, 0x0f, 0x80, 0x00,
  0x0d, 0x04, 0x20, 0x00, 0x0c, 0xd8, 0x00, 0x04, 0x18, 0x00, 0x0f, 0x90, 0x00, 0x05, 0x04, 0x20,
  0x00, 0x0c, 0x88, 0x05, 0x0f, 0x10, 0x00, 0x15, 0x0f, 0x80, 0x06, 0x0d, 0x0c, 0x48, 0x00, 0x0f,
  0x70, 0x06, 0x1d, 0x0c, 0x40, 0x00, 0x0f, 0x10, 0x00, 0x1d, 0x0f, 0xa0, 0x00, 0x1d, 0x0f, 0x60,
  0x00, 0x0d, 0x0f, 0x50, 0x00, 0x0d, 0x04, 0x20, 0x00, 0x0f, 0x48, 0x00, 0x0d, 0x0f, 0x08, 0x01,
  0x1d, 0x0f, 0x30, 0x00, 0x25, 0x0f, 0x88, 0x00, 0x15, 0x04, 0x28, 0x00, 0x0f, 0x78, 0x05, 0x25,
  0x04, 0xa0, 0x06, 0x04, 0xb0, 0x06, 0x0f, 0x08, 0x00, 0x25, 0x04, 0x00, 0x07, 0x0f, 0x08, 0x00,
  0x0d, 0x0f, 0x70, 0x00, 0x25, 0x0f, 0x80, 0x07, 0xff, 0xff, 0xff, 0xff, 0xff, 0xff, 0xff, 0xff,
  0x5d, 0x04, 0x58, 0x0b, 0x0f, 0x50, 0x09, 0x25, 0x0f, 0x02, 0x00, 0xff, 0x9e, 0x04, 0xf0, 0x01,
  0x0f, 0x68, 0x0d, 0x05, 0x0f, 0x18, 0x00, 0x55, 0x04, 0x88, 0x00, 0x0c, 0x08, 0x0e, 0x0f, 0x10,
  0x00, 0x2d, 0x04, 0x58, 0x00, 0x0f, 0xc8, 0x00, 0x55, 0x0c, 0x68, 0x00, 0x0f, 0x80, 0x00, 0x0d,
  0x04, 0x20, 0x00, 0x0c, 0xe8, 0x00, 0x04, 0x18, 0x00, 0x0c, 0x50, 0x00, 0x04, 0x10, 0x00, 0x04,
  0x20, 0x00, 0x04, 0xb8, 0x0d, 0x0f, 0x08, 0x00, 0x3d, 0x04, 0x58, 0x0d, 0x04, 0x08, 0x00, 0x0f,
  0x60, 0x00, 0x3d, 0x04, 0x50, 0x00, 0x04, 0x60, 0x00, 0x04, 0x08, 0x00, 0x04, 0x18, 0x00, 0x0f,
  0x08, 0x00, 0x0d, 0x04, 0x30, 0x00, 0x0f, 0x08, 0x00, 0x05, 0x0c, 0x40, 0x00, 0x0f, 0x28, 0x00,
  0x05, 0x0c, 0x18, 0x00, 0x0c, 0x38, 0x00, 0x0f, 0x10, 0x00, 0x55, 0x0c, 0x88, 0x00, 0x0c, 0x10,
  0x00, 0x0f, 0x48, 0x0f, 0x05, 0x04, 0x28, 0x00, 0x0f, 0x78, 0x05, 0x25, 0x0f, 0x90, 0x0e, 0x25,
  0x0c, 0x28, 0x0f, 0x0f, 0xf8, 0x0e, 0x0d, 0x04, 0x20, 0x00, 0x0f, 0x70, 0x00, 0x25, 0x0f, 0x00,
  0x0f, 0xd5, 0x04, 0xd8, 0x03, 0x0f, 0xd0, 0x01, 0x25, 0x0f, 0x02, 0x00, 0xff, 0x9e, 0x04, 0xf0,
  0x01, 0x04, 0xd8, 0x05, 0x0f, 0x08, 0x00, 0x65, 0x04, 0x88, 0x00, 0x0c, 0x88, 0x06, 0x0f, 0x10,
  0x00, 0x2d, 0x04, 0x58, 0x00, 0x0f, 0xd8, 0x00, 0x6d, 0x0f, 0x80, 0x00, 0x05, 0x04, 0xa0, 0x00,
  0x0c, 0xe8, 0x00, 0x04, 0x18, 0x00, 0x0f, 0x38, 0x00, 0x0d, 0x0f, 0x20, 0x06, 0x45, 0x04, 0xd8,
  0x05, 0x04, 0x08, 0x00, 0x0f, 0x68, 0x00, 0x7d, 0x04, 0x98, 0x00, 0x0f, 0x08, 0x00, 0x05, 0x0c,
  0xb0, 0x00, 0x0f, 0x28, 0x00, 0x05, 0x0c, 0x18, 0x00, 0x0c, 0x38, 0x00, 0x0f, 0x10, 0x00, 0x55,
  0x0c, 0x88, 0x00, 0x0c, 0x10, 0x00, 0x0f, 0x80, 0x07, 0xff, 0x2e, 0x04, 0x50, 0x03, 0x0f, 0x08,
  0x00, 0x85, 0x0f, 0x38, 0x07, 0xff, 0x9e, 0x0f, 0x02, 0x00, 0x35, 0x04, 0x90, 0x02, 0x0f, 0xe8,
  0x05, 0x05, 0x0f, 0x18, 0x00, 0x55, 0x04, 0x88, 0x00, 0x0c, 0x88, 0x06, 0x0f, 0x10, 0x00, 0x2d,
  0x04, 0x58, 0x00, 0x0f, 0xc8, 0x00, 0x55, 0x0c, 0x68, 0x00, 0x0f, 0x80, 0x00, 0x0d, 0x04, 0x20,
  0x00, 0x0c, 0xe8, 0x00, 0x04, 0x18, 0x00, 0x0c, 0x50, 0x00, 0x04, 0x10, 0x00, 0x04, 0x20, 0x00,
  0x0c, 0xa8, 0x05, 0x0f, 0x10, 0x00, 0x05, 0x0f, 0xc0, 0x05, 0x0d, 0x0c, 0x38, 0x00, 0x0f, 0x78,
  0x06, 0x55, 0x04, 0x68, 0x00, 0x0c, 0x80, 0x00, 0x0c, 0x10, 0x00, 0x0f, 0xc0, 0x00, 0x05, 0x0f,
  0x18, 0x00, 0x7e, 0x03, 0x58, 0xd8, 0x04, 0xe8, 0x0d, 0x0c, 0x08, 0x00, 0x0c, 0xd8, 0x00, 0x04,
  0x10, 0x00, 0x04, 0x08, 0x01, 0x04, 0x08, 0x00, 0x0f, 0xd8, 0x00, 0x15, 0x04, 0x40, 0x00, 0x0f,
  0x10, 0x04, 0x25, 0x04, 0xa0, 0x00, 0x0c, 0xd0, 0x0e, 0x0f, 0x10, 0x00, 0x1d, 0x04, 0xe0, 0x0e,
  0x0f, 0x08, 0x00, 0x0d, 0x0f, 0x70, 0x00, 0x25, 0x0f, 0x00, 0x0f, 0x2d, 0x04, 0x30, 0x03, 0x0f,
  0x08, 0x00, 0x85, 0x0f, 0xc0, 0x01, 0x25, 0x0f, 0x02, 0x00, 0xff, 0xae, 0x04, 0x90, 0x02, 0x04,
  0xd8, 0x05, 0x0f, 0x08, 0x00, 0x65, 0x04, 0x88, 0x00, 0x0c, 0x88, 0x06, 0x0f, 0x10, 0x00, 0x2d,
  0x04, 0x58, 0x00, 0x0f, 0xd8, 0x00, 0x6d, 0x0f, 0x80, 0x00, 0x05, 0x04, 0xa0, 0x00, 0x0c, 0xe8,
  0x00, 0x04, 0x18, 0x00, 0x0f, 0x38, 0x00, 0x0d, 0x04, 0x80, 0x05, 0x0f, 0x08, 0x00, 0x0d, 0x0f,
  0xd0, 0x05, 0x05, 0x0f, 0x38, 0x00, 0x05, 0x04, 0x08, 0x06, 0x0f, 0x08, 0x00, 0x55, 0x0f, 0x88,
  0x00, 0x05, 0x04, 0x18, 0x00, 0x0f, 0xc0, 0x00, 0x05, 0x0f, 0x18, 0x00, 0x7e, 0x0f, 0x80, 0x07,
  0xff, 0x85, 0x0f, 0xa8, 0x06, 0xff, 0xae, 0x0f, 0x02, 0x00, 0xc5, 0x0f, 0xe8, 0x05, 0x0d, 0x0f,
  0x00, 0x06, 0x05, 0x0f, 0x18, 0x00, 0x3d, 0x04, 0x88, 0x00, 0x0c, 0x88, 0x06, 0x0f, 0x10, 0x00,
  0x2d, 0x04, 0x58, 0x00, 0x0f, 0xb0, 0x00, 0x3d, 0x0f, 0x50, 0x00, 0x15, 0x0f, 0x80, 0x00, 0x0d,
  0x04, 0x20, 0x00, 0x0c, 0xe8, 0x00, 0x04, 0x18, 0x00, 0x0f, 0x68, 0x00, 0x05, 0x04, 0x20, 0x00,
  0x0f, 0x80, 0x06, 0x3d, 0x04, 0xf0, 0x06, 0x0f, 0x78, 0x07, 0x55, 0x04, 0x68, 0x00, 0x04, 0x78,
  0x00, 0x0f, 0x08, 0x00, 0x05, 0x0f, 0xe8, 0x00, 0x3d, 0x0f, 0x50, 0x00, 0x3e, 0x03, 0x78, 0x07,
  0x0f, 0x00, 0x0e, 0x15, 0x0c, 0xe8, 0x00, 0x04, 0x08, 0x01, 0x04, 0x08, 0x00, 0x0f, 0xa0, 0x00,
  0x15, 0x04, 0x48, 0x00, 0x0f, 0xa0, 0x04, 0x25, 0x0f, 0x90, 0x0e, 0x25, 0x0c, 0x20, 0x0f, 0x0f,
  0xf8, 0x00, 0x0d, 0x04, 0x20, 0x00, 0x0f, 0x70, 0x00, 0x25, 0x0f, 0x00, 0x0f, 0x2d, 0x0f, 0x20,
  0x01, 0x25, 0x0f, 0x02, 0x00, 0xff, 0xff, 0x4f, 0x04, 0xc8, 0x05, 0x0f, 0xe8, 0x05, 0x05, 0x0f,
  0x18, 0x00, 0x55, 0x04, 0x88, 0x00, 0x0c, 0x88, 0x06, 0x0f, 0x10, 0x00, 0x2d, 0x04, 0x58, 0x00,
  0x0f, 0xc8, 0x00, 0x55, 0x0c, 0x68, 0x00, 0x0f, 0x80, 0x00, 0x0d, 0x04, 0x20, 0x00, 0x0c, 0xe8,
  0x00, 0x04, 0x18, 0x00, 0x0c, 0x50, 0x00, 0x04, 0x10, 0x00, 0x04, 0x20, 0x00, 0x0f, 0xa8, 0x05,
  0x15, 0x0f, 0x28, 0x00, 0x15, 0x04, 0xd0, 0x05, 0x04, 0x08, 0x06, 0x0f, 0x08, 0x00, 0x55, 0x04,
  0x78, 0x00, 0x0f, 0x08, 0x00, 0x05, 0x0f, 0xc0, 0x00, 0x15, 0x0f, 0x28, 0x00, 0x66, 0x0f, 0x80,
  0x07, 0xff, 0xff, 0xff, 0xff, 0xff, 0xff, 0x22, 0x0f, 0xe8, 0x06, 0x05, 0x04, 0x18, 0x00, 0x0f,
  0x78, 0x07, 0x55, 0x04, 0x68, 0x00, 0x04, 0x38, 0x07, 0x04, 0x80, 0x00, 0x04, 0x10, 0x00, 0x0f,
  0x08, 0x00, 0x8e, 0x0f, 0x78, 0x07, 0x14, 0x04, 0x00, 0x0e, 0x04, 0x08, 0x00, 0x04, 0x08, 0x0e,
  0x04, 0xf0, 0x00, 0x04, 0x08, 0x01, 0x04, 0x08, 0x00, 0x0f, 0xf8, 0x00, 0x15, 0x04, 0x40, 0x00,
  0x0f, 0xa8, 0x0d, 0x25, 0x04, 0x88, 0x00, 0x0c, 0xd0, 0x0e, 0x0f, 0x10, 0x00, 0x1d, 0x04, 0xd8,
  0x00, 0x0f, 0x08, 0x00, 0x0d, 0x0f, 0x70, 0x00, 0x25, 0x0f, 0x00, 0x0f, 0xff, 0xff, 0xff, 0xff,
  0xc1, 0x04, 0xb8, 0x05, 0x0f, 0x08, 0x00, 0x05, 0x04, 0x08, 0x06, 0x0f, 0x08, 0x00, 0x55, 0x04,
  0x70, 0x06, 0x04, 0x90, 0x00, 0x04, 0x10, 0x00, 0x0f, 0x08, 0x00, 0x8e, 0x0f, 0x80, 0x07, 0xff,
  0x55, 0x04, 0x10, 0x08, 0x0c, 0xc0, 0x07, 0x04, 0x10, 0x00, 0x04, 0xf8, 0x07, 0x04, 0x10, 0x00,
  0x0c, 0x30, 0x00, 0x0f, 0xa0, 0x08, 0x25, 0x0f, 0x02, 0x00, 0xff, 0xff, 0x4f, 0x04, 0xc8, 0x14,
  0x04, 0xd8, 0x14, 0x0f, 0x08, 0x00, 0x65, 0x04, 0x88, 0x00, 0x0c, 0x88, 0x15, 0x0f, 0x10, 0x00,
  0x2d, 0x04, 0x58, 0x00, 0x0f, 0xd8, 0x00, 0x6d, 0x0f, 0x80, 0x00, 0x05, 0x04, 0xa0, 0x00, 0x0c,
  0xe8, 0x00, 0x04, 0x18, 0x00, 0x0f, 0x38, 0x00, 0x0d, 0x04, 0xb0, 0x06, 0x0f, 0x08, 0x00, 0xff,
  0x5e, 0x04, 0xe8, 0x05, 0x04, 0xf8, 0x05, 0x0f, 0x08, 0x00, 0x1d, 0x04, 0x40, 0x00, 0x04, 0x08,
  0x00, 0x0c, 0xe8, 0x08, 0x0f, 0x78, 0x08, 0x15, 0x04, 0xf8, 0x01, 0x0f, 0x28, 0x06, 0x25, 0x04,
  0x80, 0x00, 0x04, 0xb0, 0x06, 0x0f, 0x08, 0x00, 0x25, 0x0f, 0x00, 0x01, 0x15, 0x0f, 0x70, 0x00,
  0x2d, 0x0c, 0x40, 0x00, 0x04, 0x10, 0x00, 0x04, 0x80, 0x00, 0x04, 0x10, 0x00, 0x04, 0xc8, 0x00,
  0x04, 0x10, 0x00, 0x0f, 0x20, 0x01, 0x25, 0x0f, 0x02, 0x00, 0xff, 0xff, 0x4f, 0x0f, 0xe8, 0x05,
  0x0d, 0x0f, 0x00, 0x06, 0x05, 0x0f, 0x18, 0x00, 0x3d, 0x04, 0x88, 0x00, 0x0c, 0x88, 0x06, 0x0f,
  0x10, 0x00, 0x2d, 0x04, 0x58, 0x00, 0x0f, 0xb0, 0x00, 0x3d, 0x0f, 0x50, 0x00, 0x15, 0x0f, 0x80,
  0x00, 0x0d, 0x04, 0x20, 0x00, 0x0c, 0xe8, 0x00, 0x04, 0x18, 0x00, 0x0f, 0x68, 0x00, 0x05, 0x04,
  0x20, 0x00, 0x04, 0x80, 0x05, 0x0f, 0x08, 0x00, 0xff, 0x5e, 0x04, 0xd8, 0x05, 0x04, 0xf8, 0x05,
  0x0f, 0x08, 0x00, 0x1d, 0x04, 0x40, 0x00, 0x04, 0x08, 0x00, 0x0f, 0x80, 0x07, 0xff, 0x3e, 0x04,
  0x58, 0x01, 0x04, 0x08, 0x00, 0x0f, 0x48, 0x07, 0xff, 0xff, 0x4f, 0x0f, 0x02, 0x00, 0x25, 0x04,
  0xc8, 0x05, 0x0f, 0xe8, 0x05, 0x05, 0x0f, 0x18, 0x00, 0x55, 0x04, 0x88, 0x00, 0x0c, 0x88, 0x06,
  0x0f, 0x10, 0x00, 0x2d, 0x04, 0x58, 0x00, 0x0f, 0xc8, 0x00, 0x55, 0x0c, 0x68, 0x00, 0x0f, 0x80,
  0x00, 0x0d, 0x04, 0x20, 0x00, 0x0c, 0xe8, 0x00, 0x04, 0x18, 0x00, 0x0c, 0x50, 0x00, 0x04, 0x10,
  0x00, 0x04, 0x20, 0x00, 0x0f, 0x28, 0x0d, 0x15, 0x0c, 0x28, 0x00, 0x0c, 0xf0, 0x05, 0x0f, 0x10,
  0x00, 0x65, 0x04, 0x38, 0x08, 0x0c, 0xa0, 0x00, 0x0f, 0x10, 0x00, 0x85, 0x05, 0xb0, 0x00, 0x0f,
  0x78, 0x16, 0x24, 0x0c, 0xa8, 0x07, 0x04, 0x20, 0x06, 0x04, 0x80, 0x01, 0x04, 0x10, 0x00, 0x0d,
  0x08, 0x00, 0x0f, 0xe8, 0x79, 0x04, 0x04, 0x90, 0x00, 0x0f, 0x00, 0x04, 0x25, 0x04, 0x68, 0x00,
  0x04, 0x30, 0x0e, 0x0f, 0x08, 0x00, 0x25, 0x0c, 0xd8, 0x00, 0x0f, 0x10, 0x00, 0x05, 0x0f, 0x70,
  0x00, 0x2d, 0x0c, 0x40, 0x00, 0x04, 0x10, 0x00, 0x04, 0x70, 0x00, 0x04, 0x10, 0x00, 0x0c, 0x08,
  0x00, 0x0f, 0x20, 0x01, 0x25, 0x0f, 0x02, 0x00, 0xff, 0xff, 0x4f, 0x04, 0xc8, 0x05, 0x04, 0xd8,
  0x05, 0x0f, 0x08, 0x00, 0x65, 0x04, 0x88, 0x00, 0x0c, 0x88, 0x06, 0x0f, 0x10, 0x00, 0x2d, 0x04,
  0x58, 0x00, 0x0f, 0xd8, 0x00, 0x6d, 0x0f, 0x80, 0x00, 0x05, 0x04, 0xa0, 0x00, 0x0c, 0xe8, 0x00,
  0x04, 0x18, 0x00, 0x0f, 0x38, 0x00, 0x0d, 0x0f, 0xa8, 0x06, 0x25, 0x04, 0xf0, 0x05, 0x0f, 0x08,
  0x00, 0x6d, 0x04, 0x40, 0x06, 0x0f, 0xc8, 0x00, 0x25, 0x0f, 0x38, 0x00, 0x5d, 0x05, 0xb0, 0x00,
  0x0f, 0x80, 0x07, 0xff, 0x95, 0x0f, 0x40, 0x07, 0xff, 0xff, 0x4f, 0x0f, 0x02, 0x00, 0x2d, 0x0f,
  0xe8, 0x05, 0x0d, 0x0f, 0x00, 0x06, 0x05, 0x0f, 0x18, 0x00, 0x3d, 0x04, 0x88, 0x00, 0x0c, 0x88,
  0x06, 0x0f, 0x10, 0x00, 0x2d, 0x04, 0x58, 0x00, 0x0f, 0xb0, 0x00, 0x3d, 0x0f, 0x50, 0x00, 0x15,
  0x0f, 0x80, 0x00, 0x0d, 0x04, 0x20, 0x00, 0x0c, 0xe8, 0x00, 0x04, 0x18, 0x00, 0x0f, 0x68, 0x00,
  0x05, 0x04, 0x20, 0x00, 0x0f, 0x80, 0x06, 0x25, 0x0f, 0x78, 0x07, 0x6d, 0x04, 0x80, 0x00, 0x05,
  0xd0, 0x06, 0x0f, 0xe0, 0x0d, 0x04, 0x0f, 0xe0, 0x00, 0x25, 0x0f, 0x38, 0x00, 0x45, 0x05, 0xb0,
  0x00, 0x0f, 0x80, 0x07, 0x0c, 0x0c, 0x80, 0x0d, 0x04, 0xa0, 0x0d, 0x0c, 0x08, 0x00, 0x0f, 0x28,
  0x00, 0x1e, 0x0b, 0x28, 0x01, 0x04, 0x90, 0x00, 0x0f, 0x08, 0x04, 0x25, 0x04, 0x80, 0x00, 0x0f,
  0xf8, 0x0e, 0x25, 0x04, 0x38, 0x00, 0x0c, 0xd8, 0x00, 0x0f, 0x10, 0x00, 0x05, 0x0f, 0x70, 0x00,
  0x2d, 0x0c, 0x40, 0x00, 0x04, 0x10, 0x00, 0x04, 0x70, 0x00, 0x04, 0x10, 0x00, 0x04, 0x08, 0x00,
  0x0f, 0x18, 0x01, 0x25, 0x0f, 0x02, 0x00, 0xff, 0xff, 0x57, 0x04, 0xc8, 0x05, 0x0f, 0xe8, 0x05,
  0x05, 0x0f, 0x18, 0x00, 0x55, 0x04, 0x88, 0x00, 0x0c, 0x88, 0x06, 0x0f, 0x10, 0x00, 0x2d, 0x04,
  0x58, 0x00, 0x0f, 0xc8, 0x00, 0x55, 0x0c, 0x68, 0x00, 0x0f, 0x80, 0x00, 0x0d, 0x04, 0x20, 0x00,
  0x0c, 0xe8, 0x00, 0x04, 0x18, 0x00, 0x0c, 0x50, 0x00, 0x04, 0x10, 0x00, 0x04, 0x20, 0x00, 0x0f,
  0x68, 0x06, 0x25, 0x04, 0x00, 0x07, 0x0f, 0x08, 0x00, 0x6d, 0x04, 0x40, 0x06, 0x0f, 0xc8, 0x00,
  0x25, 0x0f, 0x38, 0x00, 0x5d, 0x05, 0xb0, 0x00, 0x0f, 0x80, 0x07, 0xff, 0x7d, 0x04, 0x70, 0x07,
  0x04, 0x08, 0x00, 0x0f, 0x40, 0x07, 0xff, 0xff, 0x57, 0x0f, 0x02, 0x00, 0x2d, 0x04, 0xc8, 0x05,
  0x04, 0xd8, 0x05, 0x0f, 0x08, 0x00, 0x65, 0x04, 0x88, 0x00, 0x0c, 0x88, 0x06, 0x0f, 0x10, 0x00,
  0x2d, 0x04, 0x58, 0x00, 0x0f, 0xd8, 0x00, 0x6d, 0x0f, 0x80, 0x00, 0x05, 0x04, 0xa0, 0x00, 0x0c,
  0xe8, 0x00, 0x04, 0x18, 0x00, 0x0f, 0x38, 0x00, 0x0d, 0x0f, 0x80, 0x06, 0x25, 0x0f, 0x78, 0x07,
  0x6d, 0x04, 0x80, 0x00, 0x05, 0xd0, 0x06, 0x0b, 0xd8, 0x0d, 0x0f, 0xd8, 0x00, 0x25, 0x0f, 0x38,
  0x00, 0x4d, 0x05, 0xb0, 0x00, 0x0f, 0x80, 0x07, 0x04, 0x04, 0x00, 0x06, 0x04, 0x88, 0x00, 0x0f,
  0x30, 0x00, 0x15, 0x04, 0xc0, 0x0d, 0x0f, 0x08, 0x00, 0x0d, 0x0f, 0x60, 0x00, 0x05, 0x0f, 0x08,
  0x04, 0x25, 0x04, 0x50, 0x00, 0x04, 0xc8, 0x0e, 0x0f, 0x08, 0x00, 0x25, 0x0f, 0xb8, 0x00, 0x0d,
  0x04, 0x20, 0x00, 0x0f, 0x70, 0x00, 0x2d, 0x0c, 0x40, 0x00, 0x04, 0x10, 0x00, 0x0c, 0x08, 0x00,
  0x0f, 0x10, 0x01, 0x25, 0x0f, 0x02, 0x00, 0xff, 0xff, 0x5f, 0x0f, 0xe8, 0x05, 0x0d, 0x0f, 0x00,
  0x06, 0x05, 0x0f, 0x18, 0x00, 0x3d, 0x04, 0x88, 0x00, 0x0c, 0x88, 0x06, 0x0f, 0x10, 0x00, 0x2d,
  0x04, 0x58, 0x00, 0x0f, 0xb0, 0x00, 0x3d, 0x0f, 0x50, 0x00, 0x15, 0x0f, 0x80, 0x00, 0x0d, 0x04,
  0x20, 0x00, 0x0c, 0xe8, 0x00, 0x04, 0x18, 0x00, 0x0f, 0x68, 0x00, 0x05, 0x04, 0x20, 0x00, 0x04,
  0xe8, 0x05, 0x0f, 0x08, 0x00, 0x1d, 0x04, 0x00, 0x07, 0x0f, 0x08, 0x00, 0x6d, 0x05, 0xa0, 0x06,
  0x0f, 0x80, 0x07, 0xff, 0xff, 0x1e, 0x0f, 0x70, 0x07, 0xff, 0x96, 0x39, 0xf8, 0xbe, 0xb8, 0x04,
  0x00, 0x0f, 0xe0, 0x08, 0xfd, 0x04, 0xc8, 0x05, 0x0f, 0xe8, 0x05, 0x05, 0x0f, 0x18, 0x00, 0x55,
  0x04, 0x88, 0x00, 0x0c, 0x88, 0x06, 0x0f, 0x10, 0x00, 0x2d, 0x04, 0x58, 0x00, 0x0f, 0xc8, 0x00,
  0x55, 0x0c, 0x68, 0x00, 0x0f, 0x80, 0x00, 0x0d, 0x04, 0x20, 0x00, 0x0c, 0xe8, 0x00, 0x04, 0x18,
  0x00, 0x0c, 0x50, 0x00, 0x04, 0x10, 0x00, 0x04, 0x20, 0x00, 0x0f, 0x78, 0x07, 0x1d, 0x04, 0x30,
  0x00, 0x0f, 0x78, 0x07, 0x6d, 0x04, 0x80, 0x00, 0x0f, 0x80, 0x07, 0x8e, 0x03, 0xe8, 0x0e, 0x0c,
  0xf0, 0x05, 0x04, 0x10, 0x00, 0x04, 0xd8, 0x0d, 0x04, 0x08, 0x00, 0x04, 0x18, 0x00, 0x0f, 0x08,
  0x00, 0x05, 0x0c, 0x28, 0x00, 0x04, 0x10, 0x00, 0x0f, 0x08, 0x00, 0x15, 0x0f, 0x58, 0x00, 0x05,
  0x0f, 0xd8, 0x04, 0x25, 0x04, 0x50, 0x00, 0x0f, 0xf8, 0x0e, 0x25, 0x04, 0x38, 0x00, 0x0f, 0xc0,
  0x00, 0x1d, 0x04, 0x38, 0x00, 0x0f, 0x08, 0x00, 0x1d, 0x04, 0xb0, 0x00, 0x0c, 0x08, 0x00, 0x0f,
  0x00, 0x01, 0x25, 0x0f, 0x02, 0x00, 0xff, 0x4e, 0x08, 0x7c, 0x07, 0x0f, 0x80, 0x07, 0xff, 0xff,
  0xff, 0xff, 0xff, 0x0e, 0x0c, 0xd0, 0x06, 0x0f, 0x10, 0x00, 0x8d, 0x0f, 0x38, 0x07, 0xff, 0x4e,
  0x0f, 0x02, 0x00, 0x2d, 0x0c, 0x78, 0x07, 0x0c, 0x10, 0x00, 0x0f, 0x60, 0x00, 0x2d, 0x0f, 0x02,
  0x00, 0xb5, 0x04, 0x48, 0x0d, 0x04, 0x58, 0x0d, 0x0f, 0x08, 0x00, 0x65, 0x04, 0x88, 0x00, 0x0c,
  0x08, 0x0e, 0x0f, 0x10, 0x00, 0x2d, 0x04, 0x58, 0x00, 0x0f, 0xd8, 0x00, 0x6d, 0x0f, 0x80, 0x00,
  0x05, 0x04, 0xa0, 0x00, 0x0c, 0xe8, 0x00, 0x04, 0x18, 0x00, 0x0f, 0x38, 0x00, 0x0d, 0x04, 0xd0,
  0x0e, 0x0f, 0x08, 0x00, 0x1d, 0x04, 0x80, 0x0e, 0x0f, 0x08, 0x00, 0x35, 0x3f, 0xfc, 0xdb, 0xcb,
  0x04, 0x00, 0x02, 0x0f, 0x60, 0x00, 0x0d, 0x0f, 0x00, 0x0f, 0x86, 0x0b, 0xf8, 0x0e, 0x0c, 0xa8,
  0x0d, 0x04, 0xa0, 0x06, 0x0c, 0xf8, 0x0d, 0x04, 0x18, 0x00, 0x0f, 0x30, 0x00, 0x0d, 0x04, 0x28,
  0x00, 0x04, 0x40, 0x00, 0x0c, 0x30, 0x00, 0x04, 0x18, 0x00, 0x04, 0x08, 0x00, 0x04, 0x30, 0x00,
  0x0c, 0x28, 0x00, 0x04, 0x10, 0x00, 0x0f, 0x90, 0x04, 0x25, 0x04, 0x58, 0x00, 0x0f, 0x08, 0x00,
  0x9d, 0x0f, 0xf0, 0x00, 0x25, 0x0f, 0x02, 0x00, 0xff, 0x56, 0x0c, 0x70, 0x07, 0x0c, 0x10, 0x00,
  0x0f, 0x88, 0x01, 0xf5, 0x0f, 0xe8, 0x05, 0x0d, 0x0f, 0x00, 0x06, 0x05, 0x0f, 0x18, 0x00, 0x3d,
  0x04, 0x88, 0x00, 0x0c, 0x88, 0x06, 0x0f, 0x10, 0x00, 0x2d, 0x04, 0x58, 0x00, 0x0f, 0xb0, 0x00,
  0x3d, 0x0f, 0x50, 0x00, 0x15, 0x0f, 0x80, 0x00, 0x0d, 0x04, 0x20, 0x00, 0x0c, 0xe8, 0x00, 0x04,
  0x18, 0x00, 0x0f, 0x68, 0x00, 0x05, 0x04, 0x20, 0x00, 0x0f, 0x78, 0x07, 0x1d, 0x04, 0x30, 0x00,
  0x0f, 0x18, 0x07, 0x0d, 0x0f, 0x20, 0x00, 0x1d, 0x0f, 0x7c, 0x07, 0x01, 0x0f, 0x80, 0x07, 0xff,
  0x92, 0x0f, 0x02, 0x00, 0xff, 0xff, 0x3f, 0x0c, 0x68, 0x07, 0x0f, 0x10, 0x00, 0x0d, 0x0f, 0x80,
  0x02, 0xed, 0x04, 0xc8, 0x05, 0x0f, 0xe8, 0x05, 0x05, 0x0f, 0x18, 0x00, 0x55, 0x04, 0x88, 0x00,
  0x0c, 0x88, 0x06, 0x0f, 0x10, 0x00, 0x2d, 0x04, 0x58, 0x00, 0x0f, 0xc8, 0x00, 0x55, 0x0c, 0x68,
  0x00, 0x0f, 0x80, 0x00, 0x0d, 0x04, 0x20, 0x00, 0x0c, 0xe8, 0x00, 0x04, 0x18, 0x00, 0x0c, 0x50,
  0x00, 0x04, 0x10, 0x00, 0x04, 0x20, 0x00, 0x0f, 0xf8, 0x06, 0x05, 0x04, 0x68, 0x07, 0x0f, 0x08,
  0x00, 0x05, 0x0f, 0x60, 0x07, 0x1d, 0x0f, 0x30, 0x00, 0x05, 0x7f, 0xe1, 0x6e, 0x5b, 0xff, 0xe1,
  0x6e, 0x5b, 0xfc, 0x0e, 0x02, 0x31, 0xfc, 0xdb, 0xcb, 0x1c, 0x00, 0x3f, 0xe1, 0x6e, 0x5b, 0x40,
  0x00, 0x06, 0x0f, 0x00, 0x0f, 0x2d, 0x0f, 0x00, 0x01, 0x25, 0x0f, 0x18, 0x01, 0x05, 0x05, 0x18,
  0x00, 0x0b, 0x00, 0x0f, 0x0f, 0x20, 0x0e, 0x0d, 0x0f, 0xa8, 0x0e, 0x0d, 0x0c, 0x40, 0x00, 0x04,
  0x30, 0x00, 0x04, 0x08, 0x00, 0x0f, 0x20, 0x00, 0x05, 0x0c, 0x18, 0x00, 0x0f, 0x10, 0x00, 0x05,
  0x0f, 0xc8, 0x04, 0xed, 0x0f, 0x02, 0x00, 0xff, 0x76, 0x0f, 0x70, 0x07, 0x0d, 0x0c, 0x20, 0x00,
  0x0f, 0xb8, 0x01, 0xed, 0x04, 0xc8, 0x05, 0x04, 0xd8, 0x05, 0x0f, 0x08, 0x00, 0x65, 0x04, 0x88,
  0x00, 0x0c, 0x88, 0x06, 0x0f, 0x10, 0x00, 0x2d, 0x04, 0x58, 0x00, 0x0f, 0xd8, 0x00, 0x6d, 0x0f,
  0x80, 0x00, 0x05, 0x04, 0xa0, 0x00, 0x0c, 0xe8, 0x00, 0x04, 0x18, 0x00, 0x0f, 0x38, 0x00, 0x0d,
  0x0f, 0x80, 0x06, 0x25, 0x0f, 0x10, 0x07, 0x05, 0x0f, 0x18, 0x00, 0x1d, 0x0f, 0x80, 0x07, 0xff,
  0xff, 0xff, 0xff, 0xff, 0xff, 0xeb, 0x0f, 0xf8, 0x06, 0x15, 0x05, 0xd0, 0x0d, 0x0b, 0xe0, 0x33,
  0x0f, 0x68, 0x07, 0x1d, 0x0f, 0x30, 0x00, 0x05, 0x0f, 0x00, 0x08, 0x05, 0x0c, 0x18, 0x00, 0x0c,
  0x40, 0x00, 0x04, 0xc0, 0x00, 0x04, 0x08, 0x00, 0x0f, 0xa8, 0x00, 0x05, 0x0f, 0x18, 0x00, 0x05,
  0x04, 0x38, 0x00, 0x0c, 0x68, 0x00, 0x04, 0x10, 0x00, 0x04, 0x20, 0x00, 0x0f, 0x40, 0x00, 0x05,
  0x0f, 0x18, 0x00, 0x0e, 0x03, 0x00, 0x0f, 0x04, 0xa0, 0x0e, 0x0f, 0x08, 0x00, 0x15, 0x04, 0xa0,
  0x0e, 0x0f, 0x30, 0x00, 0x05, 0x0f, 0x20, 0x00, 0x05, 0x04, 0x18, 0x00, 0x0c, 0x08, 0x00, 0x0f,
  0x48, 0x00, 0x05, 0x0c, 0x18, 0x00, 0x0f, 0x48, 0x0c, 0xed, 0x0f, 0x02, 0x00, 0xff, 0x76, 0x0c,
  0xe0, 0x0e, 0x0f, 0x10, 0x00, 0x0d, 0x0f, 0xb8, 0x01, 0xed, 0x0f, 0x68, 0x0d, 0x0d, 0x0f, 0x80,
  0x0d, 0x05, 0x0f, 0x18, 0x00, 0x3d, 0x04, 0x88, 0x00, 0x0c, 0x08, 0x0e, 0x0f, 0x10, 0x00, 0x2d,
  0x04, 0x58, 0x00, 0x0f, 0xb0, 0x00, 0x3d, 0x0f, 0x50, 0x00, 0x15, 0x0f, 0x80, 0x00, 0x0d, 0x04,
  0x20, 0x00, 0x0c, 0xe8, 0x00, 0x04, 0x18, 0x00, 0x0f, 0x68, 0x00, 0x05, 0x04, 0x60, 0x06, 0x04,
  0x70, 0x06, 0x0c, 0x08, 0x00, 0x04, 0x20, 0x00, 0x0f, 0x68, 0x06, 0x05, 0x0c, 0x10, 0x07, 0x0f,
  0x10, 0x00, 0x25, 0x0c, 0x78, 0x00, 0x0f, 0x10, 0x00, 0x05, 0x0c, 0x60, 0x00, 0x04, 0xa0, 0x00,
  0x04, 0x08, 0x00, 0x0f, 0xa8, 0x00, 0x05, 0x0f, 0x18, 0x00, 0x05, 0x04, 0x38, 0x00, 0x0f, 0x70,
  0x00, 0x05, 0x04, 0x20, 0x00, 0x0f, 0x40, 0x00, 0x05, 0x0f, 0x18, 0x00, 0x0e, 0x0f, 0x80, 0x07,
  0xff, 0xff, 0xff, 0x27, 0x04, 0x02, 0x00, 0x0f, 0x78, 0x07, 0xff, 0x0e, 0x04, 0x02, 0x00, 0x0f,
  0xe8, 0x05, 0x0d, 0x0f, 0x00, 0x06, 0x05, 0x0f, 0x18, 0x00, 0x3d, 0x04, 0x88, 0x00, 0x0c, 0x88,
  0x06, 0x0f, 0x10, 0x00, 0x2d, 0x04, 0x58, 0x00, 0x0f, 0xb0, 0x00, 0x3d, 0x0f, 0x50, 0x00, 0x15,
  0x0f, 0x80, 0x00, 0x0d, 0x04, 0x20, 0x00, 0x0c, 0xe8, 0x00, 0x04, 0x18, 0x00, 0x0f, 0x68, 0x00,
  0x05, 0x0f, 0x78, 0x06, 0x05, 0x0c, 0x18, 0x00, 0x0c, 0x68, 0x06, 0x04, 0x98, 0x06, 0x04, 0x08,
  0x00, 0x0c, 0x18, 0x07, 0x0f, 0x10, 0x00, 0x15, 0x04, 0x40, 0x00, 0x0c, 0x70, 0x00, 0x04, 0x40,
  0x00, 0x0c, 0x18, 0x00, 0x04, 0x30, 0x00, 0x04, 0x08, 0x00, 0x0c, 0x20, 0x00, 0x0c, 0xa8, 0x00,
  0x0f, 0x10, 0x00, 0x0d, 0x0c, 0x40, 0x00, 0x0f, 0x10, 0x00, 0x05, 0x0c, 0x48, 0x00, 0x04, 0x80,
  0x00, 0x04, 0x08, 0x00, 0x0c, 0x20, 0x00, 0x04, 0x80, 0x0e, 0x0c, 0x60, 0x0e, 0x0f, 0x10, 0x00,
  0x15, 0x04, 0x40, 0x00, 0x0f, 0x08, 0x00, 0x25, 0x0f, 0x68, 0x00, 0x15, 0x0c, 0x28, 0x00, 0x04,
  0xd0, 0x03, 0x0f, 0x02, 0x00, 0xff, 0xff, 0x77, 0x0f, 0x80, 0x07, 0xff, 0xff, 0xff, 0xff, 0xff,
  0xff, 0xff, 0x74, 0x04, 0x02, 0x00, 0x0c, 0x88, 0x07, 0x04, 0x18, 0x00, 0x0f, 0x02, 0x00, 0xf5,
  0x0f, 0x68, 0x0d, 0x0d, 0x0f, 0x80, 0x0d, 0x05, 0x0f, 0x18, 0x00, 0x3d, 0x04, 0x88, 0x00, 0x0c,
  0x08, 0x0e, 0x0f, 0x10, 0x00, 0x2d, 0x04, 0x58, 0x00, 0x0f, 0xb0, 0x00, 0x3d, 0x0f, 0x50, 0x00,
  0x15, 0x0f, 0x80, 0x00, 0x0d, 0x04, 0x20, 0x00, 0x0c, 0xe8, 0x00, 0x04, 0x18, 0x00, 0x0c, 0x68,
  0x00, 0x04, 0xb8, 0x0d, 0x0c, 0xf0, 0x0d, 0x04, 0xc8, 0x0d, 0x0c, 0x18, 0x00, 0x04, 0x30, 0x00,
  0x04, 0x08, 0x00, 0x0c, 0x20, 0x00, 0x04, 0xb0, 0x0e, 0x0f, 0x08, 0x00, 0x15, 0x04, 0x48, 0x00,
  0x04, 0x08, 0x00, 0x04, 0x50, 0x00, 0x04, 0x10, 0x00, 0x0f, 0x08, 0x00, 0x05, 0x04, 0x28, 0x00,
  0x0f, 0x08, 0x00, 0x05, 0x0f, 0x38, 0x00, 0x05, 0x04, 0x18, 0x00, 0x04, 0xe0, 0x00, 0x04, 0x10,
  0x00, 0x0c, 0x48, 0x00, 0x04, 0x20, 0x00, 0x0c, 0x18, 0x00, 0x04, 0x30, 0x00, 0x04, 0x08, 0x00,
  0x0c, 0x20, 0x00, 0x04, 0x38, 0x00, 0x04, 0xb0, 0x0e, 0x04, 0x50, 0x3b, 0x04, 0x10, 0x00, 0x0f,
  0x08, 0x00, 0x1d, 0x0c, 0x98, 0x0e, 0x0f, 0x10, 0x00, 0x05, 0x04, 0x58, 0x00, 0x04, 0x70, 0x00,
  0x04, 0x08, 0x00, 0x04, 0x18, 0x00, 0x0f, 0x08, 0x00, 0x1d, 0x0f, 0xd0, 0x04, 0xf5, 0x0f, 0x02,
  0x00, 0xff, 0x7e, 0x0f, 0x80, 0x07, 0xff, 0xff, 0xff, 0xff, 0xff, 0xff, 0xff, 0x74, 0x0f, 0x02,
  0x00, 0xff, 0x0e, 0x0f, 0x68, 0x0d, 0x05, 0x0c, 0x78, 0x0d, 0x0f, 0x10, 0x00, 0x4d, 0x04, 0x88,
  0x00, 0x0c, 0x08, 0x0e, 0x0f, 0x10, 0x00, 0x2d, 0x04, 0x58, 0x00, 0x0f, 0xc0, 0x00, 0x4d, 0x0f,
  0x60, 0x00, 0x05, 0x0f, 0x80, 0x00, 0x0d, 0x04, 0x20, 0x00, 0x0c, 0xe8, 0x00, 0x04, 0x18, 0x00,
  0x04, 0x58, 0x00, 0x04, 0xc0, 0x0d, 0x04, 0x08, 0x00, 0x04, 0xc8, 0x0d, 0x04, 0x10, 0x00, 0x0f,
  0x08, 0x00, 0x05, 0x04, 0x28, 0x00, 0x0f, 0x08, 0x00, 0x05, 0x0f, 0x38, 0x00, 0x05, 0x04, 0x18,
  0x00, 0x0c, 0x18, 0x0f, 0x39, 0xdf, 0x9b, 0x84, 0x04, 0x00, 0x04, 0x58, 0x00, 0x08, 0x14, 0x00,
  0x35, 0xdf, 0x9b, 0x84, 0xf8, 0x3b, 0x04, 0x48, 0x00, 0x0c, 0x28, 0x00, 0x04, 0x10, 0x00, 0x04,
  0x08, 0x00, 0x0c, 0x40, 0x00, 0x0c, 0x10, 0x00, 0x04, 0x48, 0x00, 0x04, 0x08, 0x00, 0x04, 0x38,
  0x00, 0x04, 0x10, 0x00, 0x0f, 0x08, 0x00, 0x05, 0x04, 0x28, 0x00, 0x0f, 0x08, 0x00, 0x05, 0x04,
  0x68, 0x0e, 0x04, 0x80, 0x0e, 0x0f, 0x08, 0x00, 0x25, 0x04, 0x48, 0x00, 0x04, 0x08, 0x00, 0x0f,
  0xf8, 0x0e, 0x05, 0x04, 0x18, 0x00, 0x04, 0x28, 0x00, 0x0f, 0x70, 0x00, 0x35, 0x0f, 0xe8, 0x04,
  0xff, 0x0e, 0x0f, 0x02, 0x00, 0xff, 0xff, 0x87, 0x0c, 0xe8, 0x05, 0x04, 0xf0, 0x05, 0x0f, 0x08,
  0x00, 0x5d, 0x04, 0x88, 0x00, 0x0c, 0x88, 0x06, 0x0f, 0x10, 0x00, 0x2d, 0x04, 0x58, 0x00, 0x0f,
  0xd0, 0x00, 0x5d, 0x04, 0x70, 0x00, 0x0f, 0x80, 0x00, 0x0d, 0x04, 0x20, 0x00, 0x0c, 0xe8, 0x00,
  0x04, 0x18, 0x00, 0x04, 0x48, 0x00, 0x0c, 0x60, 0x06, 0x04, 0x50, 0x06, 0x0c, 0x18, 0x00, 0x0c,
  0x10, 0x00, 0x04, 0x28, 0x00, 0x0f, 0x08, 0x00, 0x05, 0x0c, 0x30, 0x00, 0x0c, 0x10, 0x00, 0x0f,
  0x80, 0x07, 0xff, 0xff, 0xff, 0xff, 0xff, 0xff, 0xfb, 0x0c, 0x10, 0x0e, 0x04, 0x50, 0x07, 0x0c,
  0x18, 0x00, 0x0c, 0x40, 0x07, 0x0c, 0x28, 0x00, 0x04, 0x10, 0x00, 0x04, 0x08, 0x00, 0x0c, 0x40,
  0x00, 0x0c, 0x10, 0x00, 0x04, 0x80, 0x07, 0x04, 0x30, 0x00, 0x0f, 0x08, 0x00, 0x05, 0x04, 0x78,
  0x00, 0x0f, 0x20, 0x00, 0x05, 0x04, 0x18, 0x00, 0x04, 0x28, 0x00, 0x04, 0x08, 0x00, 0x04, 0x18,
  0x00, 0x0c, 0x08, 0x00, 0x04, 0x20, 0x00, 0x0c, 0x90, 0x00, 0x04, 0x10, 0x00, 0x04, 0x30, 0x00,
  0x04, 0x10, 0x00, 0x04, 0x08, 0x00, 0x04, 0x38, 0x00, 0x04, 0x08, 0x00, 0x0c, 0x28, 0x00, 0x04,
  0x10, 0x00, 0x04, 0x08, 0x00, 0x04, 0x88, 0x0e, 0x0f, 0x08, 0x00, 0x9d, 0x04, 0x38, 0x0f, 0x04,
  0xb8, 0x00, 0x0f, 0xe0, 0x0d, 0xff, 0xff, 0x87, 0x0f, 0x02, 0x00, 0xff, 0x0e, 0x0c, 0x68, 0x0d,
  0x04, 0x70, 0x0d, 0x0f, 0x08, 0x00, 0x5d, 0x04, 0x88, 0x00, 0x0c, 0x08, 0x0e, 0x0f, 0x10, 0x00,
  0x2d, 0x04, 0x58, 0x00, 0x0f, 0xd0, 0x00, 0x5d, 0x04, 0x70, 0x00, 0x0f, 0x80, 0x00, 0x0d, 0x04,
  0x20, 0x00, 0x0c, 0xe8, 0x00, 0x04, 0x18, 0x00, 0x04, 0x48, 0x00, 0x04, 0x60, 0x06, 0x04, 0x08,
  0x00, 0x04, 0x40, 0x06, 0x04, 0x10, 0x00, 0x04, 0x08, 0x00, 0x04, 0x78, 0x06, 0x04, 0x08, 0x00,
  0x0c, 0x28, 0x00, 0x04, 0x10, 0x00, 0x04, 0x08, 0x00, 0x04, 0x38, 0x00, 0x0f, 0x08, 0x00, 0x05,
  0x0f, 0x80, 0x07, 0xff, 0xff, 0xff, 0xff, 0xff, 0xff, 0xf3, 0x04, 0x28, 0x07, 0x0f, 0x08, 0x00,
  0x05, 0x0c, 0x68, 0x07, 0x0f, 0x28, 0x00, 0x0d, 0x0f, 0x30, 0x00, 0x0d, 0x04, 0x20, 0x00, 0x04,
  0x90, 0x07, 0x04, 0x10, 0x00, 0x0f, 0x08, 0x00, 0x05, 0x04, 0x28, 0x00, 0x0f, 0x78, 0x00, 0x0d,
  0x04, 0x28, 0x00, 0x0f, 0x08, 0x00, 0x0d, 0x04, 0x68, 0x00, 0x0f, 0x50, 0x00, 0x05, 0x0c, 0x18,
  0x00, 0x0f, 0x30, 0x00, 0x15, 0x04, 0x28, 0x00, 0x04, 0x08, 0x00, 0x04, 0x48, 0x00, 0x04, 0x40,
  0x0e, 0x04, 0x50, 0x0e, 0x0f, 0x08, 0x00, 0x25, 0x04, 0xd8, 0x1d, 0x0f, 0x08, 0x00, 0x0d, 0x0f,
  0x70, 0x00, 0x1d, 0x04, 0xf8, 0xc1, 0x04, 0x08, 0x00, 0x0c, 0x40, 0x00, 0x04, 0x10, 0x00, 0x0f,
  0x68, 0x0c, 0xff, 0x0e, 0x0f, 0x02, 0x00, 0xff, 0xff, 0x87, 0x0c, 0x68, 0x0d, 0x04, 0x70, 0x0d,
  0x0f, 0x08, 0x00, 0x5d, 0x04, 0x88, 0x00, 0x0c, 0x08, 0x0e, 0x0f, 0x10, 0x00, 0x2d, 0x04, 0x58,
  0x00, 0x0f, 0xd0, 0x00, 0x5d, 0x04, 0x70, 0x00, 0x0f, 0x80, 0x00, 0x0d, 0x04, 0x20, 0x00, 0x0c,
  0xe8, 0x00, 0x04, 0x18, 0x00, 0x04, 0x28, 0x06, 0x0f, 0x08, 0x00, 0x05, 0x0c, 0x50, 0x06, 0x0f,
  0x28, 0x00, 0x0d, 0x0f, 0x30, 0x00, 0x0d, 0x04, 0x20, 0x00, 0x04, 0x28, 0x07, 0x04, 0x10, 0x00,
  0x0f, 0x08, 0x00, 0x05, 0x04, 0x28, 0x00, 0x0f, 0x78, 0x00, 0x0d, 0x04, 0x28, 0x00, 0x0f, 0x08,
  0x00, 0x0d, 0x04, 0x68, 0x00, 0x0f, 0x50, 0x00, 0x05, 0x0c, 0x18, 0x00, 0x0f, 0x30, 0x00, 0x15,
  0x04, 0x28, 0x00, 0x04, 0x08, 0x00, 0x04, 0x48, 0x00, 0x04, 0xc0, 0x06, 0x0f, 0x78, 0x07, 0x25,
  0x04, 0x38, 0x00, 0x0f, 0x78, 0x07, 0x0d, 0x04, 0x20, 0x00, 0x0f, 0x70, 0x00, 0x1d, 0x0f, 0x80,
  0x07, 0xff, 0xff, 0xff, 0xff, 0xff, 0x6a, 0x04, 0x28, 0x06, 0x0f, 0x08, 0x00, 0x05, 0x04, 0xc8,
  0x06, 0x04, 0x48, 0x06, 0x0c, 0x08, 0x00, 0x04, 0x38, 0x00, 0x04, 0x28, 0x00, 0x0f, 0x08, 0x00,
  0x0d, 0x04, 0x30, 0x00, 0x04, 0x48, 0x00, 0x04, 0x10, 0x00, 0x0f, 0x38, 0x00, 0x0d, 0x04, 0x20,
  0x00, 0x04, 0x38, 0x00, 0x0c, 0x08, 0x00, 0x04, 0x20, 0x00, 0x0f, 0x08, 0x00, 0x15, 0x04, 0x78,
  0x00, 0x0f, 0x08, 0x00, 0x0d, 0x04, 0x50, 0x00, 0x0c, 0x70, 0x00, 0x04, 0x10, 0x00, 0x04, 0x40,
  0x00, 0x04, 0x28, 0x00, 0x0f, 0x08, 0x00, 0x05, 0x0f, 0x10, 0x07, 0x1d, 0x04, 0x70, 0x07, 0x0c,
  0x08, 0x00, 0x04, 0x60, 0x07, 0x0f, 0x08, 0x00, 0x0d, 0x0f, 0x70, 0x00, 0x2d, 0x0c, 0x40, 0x00,
  0x04, 0x10, 0x00, 0x0f, 0xe0, 0x0d, 0xff, 0xff, 0x87, 0x0f, 0x02, 0x00, 0xff, 0x0e, 0x04, 0x68,
  0x0d, 0x04, 0xb0, 0x0d, 0x0f, 0x08, 0x00, 0x65, 0x04, 0x88, 0x00, 0x0c, 0x08, 0x0e, 0x0f, 0x10,
  0x00, 0x2d, 0x04, 0x58, 0x00, 0x0f, 0xd8, 0x00, 0x6d, 0x0f, 0x80, 0x00, 0x05, 0x04, 0xa0, 0x00,
  0x0c, 0xe8, 0x00, 0x04, 0x40, 0x06, 0x0f, 0x08, 0x00, 0x05, 0x04, 0x50, 0x06, 0x04, 0x70, 0x06,
  0x0c, 0x08, 0x00, 0x04, 0x38, 0x00, 0x04, 0x28, 0x00, 0x0f, 0x08, 0x00, 0x0d, 0x04, 0x30, 0x00,
  0x04, 0x48, 0x00, 0x04, 0x10, 0x00, 0x0f, 0x38, 0x00, 0x0d, 0x04, 0x20, 0x00, 0x04, 0x38, 0x00,
  0x0c, 0x08, 0x00, 0x04, 0x20, 0x00, 0x0f, 0x08, 0x00, 0x15, 0x04, 0x78, 0x00, 0x0f, 0x08, 0x00,
  0x0d, 0x04, 0x50, 0x00, 0x0c, 0x70, 0x00, 0x04, 0x10, 0x00, 0x04, 0x40, 0x00, 0x04, 0x28, 0x00,
  0x0f, 0x08, 0x00, 0x05, 0x04, 0xc0, 0x06, 0x0c, 0x50, 0x07, 0x0f, 0x10, 0x00, 0x1d, 0x0f, 0x78,
  0x07, 0x0d, 0x04, 0x20, 0x00, 0x0f, 0x70, 0x00, 0x2d, 0x0c, 0x40, 0x00, 0x04, 0x10, 0x00, 0x0f,
  0xe8, 0x04, 0xff, 0x0e, 0x0f, 0x02, 0x00, 0xff, 0xff, 0x87, 0x04, 0x00, 0x06, 0x0f, 0x20, 0x06,
  0x05, 0x0f, 0x18, 0x00, 0x55, 0x04, 0x88, 0x00, 0x0c, 0x88, 0x06, 0x0f, 0x10, 0x00, 0x2d, 0x04,
  0x58, 0x00, 0x0f, 0xc8, 0x00, 0x55, 0x0c, 0x68, 0x00, 0x0f, 0x80, 0x00, 0x0d, 0x04, 0x20, 0x00,
  0x04, 0xe8, 0x00, 0x0f, 0x38, 0x06, 0x15, 0x04, 0x50, 0x06, 0x04, 0x70, 0x06, 0x0c, 0x08, 0x00,
  0x04, 0x20, 0x00, 0x0f, 0x08, 0x00, 0x15, 0x04, 0x78, 0x00, 0x04, 0x48, 0x00, 0x04, 0x10, 0x00,
  0x0f, 0x40, 0x00, 0x15, 0x04, 0x38, 0x00, 0x0c, 0x08, 0x00, 0x0f, 0x40, 0x00, 0x15, 0x04, 0x70,
  0x00, 0x04, 0x08, 0x00, 0x0f, 0x38, 0x00, 0x15, 0x0c, 0x70, 0x00, 0x04, 0x10, 0x00, 0x0f, 0x40,
  0x00, 0x15, 0x04, 0xc0, 0x06, 0x0f, 0x70, 0x07, 0x1d, 0x0c, 0x30, 0x00, 0x04, 0x60, 0x07, 0x0f,
  0x08, 0x00, 0x0d, 0x0f, 0x70, 0x00, 0x2d, 0x0c, 0x40, 0x00, 0x04, 0x10, 0x00, 0x0f, 0x60, 0x06,
  0xff, 0xff, 0x87, 0x0f, 0x02, 0x00, 0xff, 0x0e, 0x04, 0x00, 0x06, 0x0c, 0x38, 0x06, 0x0f, 0x10,
  0x00, 0x5d, 0x04, 0x88, 0x00, 0x04, 0x88, 0x06, 0x0f, 0x08, 0x00, 0x35, 0x04, 0x58, 0x00, 0x0f,
  0xd0, 0x00, 0x5d, 0x04, 0x70, 0x00, 0x0f, 0x80, 0x00, 0x0d, 0x04, 0x20, 0x00, 0x04, 0xf0, 0x00,
  0x0f, 0x80, 0x06, 0x5d, 0x04, 0xa8, 0x06, 0x04, 0x78, 0x00, 0x04, 0xc0, 0x06, 0x04, 0x10, 0x00,
  0x04, 0x20, 0x00, 0x0f, 0x08, 0x00, 0x0d, 0x04, 0x38, 0x00, 0x0c, 0x08, 0x00, 0x0f, 0x38, 0x00,
  0x0d, 0x04, 0x20, 0x00, 0x04, 0x70, 0x00, 0x04, 0x08, 0x00, 0x04, 0x18, 0x00, 0x0f, 0x08, 0x00,
  0x0d, 0x0c, 0x70, 0x00, 0x04, 0x10, 0x00, 0x0f, 0x38, 0x00, 0x0d, 0x04, 0x20, 0x00, 0x04, 0xc0,
  0x06, 0x0c, 0x50, 0x07, 0x0f, 0x10, 0x00, 0x1d, 0x0f, 0x78, 0x07, 0x0d, 0x04, 0x20, 0x00, 0x0f,
  0x70, 0x00, 0x2d, 0x0c, 0x40, 0x00, 0x04, 0x10, 0x00, 0x0f, 0xe8, 0x04, 0xff, 0x0e, 0x0f, 0x02,
  0x00, 0xff, 0xff, 0x87, 0x04, 0x00, 0x06, 0x04, 0x30, 0x06, 0x0f, 0x08, 0x00, 0x65, 0x04, 0x88,
  0x00, 0x04, 0x88, 0x06, 0x0f, 0x08, 0x00, 0x35, 0x04, 0x58, 0x00, 0x0f, 0xd8, 0x00, 0x6d, 0x0f,
  0x80, 0x00, 0x05, 0x04, 0xa0, 0x00, 0x04, 0xf0, 0x00, 0x0f, 0x80, 0x06, 0x5d, 0x04, 0x70, 0x00,
  0x04, 0x08, 0x00, 0x04, 0xc0, 0x06, 0x04, 0x10, 0x00, 0x04, 0xa8, 0x06, 0x0f, 0x08, 0x00, 0x0d,
  0x04, 0x38, 0x00, 0x0c, 0x08, 0x00, 0x0f, 0x38, 0x00, 0x0d, 0x04, 0x20, 0x00, 0x04, 0x70, 0x00,
  0x04, 0x08, 0x00, 0x04, 0x18, 0x00, 0x0f, 0x08, 0x00, 0x0d, 0x0c, 0x70, 0x00, 0x04, 0x10, 0x00,
  0x0f, 0x38, 0x00, 0x0d, 0x04, 0x20, 0x00, 0x04, 0xc0, 0x06, 0x0f, 0x70, 0x07, 0x1d, 0x0c, 0x30,
  0x00, 0x04, 0x60, 0x07, 0x0f, 0x08, 0x00, 0x0d, 0x0f, 0x70, 0x00, 0x2d, 0x0c, 0x40, 0x00, 0x04,
  0x10, 0x00, 0x0f, 0x60, 0x06, 0xff, 0xff, 0x87, 0x0f, 0x02, 0x00, 0xff, 0x0e, 0x04, 0x00, 0x06,
  0x0f, 0x20, 0x06, 0x05, 0x0f, 0x18, 0x00, 0x55, 0x04, 0x88, 0x00, 0x04, 0x88, 0x06, 0x0f, 0x08,
  0x00, 0x35, 0x04, 0x58, 0x00, 0x0f, 0xc8, 0x00, 0x55, 0x0c, 0x68, 0x00, 0x0f, 0x80, 0x00, 0x0d,
  0x04, 0x20, 0x00, 0x04, 0xf0, 0x00, 0x0f, 0x80, 0x06, 0x5d, 0x04, 0x70, 0x00, 0x04, 0x08, 0x00,
  0x04, 0xc0, 0x06, 0x04, 0x10, 0x00, 0x04, 0xa8, 0x06, 0x0f, 0x08, 0x00, 0x0d, 0x04, 0x38, 0x00,
  0x0c, 0x08, 0x00, 0x0f, 0x38, 0x00, 0x0d, 0x04, 0x20, 0x00, 0x04, 0x70, 0x00, 0x04, 0x08, 0x00,
  0x04, 0x18, 0x00, 0x0f, 0x08, 0x00, 0x0d, 0x0c, 0x70, 0x00, 0x04, 0x10, 0x00, 0x0f, 0x38, 0x00,
  0x0d, 0x04, 0x20, 0x00, 0x04, 0xc0, 0x06, 0x0c, 0x50, 0x07, 0x0f, 0x10, 0x00, 0x1d, 0x0f, 0x78,
  0x07, 0x0d, 0x04, 0x20, 0x00, 0x0f, 0x70, 0x00, 0x2d, 0x0c, 0x40, 0x00, 0x04, 0x10, 0x00, 0x0f,
  0xe8, 0x04, 0xff, 0x0e, 0x0f, 0x02, 0x00, 0xff, 0xff, 0x87, 0x04, 0x00, 0x06, 0x0c, 0x38, 0x06,
  0x0f, 0x10, 0x00, 0x5d, 0x04, 0x88, 0x00, 0x04, 0x88, 0x06, 0x0f, 0x08, 0x00, 0x35, 0x04, 0x58,
  0x00, 0x0f, 0xd0, 0x00, 0x5d, 0x04, 0x70, 0x00, 0x0f, 0x80, 0x00, 0x0d, 0x04, 0x20, 0x00, 0x04,
  0xf0, 0x00, 0x0f, 0x80, 0x06, 0x5d, 0x04, 0x70, 0x00, 0x04, 0x08, 0x00, 0x04, 0xc0, 0x06, 0x04,
  0x10, 0x00, 0x04, 0xa8, 0x06, 0x0f, 0x08, 0x00, 0x0d, 0x04, 0x38, 0x00, 0x0c, 0x08, 0x00, 0x0f,
  0x38, 0x00, 0x0d, 0x04, 0x20, 0x00, 0x04, 0x70, 0x00, 0x04, 0x08, 0x00, 0x04, 0x18, 0x00, 0x0f,
  0x08, 0x00, 0x0d, 0x0c, 0x70, 0x00, 0x04, 0x10, 0x00, 0x0f, 0x38, 0x00, 0x0d, 0x04, 0x20, 0x00,
  0x04, 0xc0, 0x06, 0x0f, 0x70, 0x07, 0x1d, 0x0c, 0x30, 0x00, 0x04, 0x60, 0x07, 0x0f, 0x08, 0x00,
  0x0d, 0x0f, 0x70, 0x00, 0x2d, 0x0c, 0x40, 0x00, 0x04, 0x10, 0x00, 0x0f, 0x60, 0x06, 0xff, 0xff,
  0x87, 0x0f, 0x02, 0x00, 0xff, 0x0e, 0x04, 0x00, 0x06, 0x04, 0x30, 0x06, 0x0f, 0x08, 0x00, 0x65,
  0x04, 0x88, 0x00, 0x04, 0x88, 0x06, 0x0f, 0x08, 0x00, 0x35, 0x04, 0x58, 0x00, 0x0f, 0xd8, 0x00,
  0x6d, 0x0f, 0x80, 0x00, 0x05, 0x04, 0xa0, 0x00, 0x04, 0xf0, 0x00, 0x0f, 0x80, 0x06, 0x5d, 0x04,
  0x70, 0x00, 0x04, 0x08, 0x00, 0x04, 0xc0, 0x06, 0x04, 0x10, 0x00, 0x04, 0xa8, 0x06, 0x0f, 0x08,
  0x00, 0x0d, 0x04, 0x38, 0x00, 0x0c, 0x08, 0x00, 0x0f, 0x38, 0x00, 0x0d, 0x04, 0x20, 0x00, 0x04,
  0x70, 0x00, 0x04, 0x08, 0x00, 0x04, 0x18, 0x00, 0x0f, 0x08, 0x00, 0x0d, 0x0c, 0x70, 0x00, 0x04,
  0x10, 0x00, 0x0f, 0x38, 0x00, 0x0d, 0x04, 0x20, 0x00, 0x04, 0xc0, 0x06, 0x0c, 0x50, 0x07, 0x0f,
  0x10, 0x00, 0x1d, 0x0f, 0x78, 0x07, 0x0d, 0x04, 0x20, 0x00, 0x0f, 0x70, 0x00, 0x2d, 0x0c, 0x40,
  0x00, 0x04, 0x10, 0x00, 0x0f, 0xe8, 0x04, 0xff, 0x0e, 0x0f, 0x02, 0x00, 0xff, 0xff, 0x87, 0x04,
  0x00, 0x06, 0x0f, 0x20, 0x06, 0x05, 0x0f, 0x18, 0x00, 0x55, 0x04, 0x88, 0x00, 0x04, 0x88, 0x06,
  0x0f, 0x08, 0x00, 0x35, 0x04, 0x58, 0x00, 0x0f, 0xc8, 0x00, 0x55, 0x0c, 0x68, 0x00, 0x0f, 0x80,
  0x00, 0x0d, 0x04, 0x20, 0x00, 0x04, 0xf0, 0x00, 0x0f, 0x80, 0x06, 0x5d, 0x04, 0x70, 0x00, 0x04,
  0x08, 0x00, 0x04, 0xc0, 0x06, 0x04, 0x10, 0x00, 0x04, 0xa8, 0x06, 0x0f, 0x08, 0x00, 0x0d, 0x04,
  0x38, 0x00, 0x0c, 0x08, 0x00, 0x0f, 0x38, 0x00, 0x0d, 0x04, 0x20, 0x00, 0x04, 0x70, 0x00, 0x04,
  0x08, 0x00, 0x04, 0x18, 0x00, 0x0f, 0x08, 0x00, 0x0d, 0x0c, 0x70, 0x00, 0x04, 0x10, 0x00, 0x0f,
  0x38, 0x00, 0x0d, 0x04, 0x20, 0x00, 0x04, 0xc0, 0x06, 0x0f, 0x70, 0x07, 0x1d, 0x0c, 0x30, 0x00,
  0x04, 0x60, 0x07, 0x0f, 0x08, 0x00, 0x0d, 0x0f, 0x70, 0x00, 0x25, 0x04, 0x88, 0x43, 0x0c, 0x40,
  0x00, 0x04, 0x10, 0x00, 0x0f, 0x60, 0x06, 0xff, 0xff, 0x87, 0x0f, 0x02, 0x00, 0xff, 0x0e, 0x04,
  0x00, 0x06, 0x0c, 0x38, 0x06, 0x0f, 0x10, 0x00, 0x5d, 0x04, 0x88, 0x00, 0x04, 0x88, 0x06, 0x0f,
  0x08, 0x00, 0x35, 0x04, 0x58, 0x00, 0x0f, 0xd0, 0x00, 0x5d, 0x04, 0x70, 0x00, 0x0f, 0x80, 0x00,
  0x0d, 0x04, 0x20, 0x00, 0x04, 0xf0, 0x00, 0x0f, 0x80, 0x06, 0x5d, 0x04, 0x70, 0x00, 0x04, 0x08,
  0x00, 0x04, 0xc0, 0x06, 0x04, 0x10, 0x00, 0x04, 0xa8, 0x06, 0x0f, 0x08, 0x00, 0x0d, 0x04, 0x38,
  0x00, 0x0c, 0x08, 0x00, 0x0f, 0x38, 0x00, 0x0d, 0x04, 0x20, 0x00, 0x04, 0x70, 0x00, 0x04, 0x08,
  0x00, 0x04, 0x18, 0x00, 0x0f, 0x08, 0x00, 0x0d, 0x0c, 0x70, 0x00, 0x04, 0x10, 0x00, 0x0f, 0x38,
  0x00, 0x0d, 0x04, 0x20, 0x00, 0x04, 0xc0, 0x06, 0x0c, 0x50, 0x07, 0x0f, 0x10, 0x00, 0x1d, 0x0f,
  0x78, 0x07, 0x0d, 0x04, 0x20, 0x00, 0x0f, 0x70, 0x00, 0x25, 0x0f, 0x80, 0x07, 0xff, 0xff, 0xff,
  0xff, 0xff, 0x52, 0x04, 0x88, 0x07, 0x0f, 0x80, 0x06, 0x5d, 0x04, 0x70, 0x00, 0x04, 0x08, 0x00,
  0x04, 0xc0, 0x06, 0x04, 0x10, 0x00, 0x04, 0xa8, 0x06, 0x0f, 0x08, 0x00, 0x0d, 0x04, 0x38, 0x00,
  0x0c, 0x08, 0x00, 0x0f, 0x38, 0x00, 0x0d, 0x04, 0x20, 0x00, 0x04, 0x70, 0x00, 0x04, 0x08, 0x00,
  0x04, 0x18, 0x00, 0x0f, 0x08, 0x00, 0x0d, 0x0c, 0x70, 0x00, 0x04, 0x10, 0x00, 0x0f, 0x38, 0x00,
  0x0d, 0x04, 0x20, 0x00, 0x0f, 0x10, 0x07, 0x25, 0x0c, 0xa0, 0x07, 0x04, 0x60, 0x07, 0x0f, 0x08,
  0x00, 0x0d, 0x0f, 0x70, 0x00, 0x25, 0x0f, 0x80, 0x07, 0xff, 0xff, 0xff, 0xff, 0xff, 0xff, 0xff,
  0xff, 0xff, 0xff, 0xff, 0xff, 0xd9, 0x04, 0x28, 0x19, 0x0f, 0x00, 0x0e, 0x5d, 0x04, 0x70, 0x00,
  0x04, 0x08, 0x00, 0x04, 0x40, 0x0e, 0x04, 0x10, 0x00, 0x04, 0x28, 0x0e, 0x0f, 0x08, 0x00, 0x0d,
  0x04, 0x38, 0x00, 0x0c, 0x08, 0x00, 0x0f, 0x38, 0x00, 0x0d, 0x04, 0x20, 0x00, 0x04, 0x70, 0x00,
  0x04, 0x08, 0x00, 0x04, 0x18, 0x00, 0x0f, 0x08, 0x00, 0x0d, 0x0c, 0x70, 0x00, 0x04, 0x10, 0x00,
  0x0f, 0x38, 0x00, 0x0d, 0x04, 0x20, 0x00, 0x0f, 0x90, 0x0e, 0x25, 0x0f, 0x00, 0x0f, 0xff, 0xff,
  0xff, 0xff, 0xff, 0xc2, 0x0f, 0x80, 0x07, 0xff, 0xff, 0xff, 0x90, 0x0f, 0x48, 0x9c, 0xff, 0x0e,
  0x0f, 0x02, 0x00, 0xff, 0x26, 0x04, 0x78, 0x1c, 0x04, 0x30, 0x24, 0x0f, 0x08, 0x00, 0x65, 0x04,
  0x88, 0x00, 0x04, 0x88, 0x24, 0x0f, 0x08, 0x00, 0x35, 0x04, 0x58, 0x00, 0x0f, 0xd8, 0x00, 0x6d,
  0x0c, 0x80, 0x00, 0x04, 0x98, 0x00, 0x0c, 0xb8, 0x02, 0x0f, 0x00, 0x0e, 0x5d, 0x04, 0x70, 0x00,
  0x04, 0x08, 0x00, 0x04, 0x40, 0x0e, 0x04, 0x10, 0x00, 0x04, 0x28, 0x0e, 0x0f, 0x08, 0x00, 0x0d,
  0x04, 0x38, 0x00, 0x0c, 0x08, 0x00, 0x0f, 0x38, 0x00, 0x0d, 0x04, 0x20, 0x00, 0x04, 0x70, 0x00,
  0x04, 0x08, 0x00, 0x04, 0x18, 0x00, 0x0f, 0x08, 0x00, 0x0d, 0x0c, 0x70, 0x00, 0x04, 0x10, 0x00,
  0x0f, 0x38, 0x00, 0x0d, 0x04, 0x20, 0x00, 0x0f, 0x00, 0x0f, 0xff, 0xff, 0x17, 0x0f, 0x80, 0x07,
  0xff, 0xff, 0xff, 0xff, 0xff, 0xff, 0xff, 0x6c, 0x0c, 0x78, 0x07, 0x0c, 0x10, 0x00, 0x0c, 0x40,
  0x0b, 0x0f, 0x02, 0x00, 0xff, 0xff, 0x1f, 0x04, 0x88, 0x0d, 0x0c, 0xa0, 0x0d, 0x0f, 0x10, 0x00,
  0x5d, 0x04, 0x88, 0x00, 0x0f, 0xf8, 0x0e, 0x35, 0x04, 0x48, 0x00, 0x04, 0x58, 0x00, 0x0f, 0xd0,
  0x00, 0x5d, 0x04, 0x70, 0x00, 0x0c, 0x80, 0x00, 0x04, 0x10, 0x00, 0x0f, 0xa8, 0x03, 0x05, 0x0f,
  0x00, 0x0e, 0x5d, 0x04, 0x70, 0x00, 0x04, 0x08, 0x00, 0x04, 0x40, 0x0e, 0x04, 0x10, 0x00, 0x04,
  0x28, 0x0e, 0x0f, 0x08, 0x00, 0x0d, 0x04, 0x38, 0x00, 0x0c, 0x08, 0x00, 0x0f, 0x38, 0x00, 0x0d,
  0x04, 0x20, 0x00, 0x04, 0x70, 0x00, 0x04, 0x08, 0x00, 0x04, 0x18, 0x00, 0x0f, 0x08, 0x00, 0x0d,
  0x0c, 0x70, 0x00, 0x04, 0x10, 0x00, 0x0f, 0x38, 0x00, 0x0d, 0x04, 0x20, 0x00, 0x0f, 0x00, 0x0f,
  0xff, 0xff, 0x0f, 0x0c, 0x70, 0x07, 0x0c, 0x10, 0x00, 0x0f, 0xc8, 0x03, 0x05, 0x0f, 0x02, 0x00,
  0xff, 0xff, 0x17, 0x04, 0x10, 0x06, 0x04, 0x30, 0x06, 0x0f, 0x08, 0x00, 0x65, 0x04, 0x88, 0x00,
  0x04, 0x38, 0x07, 0x0f, 0x08, 0x00, 0x35, 0x04, 0x58, 0x00, 0x0f, 0xd8, 0x00, 0x6d, 0x04, 0x80,
  0x00, 0x04, 0x90, 0x00, 0x0f, 0xa0, 0x03, 0x05, 0x0f, 0x80, 0x06, 0x5d, 0x04, 0x70, 0x00, 0x04,
  0x08, 0x00, 0x04, 0xc0, 0x06, 0x04, 0x10, 0x00, 0x04, 0xa8, 0x06, 0x0f, 0x08, 0x00, 0x0d, 0x04,
  0x38, 0x00, 0x0c, 0x08, 0x00, 0x0f, 0x38, 0x00, 0x0d, 0x04, 0x20, 0x00, 0x04, 0x70, 0x00, 0x04,
  0x08, 0x00, 0x04, 0x18, 0x00, 0x0f, 0x08, 0x00, 0x0d, 0x0c, 0x70, 0x00, 0x04, 0x10, 0x00, 0x0f,
  0x38, 0x00, 0x0d, 0x04, 0x20, 0x00, 0x0f, 0x80, 0x07, 0xff, 0xff, 0x07, 0x0c, 0x68, 0x07, 0x0f,
  0x10, 0x00, 0x0d, 0x0f, 0xd0, 0x03, 0x05, 0x0f, 0x02, 0x00, 0xff, 0xff, 0x0f, 0x04, 0x10, 0x06,
  0x04, 0x20, 0x06, 0x0f, 0x08, 0x00, 0x65, 0x04, 0x88, 0x00, 0x0f, 0x78, 0x07, 0x35, 0x04, 0x48,
  0x00, 0x04, 0x58, 0x00, 0x0f, 0xd8, 0x00, 0x6d, 0x04, 0x88, 0x00, 0x0f, 0x90, 0x03, 0x0d, 0x0f,
  0x80, 0x06, 0x5d, 0x04, 0x70, 0x00, 0x04, 0x08, 0x00, 0x04, 0xc0, 0x06, 0x04, 0x10, 0x00, 0x04,
  0xa8, 0x06, 0x0f, 0x08, 0x00, 0x0d, 0x04, 0x38, 0x00, 0x0c, 0x08, 0x00, 0x0f, 0x38, 0x00, 0x0d,
  0x04, 0x20, 0x00, 0x04, 0x70, 0x00, 0x04, 0x08, 0x00, 0x04, 0x18, 0x00, 0x0f, 0x08, 0x00, 0x0d,
  0x0c, 0x70, 0x00, 0x04, 0x10, 0x00, 0x0f, 0x38, 0x00, 0x0d, 0x04, 0x20, 0x00, 0x0f, 0x80, 0x07,
  0x95, 0x04, 0x70, 0x2d, 0x0c, 0xb0, 0x00, 0x04, 0x10, 0x00, 0x0f, 0x58, 0x02, 0x0d, 0x0f, 0x02,
  0x00, 0xff, 0x1e, 0x0f, 0x70, 0x07, 0x0d, 0x0c, 0x20, 0x00, 0x0f, 0x60, 0x01, 0xff, 0x1e, 0x0f,
  0x02, 0x00, 0xf5, 0x04, 0x18, 0x06, 0x0f, 0xa0, 0x06, 0x65, 0x04, 0x78, 0x00, 0x04, 0x88, 0x00,
  0x04, 0x38, 0x07, 0x0f, 0x08, 0x00, 0x35, 0x04, 0x58, 0x00, 0x04, 0x68, 0x00, 0x0f, 0x08, 0x00,
  0x5d, 0x04, 0x80, 0x00, 0x04, 0x08, 0x00, 0x0f, 0x78, 0x02, 0x0d, 0x0f, 0x80, 0x06, 0x5d, 0x04,
  0x70, 0x00, 0x04, 0x08, 0x00, 0x04, 0xc0, 0x06, 0x04, 0x10, 0x00, 0x04, 0xa8, 0x06, 0x0f, 0x08,
  0x00, 0x0d, 0x04, 0x38, 0x00, 0x0c, 0x08, 0x00, 0x0f, 0x38, 0x00, 0x0d, 0x04, 0x20, 0x00, 0x04,
  0x70, 0x00, 0x04, 0x08, 0x00, 0x04, 0x18, 0x00, 0x0f, 0x08, 0x00, 0x0d, 0x0c, 0x70, 0x00, 0x04,
  0x10, 0x00, 0x0f, 0x38, 0x00, 0x0d, 0x04, 0x20, 0x00, 0x04, 0xc0, 0x06, 0x04, 0xe0, 0x06, 0x0f,
  0x08, 0x00, 0x25, 0x0f, 0x78, 0x43, 0x0d, 0x04, 0x20, 0x00, 0x0f, 0x70, 0x00, 0x2d, 0x0c, 0x40,
  0x00, 0x04, 0x10, 0x00, 0x0f, 0x58, 0x02, 0x0d, 0x0f, 0x02, 0x00, 0xff, 0x1e, 0x0c, 0x60, 0x07,
  0x0f, 0x10, 0x00, 0x0d, 0x0f, 0x60, 0x01, 0xff, 0x1e, 0x0f, 0x02, 0x00, 0xf5, 0x04, 0x18, 0x06,
  0x0f, 0x08, 0x00, 0xff, 0x4e, 0x0f, 0x70, 0x02, 0x15, 0x0f, 0x80, 0x06, 0x5d, 0x04, 0x70, 0x00,
  0x04, 0x08, 0x00, 0x04, 0xc0, 0x06, 0x04, 0x10, 0x00, 0x04, 0xa8, 0x06, 0x0f, 0x08, 0x00, 0x0d,
  0x04, 0x38, 0x00, 0x0c, 0x08, 0x00, 0x0f, 0x38, 0x00, 0x0d, 0x04, 0x20, 0x00, 0x04, 0x70, 0x00,
  0x04, 0x08, 0x00, 0x04, 0x18, 0x00, 0x0f, 0x08, 0x00, 0x0d, 0x0c, 0x70, 0x00, 0x04, 0x10, 0x00,
  0x0f, 0x38, 0x00, 0x0d, 0x04, 0x20, 0x00, 0x04, 0xc0, 0x06, 0x0f, 0x78, 0x07, 0x25, 0x04, 0x38,
  0x00, 0x04, 0x60, 0x07, 0x0f, 0x08, 0x00, 0x0d, 0x0f, 0x70, 0x00, 0x2d, 0x0c, 0x40, 0x00, 0x04,
  0x10, 0x00, 0x0f, 0x60, 0x02, 0x15, 0x0f, 0x02, 0x00, 0xff, 0x16, 0x0f, 0x70, 0x07, 0x0d, 0x0c,
  0x20, 0x00, 0x0f, 0x58, 0x01, 0xff, 0x16, 0x0f, 0x02, 0x00, 0xfd, 0x0f, 0x78, 0x07, 0xff, 0x4e,
  0x04, 0x60, 0x01, 0x0f, 0x78, 0x02, 0x15, 0x0f, 0x80, 0x06, 0x5d, 0x04, 0x70, 0x00, 0x04, 0x08,
  0x00, 0x04, 0xc0, 0x06, 0x04, 0x10, 0x00, 0x04, 0xa8, 0x06, 0x0f, 0x08, 0x00, 0x0d, 0x04, 0x38,
  0x00, 0x0c, 0x08, 0x00, 0x0f, 0x38, 0x00, 0x0d, 0x04, 0x20, 0x00, 0x04, 0x70, 0x00, 0x04, 0x08,
  0x00, 0x04, 0x18, 0x00, 0x0f, 0x08, 0x00, 0x0d, 0x0c, 0x70, 0x00, 0x04, 0x10, 0x00, 0x0f, 0x38,
  0x00, 0x0d, 0x04, 0x20, 0x00, 0x04, 0xc0, 0x06, 0x04, 0x48, 0x07, 0x0f, 0x08, 0x00, 0x25, 0x0f,
  0x78, 0x07, 0x0d, 0x04, 0x20, 0x00, 0x0f, 0x70, 0x00, 0x2d, 0x0c, 0x40, 0x00, 0x04, 0x10, 0x00,
  0x0f, 0x60, 0x02, 0x15, 0x0f, 0x02, 0x00, 0xff, 0x1e, 0x0c, 0x68, 0x07, 0x0c, 0x10, 0x00, 0x0f,
  0x50, 0x01, 0xff, 0x1e, 0x0f, 0x02, 0x00, 0xff, 0xff, 0x8f, 0x0f, 0x80, 0x06, 0x5d, 0x04, 0x70,
  0x00, 0x0f, 0x08, 0x00, 0x7d, 0x04, 0x20, 0x07, 0x0f, 0x08, 0x00, 0x0d, 0x04, 0x70, 0x07, 0x0c,
  0x08, 0x00, 0x0f, 0x38, 0x00, 0x0d, 0x04, 0x20, 0x00, 0x04, 0xc0, 0x06, 0x0f, 0x78, 0x07, 0x25,
  0x04, 0x38, 0x00, 0x04, 0x60, 0x07, 0x0f, 0x08, 0x00, 0x0d, 0x0f, 0x70, 0x00, 0x2d, 0x0c, 0x40,
  0x00, 0x04, 0x10, 0x00, 0x0f, 0xd8, 0x04, 0xff, 0x46, 0x0c, 0x70, 0x07, 0x0c, 0x10, 0x00, 0x0f,
  0x78, 0x01, 0xff, 0x46, 0x0f, 0x02, 0x00, 0xff, 0xff, 0x67, 0x04, 0x08, 0x07, 0x04, 0x20, 0x06,
  0x0f, 0x08, 0x00, 0x0d, 0x0c, 0x78, 0x06, 0x04, 0x10, 0x00, 0x0f, 0x38, 0x00, 0x0d, 0x04, 0x20,
  0x00, 0x04, 0x70, 0x00, 0x0f, 0x08, 0x00, 0x7d, 0x04, 0xa0, 0x00, 0x0f, 0x08, 0x00, 0x0d, 0x04,
  0xf0, 0x00, 0x0c, 0x08, 0x00, 0x0f, 0x38, 0x00, 0x0d, 0x04, 0x20, 0x00, 0x04, 0xc0, 0x06, 0x04,
  0x48, 0x07, 0x0f, 0x08, 0x00, 0x25, 0x0f, 0x78, 0x07, 0x0d, 0x04, 0x20, 0x00, 0x0f, 0x70, 0x00,
  0x2d, 0x0c, 0x40, 0x00, 0x04, 0x10, 0x00, 0x0f, 0xb0, 0x04, 0xff, 0x4e, 0x0f, 0x78, 0x07, 0xff,
  0xff, 0xff, 0xd0, 0x04, 0x02, 0x00, 0x0f, 0x08, 0x07, 0x65, 0x04, 0x80, 0x00, 0x0f, 0x02, 0x00,
  0x6d, 0x0f, 0x00, 0x01, 0x5d, 0x04, 0xc0, 0x06, 0x0f, 0x78, 0x07, 0x25, 0x04, 0x38, 0x00, 0x04,
  0x60, 0x07, 0x0f, 0x08, 0x00, 0x0d, 0x0f, 0x70, 0x00, 0x2d, 0x0c, 0x40, 0x00, 0x04, 0x10, 0x00,
  0x0f, 0xb8, 0x01, 0x6d, 0x0f, 0x02, 0x00, 0xcd, 0x0f, 0x80, 0x07, 0xff, 0xff, 0xff, 0xff, 0xff,
  0xff, 0xff, 0x74, 0x0f, 0x02, 0x00, 0xff, 0xff, 0xc7, 0x0f, 0x58, 0x0a, 0xff, 0xff, 0x6f, 0x04,
  0x40, 0x0e, 0x04, 0xc8, 0x0e, 0x0f, 0x08, 0x00, 0x25, 0x0f, 0xf8, 0x0e, 0x0d, 0x04, 0x20, 0x00,
  0x0f, 0x70, 0x00, 0x2d, 0x04, 0x40, 0x00, 0x0c, 0x08, 0x00, 0x0f, 0x20, 0x06, 0xff, 0xff, 0xc7,
  0x0f, 0x02, 0x00, 0xff, 0x4e, 0x0f, 0x80, 0x07, 0xff, 0xff, 0xff, 0xff, 0xff, 0xff, 0xff, 0x6c,
  0x0c, 0x78, 0x07, 0x0c, 0x10, 0x00, 0x0f, 0xf8, 0x08, 0xff, 0x4e, 0x0f, 0x02, 0x00, 0xf5, 0x0c,
  0x48, 0x0e, 0x0f, 0x10, 0x00, 0x95, 0x0f, 0xc0, 0x01, 0xf5, 0x0f, 0x02, 0x00, 0xff, 0xff, 0xff,
  0x28, 0x0c, 0x70, 0x07, 0x0c, 0x10, 0x00, 0x0f, 0x58, 0x03, 0xff, 0xff, 0x57, 0x0f, 0x70, 0x07,
  0x95, 0x0c, 0xa8, 0x00, 0x0f, 0x20, 0x03, 0xff, 0xff, 0x57, 0x0f, 0x02, 0x00, 0xff, 0xbe, 0x0c,
  0x68, 0x07, 0x0f, 0x10, 0x00, 0x0d, 0x0f, 0x00, 0x02, 0xff, 0xbe, 0x0f, 0x02, 0x00, 0xff, 0xff,
  0xff, 0xff, 0xff, 0x72, 0x0f, 0x70, 0x07, 0x0d, 0x0c, 0x20, 0x00, 0x0f, 0xb0, 0x05, 0xff, 0xff,
  0xff, 0xff, 0xff, 0x72, 0x0f, 0x02, 0x00, 0xff, 0xbe, 0x0c, 0x60, 0x07, 0x0f, 0x10, 0x00, 0x0d,
  0x0f, 0x00, 0x02, 0xff, 0xbe, 0x0f, 0x02, 0x00, 0xff, 0xff, 0xff, 0xff, 0xff, 0x72, 0x0f, 0x70,
  0x07, 0x0d, 0x0c, 0x20, 0x00, 0x0f, 0xb0, 0x05, 0xff, 0xff, 0xff, 0xff, 0xff, 0x72, 0x0f, 0x02,
  0x00, 0xff, 0xc6, 0x0c, 0x68, 0x07, 0x0c, 0x10, 0x00, 0x0f, 0xf8, 0x01, 0xff, 0xc6, 0x0f, 0x02,
  0x00, 0xff, 0xff, 0xff, 0xff, 0xff, 0x7a, 0x0c, 0x70, 0x07, 0x0c, 0x10, 0x00, 0x0f, 0xa8, 0x05,
  0xff, 0xff, 0xff, 0xff, 0xff, 0x7a, 0x0f, 0x02, 0x00, 0xff, 0xce, 0x0f, 0x78, 0x07, 0xff, 0xff,
  0xff, 0xff, 0xff, 0xff, 0xff, 0x6c, 0x04, 0x02, 0x00, 0x0f, 0x80, 0x07, 0xff, 0xff, 0xff, 0xff,
  0xff, 0xff, 0xff, 0x74, 0x0f, 0x02, 0x00, 0xff, 0xff, 0xff, 0xff, 0xff, 0xff, 0xff, 0xff, 0xff,
  0xff, 0xff, 0xff, 0xff, 0xff, 0xff, 0xff, 0xff, 0xff, 0xff, 0xff, 0xff, 0xff, 0xff, 0xff, 0xff,
  0xff, 0xff, 0xff, 0xff, 0xff, 0xff, 0xff, 0xff, 0xff, 0xff, 0xff, 0xff, 0xff, 0xff, 0xff, 0xff,
  0xff, 0xff, 0xff, 0xff, 0xff, 0xff, 0xff, 0xff, 0xff, 0xff, 0xff, 0xff, 0xff, 0xff, 0xff, 0xff,
  0xff, 0xff, 0xff, 0xff, 0xff, 0xff, 0xff, 0xff, 0xff, 0xff, 0xff, 0xff, 0xff, 0xff, 0xff, 0xff,
  0xff, 0xff, 0xff, 0xff, 0xff, 0xff, 0xff, 0xff, 0xff, 0xff, 0xff, 0xff, 0xff, 0xff, 0xff, 0xff,
  0xff, 0xff, 0xff, 0xff, 0xff, 0xff, 0xff, 0xff, 0xff, 0xff, 0xff, 0xff, 0xff, 0xff, 0xff, 0xff,
  0xff, 0xff, 0xff, 0xff, 0xff, 0xff, 0xff, 0xff, 0xff, 0xff, 0xff, 0xff, 0xff, 0xff, 0xff, 0xff,
  0xff, 0x7f, 0x0f, 0x98, 0x81, 0xff, 0xff, 0xff, 0xff, 0xff, 0xff, 0xff, 0x74, 0x0f, 0x80, 0x07,
  0xff, 0xff, 0xff, 0xff, 0xff, 0xff, 0xff, 0x6c, 0x0c, 0x78, 0x07, 0x0c, 0x10, 0x00, 0x0f, 0x30,
  0x89, 0xff, 0xff, 0xff, 0xff, 0xff, 0xff, 0xff, 0x54, 0x0c, 0x70, 0x07, 0x0c, 0x10, 0x00, 0x0f,
  0x80, 0x07, 0xff, 0xff, 0xff, 0xff, 0xff, 0xff, 0xff, 0x4c, 0x0c, 0x68, 0x07, 0x0f, 0x10, 0x00,
  0x0d, 0x0f, 0x88, 0x07, 0xff, 0xff, 0xff, 0xff, 0xff, 0xff, 0xff, 0x44, 0x0f, 0x70, 0x07, 0x0d,
  0x0c, 0x20, 0x00, 0x0f, 0x80, 0x07, 0xff, 0x0e, 0x0f, 0x30, 0x01, 0xff, 0x1e, 0x0f, 0x02, 0x00,
  0xff, 0xff, 0xff, 0xff, 0xf1, 0x0c, 0x30, 0x06, 0x0f, 0x10, 0x00, 0x0d, 0x0f, 0x30, 0x05, 0xff,
  0x0e, 0x0c, 0x40, 0x01, 0x0f, 0x30, 0x01, 0xff, 0x0e, 0x0f, 0x02, 0x00, 0xff, 0xff, 0xff, 0xff,
  0xf1, 0x0c, 0x30, 0x06, 0x0f, 0x10, 0x00, 0x0d, 0x0f, 0x30, 0x05, 0xff, 0x06, 0x0f, 0x38, 0x01,
  0xcd, 0x2f, 0x62, 0xd7, 0x04, 0x00, 0x03, 0x0f, 0x02, 0x00, 0xff, 0x96, 0x0c, 0xc0, 0x01, 0x0f,
  0x02, 0x00, 0xff, 0xff, 0xff, 0x80, 0x0f, 0x40, 0x06, 0xcd, 0x0f, 0x02, 0x00, 0x4d, 0x0f, 0x40,
  0x01, 0xcd, 0x0c, 0xc0, 0x05, 0x04, 0x10, 0x00, 0x0f, 0x02, 0x00, 0xff, 0x96, 0x04, 0xb0, 0x01,
  0x04, 0x08, 0x00, 0x0f, 0x02, 0x00, 0xff, 0xff, 0xff, 0x80, 0x0f, 0x40, 0x06, 0xcd, 0x0f, 0x02,
  0x00, 0x45, 0x0f, 0x38, 0x01, 0x0d, 0x0c, 0x20, 0x00, 0x0f, 0x88, 0x00, 0x45, 0x0f, 0x02, 0x00,
  0x45, 0x04, 0xb0, 0x05, 0x22, 0xfd, 0xff, 0x04, 0x00, 0x04, 0x02, 0x00, 0x04, 0x10, 0x00, 0x04,
  0x20, 0x00, 0x04, 0x08, 0x00, 0x0f, 0x02, 0x00, 0xff, 0x7e, 0x04, 0x98, 0x01, 0x04, 0x08, 0x00,
  0x0c, 0xb8, 0x01, 0x0f, 0x02, 0x00, 0xff, 0xff, 0xff, 0x80, 0x0f, 0x30, 0x06, 0xad, 0x0f, 0x02,
  0x00, 0x5d, 0x0c, 0x30, 0x01, 0x0f, 0x10, 0x00, 0x0d, 0x0f, 0xa0, 0x00, 0x5d, 0x0f, 0x02, 0x00,
  0x2d, 0x0c, 0xb8, 0x05, 0x04, 0x02, 0x00, 0x0c, 0xc8, 0x05, 0x04, 0x28, 0x00, 0x0f, 0x02, 0x00,
  0xff, 0x7e, 0x04, 0x98, 0x01, 0x04, 0x08, 0x00, 0x0c, 0xb8, 0x01, 0x0f, 0x02, 0x00, 0xff, 0xff,
  0xff, 0x80, 0x0c, 0x40, 0x06, 0x0f, 0xa0, 0x03, 0xff, 0x0e, 0x0c, 0x30, 0x01, 0x0f, 0x10, 0x00,
  0x0d, 0x0f, 0x50, 0x01, 0x95, 0x04, 0xb0, 0x05, 0x0f, 0x02, 0x00, 0x15, 0x0f, 0xd8, 0x05, 0xff,
  0x7e, 0x04, 0xc0, 0x01, 0x04, 0x98, 0x01, 0x0f, 0x02, 0x00, 0x05, 0x04, 0x28, 0x00, 0x0f, 0x02,
  0x00, 0xff, 0xfe, 0x22, 0xc0, 0xae, 0x04, 0x00, 0x0f, 0x02, 0x00, 0xff, 0x9e, 0x04, 0xb8, 0x01,
  0x0c, 0x08, 0x00, 0x0f, 0x02, 0x00, 0xc5, 0x0f, 0x70, 0x07, 0x0d, 0x0c, 0x20, 0x00, 0x0f, 0x08,
  0x01, 0x95, 0x0f, 0x98, 0x05, 0x1d, 0x04, 0xe8, 0x05, 0x0f, 0x38, 0x00, 0x1d, 0x0f, 0x02, 0x00,
  0xff, 0x46, 0x04, 0x88, 0x01, 0x04, 0x98, 0x01, 0x0f, 0x02, 0x00, 0x05, 0x04, 0x28, 0x00, 0x0f,
  0x02, 0x00, 0xff, 0xfe, 0x04, 0xc0, 0x05, 0x0f, 0x02, 0x00, 0xff, 0x9e, 0x04, 0xb8, 0x01, 0x0c,
  0x08, 0x00, 0x0f, 0x02, 0x00, 0xcd, 0x0c, 0x68, 0x07, 0x0c, 0x10, 0x00, 0x0f, 0x00, 0x01, 0x95,
  0x04, 0x90, 0x05, 0x0c, 0xb8, 0x05, 0x3f, 0x9a, 0xc3, 0xee, 0x04, 0x00, 0x0a, 0x0c, 0xe0, 0x00,
  0x04, 0x48, 0x00, 0x04, 0x08, 0x00, 0x0f, 0x02, 0x00, 0x65, 0x04, 0x80, 0x00, 0x0f, 0x08, 0x00,
  0x3d, 0x0f, 0x02, 0x00, 0x8d, 0x04, 0xf0, 0x00, 0x04, 0x02, 0x00, 0x0f, 0xbc, 0x01, 0x05, 0x04,
  0xe8, 0x01, 0x0c, 0x30, 0x00, 0x0f, 0x02, 0x00, 0xff, 0xe6, 0x04, 0xb8, 0x05, 0x04, 0x18, 0x02,
  0x04, 0x10, 0x00, 0x04, 0x08, 0x00, 0x0f, 0x02, 0x00, 0xff, 0x7e, 0x04, 0x98, 0x01, 0x04, 0x08,
  0x00, 0x04, 0xb8, 0x01, 0x04, 0x02, 0x00, 0x04, 0x10, 0x00, 0x04, 0x20, 0x00, 0x0f, 0x02, 0x00,
  0xc5, 0x0c, 0x70, 0x07, 0x0c, 0x10, 0x00, 0x0f, 0xf8, 0x00, 0x95, 0x04, 0x88, 0x05, 0x04, 0xb8,
  0x01, 0x04, 0x02, 0x00, 0x0f, 0xc0, 0x05, 0x05, 0x04, 0x18, 0x00, 0x04, 0x28, 0x00, 0x04, 0x02,
  0x00, 0x04, 0x48, 0x00, 0x04, 0x08, 0x00, 0x0f, 0x02, 0x00, 0x65, 0x04, 0x80, 0x00, 0x0f, 0x08,
  0x00, 0x3d, 0x0f, 0x02, 0x00, 0x8d, 0x04, 0xf0, 0x00, 0x04, 0x02, 0x00, 0x04, 0xa8, 0x01, 0x0c,
  0x08, 0x00, 0x04, 0xe8, 0x01, 0x0c, 0x30, 0x00, 0x0f, 0x02, 0x00, 0xff, 0xe6, 0x04, 0xa8, 0x05,
  0x04, 0x18, 0x02, 0x04, 0x10, 0x00, 0x04, 0x08, 0x00, 0x0f, 0x02, 0x00, 0xff, 0x7e, 0x04, 0x98,
  0x01, 0x04, 0x08, 0x00, 0x04, 0xb8, 0x01, 0x04, 0x02, 0x00, 0x04, 0x10, 0x00, 0x04, 0x20, 0x00,
  0x0f, 0x02, 0x00, 0xcd, 0x0f, 0x78, 0x07, 0xa5, 0x04, 0x02, 0x00, 0x0c, 0x88, 0x05, 0x0c, 0xb0,
  0x05, 0x0f, 0x10, 0x00, 0x0d, 0x04, 0x48, 0x00, 0x04, 0x02, 0x00, 0x04, 0x50, 0x00, 0x04, 0x08,
  0x00, 0x0f, 0x02, 0x00, 0x1d, 0x04, 0x38, 0x00, 0x0f, 0x08, 0x00, 0x2d, 0x04, 0x88, 0x02, 0x0f,
  0x08, 0x00, 0x35, 0x0f, 0x90, 0x00, 0x1d, 0x0f, 0x02, 0x00, 0x4d, 0x0c, 0x90, 0x00, 0x0c, 0x02,
  0x00, 0x0f, 0xb8, 0x01, 0x05, 0x04, 0x10, 0x01, 0x04, 0x40, 0x00, 0x0f, 0x02, 0x00, 0xff, 0xe6,
  0x0f, 0xa0, 0x05, 0x0d, 0x04, 0x28, 0x02, 0x0f, 0x28, 0x00, 0x0d, 0x0f, 0x02, 0x00, 0xff, 0x56,
  0x04, 0x88, 0x01, 0x04, 0x98, 0x01, 0x0f, 0x02, 0x00, 0x15, 0x04, 0x38, 0x00, 0x0f, 0x02, 0x00,
  0xc5, 0x0f, 0x80, 0x07, 0xff, 0xff, 0xff, 0xff, 0xff, 0xff, 0xff, 0x74, 0x0f, 0x02, 0x00, 0xa5,
  0x04, 0x00, 0x0d, 0x0c, 0x50, 0x09, 0x0f, 0x38, 0x0d, 0x05, 0x0f, 0xe8, 0x00, 0x1d, 0x04, 0x58,
  0x00, 0x04, 0x68, 0x00, 0x0f, 0x08, 0x00, 0x1d, 0x04, 0x40, 0x00, 0x0f, 0x08, 0x00, 0x05, 0x0f,
  0x02, 0x00, 0x75, 0x0f, 0xa0, 0x00, 0x05, 0x0f, 0xf0, 0x00, 0x1d, 0x0f, 0x02, 0x00, 0x15, 0x0c,
  0x58, 0x00, 0x0c, 0x02, 0x00, 0x04, 0xc0, 0x01, 0x04, 0x18, 0x00, 0x04, 0x10, 0x00, 0x04, 0x08,
  0x00, 0x04, 0x18, 0x00, 0x0f, 0x48, 0x00, 0x0d, 0x0f, 0x02, 0x00, 0xff, 0xc6, 0x04, 0x10, 0x0d,
  0x04, 0xb8, 0x02, 0x2f, 0xa0, 0x85, 0x04, 0x00, 0x03, 0x04, 0x02, 0x00, 0x04, 0x30, 0x00, 0x04,
  0x08, 0x00, 0x0f, 0x02, 0x00, 0x85, 0x04, 0xa0, 0x00, 0x0f, 0x08, 0x00, 0x35, 0x0f, 0x02, 0x00,
  0x6d, 0x0c, 0xc8, 0x00, 0x0c, 0x02, 0x00, 0x0f, 0xb8, 0x01, 0x05, 0x04, 0x18, 0x00, 0x04, 0x02,
  0x00, 0x04, 0xe8, 0x01, 0x04, 0x50, 0x00, 0x0f, 0x02, 0x00, 0xff, 0x76, 0x04, 0x80, 0x05, 0x04,
  0xa0, 0x01, 0x04, 0x02, 0x00, 0x04, 0xa8, 0x05, 0x0c, 0x08, 0x00, 0x04, 0x20, 0x00, 0x0f, 0x02,
  0x00, 0x15, 0x04, 0x58, 0x00, 0x04, 0x68, 0x00, 0x0f, 0x08, 0x00, 0x1d, 0x04, 0x40, 0x00, 0x0f,
  0x08, 0x00, 0x05, 0x0f, 0x02, 0x00, 0x75, 0x0f, 0xa0, 0x00, 0x05, 0x0f, 0xf0, 0x00, 0x1d, 0x0f,
  0x02, 0x00, 0x15, 0x0c, 0x58, 0x00, 0x0c, 0x02, 0x00, 0x04, 0xb8, 0x01, 0x04, 0x18, 0x00, 0x04,
  0x10, 0x00, 0x04, 0x08, 0x00, 0x04, 0x18, 0x00, 0x0f, 0x48, 0x00, 0x0d, 0x0f, 0x02, 0x00, 0xff,
  0xc6, 0x04, 0x88, 0x05, 0x04, 0xb8, 0x02, 0x04, 0xb0, 0x05, 0x0c, 0x08, 0x00, 0x04, 0x02, 0x00,
  0x04, 0x30, 0x00, 0x04, 0x08, 0x00, 0x0f, 0x02, 0x00, 0x85, 0x04, 0xa0, 0x00, 0x0f, 0x08, 0x00,
  0x35, 0x0f, 0x02, 0x00, 0x6d, 0x0c, 0xc8, 0x00, 0x0c, 0x02, 0x00, 0x0c, 0xb0, 0x01, 0x0c, 0x10,
  0x00, 0x04, 0x02, 0x00, 0x04, 0xe8, 0x01, 0x04, 0x50, 0x00, 0x0f, 0x02, 0x00, 0xff, 0x76, 0x04,
  0x80, 0x05, 0x04, 0xa0, 0x01, 0x04, 0xa0, 0x05, 0x0c, 0x08, 0x00, 0x0f, 0xb0, 0x01, 0x35, 0x04,
  0x68, 0x00, 0x0c, 0x08, 0x00, 0x0f, 0x02, 0x00, 0xdd, 0x0c, 0x00, 0x01, 0x04, 0x10, 0x00, 0x04,
  0x90, 0x01, 0x0f, 0x08, 0x00, 0x15, 0x0f, 0x02, 0x00, 0x15, 0x0c, 0xd0, 0x01, 0x04, 0x10, 0x00,
  0x0c, 0x78, 0x00, 0x0f, 0x02, 0x00, 0xff, 0xd6, 0x04, 0x88, 0x05, 0x04, 0x00, 0x02, 0x0c, 0xb8,
  0x05, 0x04, 0x10, 0x00, 0x0c, 0x02, 0x00, 0x04, 0x38, 0x00, 0x0f, 0x02, 0x00, 0x4d, 0x04, 0x68,
  0x00, 0x0f, 0x08, 0x00, 0x1d, 0x04, 0xd0, 0x00, 0x0f, 0x08, 0x00, 0x35, 0x0f, 0x80, 0x00, 0x1d,
  0x0c, 0x30, 0x00, 0x0f, 0x02, 0x00, 0x25, 0x04, 0x48, 0x00, 0x04, 0xc8, 0x00, 0x0c, 0x02, 0x00,
  0x04, 0xa0, 0x01, 0x0f, 0x08, 0x00, 0x15, 0x04, 0x02, 0x00, 0x04, 0x58, 0x00, 0x0f, 0x02, 0x00,
  0xff, 0x76, 0x04, 0xe8, 0x05, 0x04, 0xe8, 0x01, 0x04, 0x98, 0x05, 0x0c, 0x08, 0x00, 0x0f, 0xb0,
  0x01, 0x35, 0x04, 0x68, 0x00, 0x0c, 0x08, 0x00, 0x0f, 0x02, 0x00, 0xdd, 0x0c, 0x00, 0x01, 0x04,
  0x10, 0x00, 0x04, 0x90, 0x01, 0x0f, 0x08, 0x00, 0x15, 0x0f, 0x02, 0x00, 0x15, 0x0c, 0xd0, 0x01,
  0x04, 0x10, 0x00, 0x0c, 0x78, 0x00, 0x0f, 0x02, 0x00, 0xff, 0xd6, 0x04, 0x88, 0x05, 0x04, 0x00,
  0x02, 0x0f, 0xc8, 0x05, 0x05, 0x0c, 0x02, 0x00, 0x04, 0x38, 0x00, 0x0f, 0x02, 0x00, 0x4d, 0x04,
  0x68, 0x00, 0x0f, 0x08, 0x00, 0x1d, 0x04, 0xd0, 0x00, 0x0f, 0x08, 0x00, 0x35, 0x0f, 0x80, 0x00,
  0x1d, 0x0c, 0x30, 0x00, 0x0f, 0x02, 0x00, 0x25, 0x04, 0x48, 0x00, 0x04, 0xc8, 0x00, 0x0c, 0x02,
  0x00, 0x0f, 0xb0, 0x01, 0x05, 0x0f, 0x18, 0x00, 0x05, 0x04, 0x02, 0x00, 0x04, 0x58, 0x00, 0x0f,
  0x02, 0x00, 0xff, 0x76, 0x04, 0xe8, 0x05, 0x04, 0x02, 0x00, 0x04, 0x98, 0x05, 0x0c, 0x08, 0x00,
  0x04, 0x20, 0x00, 0x0f, 0x02, 0x00, 0xff, 0x66, 0x04, 0x88, 0x03, 0x0c, 0x08, 0x00, 0x0f, 0x02,
  0x00, 0x15, 0x0c, 0xd0, 0x01, 0x04, 0x10, 0x00, 0x04, 0x50, 0x00, 0x0c, 0x08, 0x02, 0x0f, 0x02,
  0x00, 0xff, 0xc6, 0x04, 0x80, 0x05, 0x04, 0x08, 0x00, 0x04, 0x02, 0x00, 0x0c, 0xb8, 0x05, 0x04,
  0x02, 0x00, 0x04, 0x18, 0x00, 0x0c, 0x02, 0x00, 0x0c, 0x40, 0x00, 0x0f, 0x02, 0x00, 0x0d, 0x04,
  0x30, 0x00, 0x0f, 0x08, 0x00, 0x1d, 0x04, 0xa0, 0x02, 0x0c, 0x08, 0x00, 0x0f, 0x02, 0x00, 0x75,
  0x0c, 0x98, 0x00, 0x0c, 0x10, 0x00, 0x0f, 0xf0, 0x00, 0x1d, 0x04, 0x30, 0x00, 0x04, 0x48, 0x00,
  0x0f, 0x02, 0x00, 0x1d, 0x04, 0xb0, 0x01, 0x0c, 0x08, 0x00, 0x04, 0x02, 0x00, 0x04, 0x58, 0x00,
  0x04, 0x68, 0x00, 0x0f, 0x02, 0x00, 0xff, 0x6e, 0x0c, 0x78, 0x05, 0x04, 0x98, 0x05, 0x0c, 0x08,
  0x00, 0x0f, 0xa8, 0x01, 0xff, 0x6e, 0x04, 0x38, 0x03, 0x0c, 0x08, 0x00, 0x0f, 0x02, 0x00, 0x15,
  0x0c, 0xd0, 0x01, 0x04, 0x10, 0x00, 0x04, 0x50, 0x00, 0x0c, 0x08, 0x02, 0x0f, 0x02, 0x00, 0xff,
  0xc6, 0x04, 0x78, 0x05, 0x04, 0x08, 0x00, 0x04, 0x02, 0x00, 0x0f, 0xb0, 0x05, 0x05, 0x04, 0x18,
  0x00, 0x0c, 0x02, 0x00, 0x0c, 0x40, 0x00, 0x0f, 0x02, 0x00, 0x0d, 0x04, 0x30, 0x00, 0x0f, 0x08,
  0x00, 0x1d, 0x04, 0xa0, 0x02, 0x0c, 0x08, 0x00, 0x0f, 0x02, 0x00, 0x75, 0x0c, 0x98, 0x00, 0x0c,
  0x10, 0x00, 0x0f, 0xf0, 0x00, 0x1d, 0x04, 0x30, 0x00, 0x04, 0x48, 0x00, 0x0f, 0x02, 0x00, 0x1d,
  0x04, 0xb0, 0x01, 0x0c, 0x08, 0x00, 0x04, 0x02, 0x00, 0x04, 0x58, 0x00, 0x04, 0x68, 0x00, 0x0f,
  0x02, 0x00, 0xff, 0x66, 0x04, 0x70, 0x05, 0x04, 0x90, 0x01, 0x04, 0x02, 0x00, 0x04, 0x98, 0x05,
  0x04, 0x08, 0x00, 0x04, 0x18, 0x00, 0x0f, 0x02, 0x00, 0xff, 0xae, 0x04, 0xd0, 0x01, 0x0c, 0x08,
  0x00, 0x04, 0xd8, 0x01, 0x04, 0x10, 0x02, 0x0f, 0x02, 0x00, 0xff, 0xce, 0x04, 0x78, 0x05, 0x04,
  0xf8, 0x03, 0x0c, 0xa8, 0x05, 0x04, 0x10, 0x00, 0x0f, 0x02, 0x00, 0x15, 0x04, 0x50, 0x00, 0x0f,
  0x08, 0x00, 0x15, 0x04, 0x78, 0x00, 0x0c, 0x08, 0x00, 0x0f, 0x02, 0x00, 0xdd, 0x0c, 0x00, 0x01,
  0x04, 0x10, 0x00, 0x0f, 0x02, 0x00, 0x35, 0x04, 0xc8, 0x01, 0x0c, 0x08, 0x00, 0x04, 0x68, 0x00,
  0x04, 0xb0, 0x01, 0x0f, 0x02, 0x00, 0xff, 0x66, 0x04, 0x70, 0x05, 0x04, 0x90, 0x01, 0x04, 0x02,
  0x00, 0x0f, 0xa0, 0x05, 0x05, 0x0f, 0x02, 0x00, 0xff, 0xae, 0x0c, 0xd8, 0x01, 0x04, 0x10, 0x00,
  0x04, 0xd8, 0x01, 0x04, 0x10, 0x02, 0x0f, 0x02, 0x00, 0xff, 0xce, 0x04, 0x78, 0x05, 0x04, 0xf8,
  0x03, 0x0c, 0xa0, 0x05, 0x04, 0x10, 0x00, 0x0f, 0x02, 0x00, 0x15, 0x04, 0x50, 0x00, 0x0f, 0x08,
  0x00, 0x15, 0x04, 0x78, 0x00, 0x0c, 0x08, 0x00, 0x0f, 0x02, 0x00, 0xdd, 0x0c, 0x00, 0x01, 0x04,
  0x10, 0x00, 0x0f, 0x02, 0x00, 0x35, 0x04, 0xc8, 0x01, 0x0c, 0x08, 0x00, 0x04, 0x68, 0x00, 0x04,
  0xb0, 0x01, 0x0f, 0x02, 0x00, 0xff, 0x66, 0x04, 0x70, 0x05, 0x04, 0x90, 0x01, 0x0f, 0x02, 0x00,
  0xff, 0xd6, 0x04, 0x78, 0x07, 0x04, 0x08, 0x00, 0x04, 0xf8, 0x01, 0x04, 0x10, 0x02, 0x0f, 0x02,
  0x00, 0xff, 0xce, 0x04, 0x78, 0x05, 0x04, 0xf8, 0x03, 0x0c, 0xa0, 0x05, 0x04, 0x10, 0x00, 0x0f,
  0x02, 0x00, 0x15, 0x04, 0x48, 0x00, 0x0c, 0x08, 0x00, 0x0f, 0x02, 0x00, 0xff, 0x6e, 0x04, 0xc8,
  0x01, 0x0c, 0x08, 0x00, 0x04, 0x02, 0x00, 0x04, 0x08, 0x02, 0x0f, 0x02, 0x00, 0xff, 0x66, 0x04,
  0x70, 0x05, 0x04, 0x38, 0x03, 0x0f, 0x02, 0x00, 0xff, 0xd6, 0x04, 0x78, 0x07, 0x04, 0x08, 0x00,
  0x04, 0xf8, 0x01, 0x04, 0x10, 0x02, 0x0f, 0x02, 0x00, 0xff, 0xce, 0x04, 0x78, 0x05, 0x04, 0xf8,
  0x03, 0x0c, 0xa0, 0x05, 0x04, 0x10, 0x00, 0x0f, 0x02, 0x00, 0x15, 0x04, 0x48, 0x00, 0x0c, 0x08,
  0x00, 0x0f, 0x02, 0x00, 0xff, 0x6e, 0x04, 0xc8, 0x01, 0x0c, 0x08, 0x00, 0x04, 0x02, 0x00, 0x04,
  0x08, 0x02, 0x0f, 0x02, 0x00, 0xff, 0x66, 0x04, 0x70, 0x05, 0x04, 0x38, 0x03, 0x0f, 0x02, 0x00,
  0xff, 0xee, 0x04, 0x08, 0x02, 0x04, 0x18, 0x02, 0x0f, 0x02, 0x00, 0xff, 0xc6, 0x0c, 0x78, 0x05,
  0x0c, 0xa0, 0x05, 0x04, 0x10, 0x00, 0x0f, 0x02, 0x00, 0xff, 0xb6, 0x04, 0xd0, 0x01, 0x04, 0x08,
  0x00, 0x04, 0x02, 0x00, 0x04, 0xf0, 0x03, 0x0c, 0x10, 0x02, 0x0f, 0x02, 0x00, 0xff, 0x56, 0x04,
  0x68, 0x05, 0x04, 0x88, 0x01, 0x0f, 0x02, 0x00, 0xff, 0xee, 0x04, 0x08, 0x02, 0x04, 0x18, 0x02,
  0x0f, 0x02, 0x00, 0xff, 0xc6, 0x0c, 0x70, 0x05, 0x04, 0x98, 0x05, 0x0c, 0x08, 0x00, 0x0f, 0x02,
  0x00, 0xff, 0xb6, 0x0f, 0xd8, 0x01, 0x05, 0x04, 0xf0, 0x03, 0x0c, 0x10, 0x02, 0x0f, 0x02, 0x00,
  0xff, 0x56, 0x04, 0x68, 0x05, 0x04, 0x88, 0x01, 0x0f, 0x02, 0x00, 0xff, 0xee, 0x04, 0x08, 0x02,
  0x04, 0x18, 0x02, 0x0f, 0x02, 0x00, 0xff, 0xc6, 0x0c, 0x70, 0x05, 0x0f, 0xa0, 0x05, 0x05, 0x0f,
  0x02, 0x00, 0xff, 0xce, 0x04, 0xf0, 0x03, 0x0c, 0x10, 0x02, 0x0f, 0x02, 0x00, 0xff, 0x56, 0x04,
  0x68, 0x05, 0x04, 0x88, 0x01, 0x0f, 0x02, 0x00, 0xff, 0xee, 0x04, 0x08, 0x02, 0x04, 0x18, 0x02,
  0x0f, 0x02, 0x00, 0xff, 0xc6, 0x0c, 0x70, 0x05, 0x0f, 0x80, 0x07, 0xff, 0xff, 0xff, 0xff, 0xff,
  0xff, 0xff, 0x5c, 0x04, 0x78, 0x07, 0x04, 0x68, 0x09, 0x0f, 0x02, 0x00, 0xff, 0xee, 0x04, 0x08,
  0x02, 0x04, 0x18, 0x02, 0x0f, 0x02, 0x00, 0xff, 0x5e, 0x04, 0xe8, 0x0c, 0x04, 0x88, 0x01, 0x0f,
  0x02, 0x00, 0xff, 0xee, 0x04, 0x08, 0x02, 0x04, 0x18, 0x02, 0x0f, 0x02, 0x00, 0xff, 0xbe, 0x04,
  0x68, 0x05, 0x04, 0xe8, 0x01, 0x0f, 0x02, 0x00, 0xff, 0xee, 0x04, 0x08, 0x02, 0x04, 0x18, 0x02,
  0x0f, 0x02, 0x00, 0xff, 0x5e, 0x0f, 0x68, 0x05, 0xff, 0xc6, 0x0f, 0x02, 0x00, 0x25, 0x04, 0x90,
  0x03, 0x0f, 0x18, 0x02, 0xff, 0xc6, 0x04, 0x68, 0x05, 0x04, 0xe8, 0x01, 0x0f, 0x02, 0x00, 0xff,
  0xee, 0x04, 0x08, 0x02, 0x04, 0x18, 0x02, 0x0f, 0x02, 0x00, 0xff, 0x5e, 0x0f, 0x68, 0x05, 0xff,
  0xc6, 0x0f, 0x02, 0x00, 0x25, 0x04, 0x90, 0x03, 0x0f, 0x18, 0x02, 0xff, 0xc6, 0x04, 0x68, 0x05,
  0x04, 0xe8, 0x01, 0x0f, 0x02, 0x00, 0xff, 0xee, 0x04, 0x08, 0x02, 0x04, 0x18, 0x02, 0x0f, 0x02,
  0x00, 0xff, 0x5e, 0x0f, 0x68, 0x05, 0xff, 0xc6, 0x0f, 0x02, 0x00, 0x25, 0x04, 0x90, 0x03, 0x0f,
  0x18, 0x02, 0xff, 0xc6, 0x04, 0x68, 0x05, 0x04, 0xe8, 0x01, 0x0f, 0x02, 0x00, 0xff, 0xee, 0x04,
  0x08, 0x02, 0x04, 0x18, 0x02, 0x0f, 0x02, 0x00, 0xff, 0x5e, 0x0f, 0x68, 0x05, 0xff, 0xc6, 0x0f,
  0x02, 0x00, 0x25, 0x04, 0x90, 0x03, 0x0f, 0x18, 0x02, 0xff, 0xc6, 0x04, 0x68, 0x05, 0x04, 0xe8,
  0x01, 0x0f, 0x02, 0x00, 0xff, 0xee, 0x04, 0x08, 0x02, 0x04, 0x18, 0x02, 0x0f, 0x02, 0x00, 0xff,
  0x5e, 0x0f, 0x68, 0x05, 0xff, 0xc6, 0x0f, 0x02, 0x00, 0x2d, 0x0f, 0x18, 0x02, 0xff, 0xc6, 0x04,
  0x68, 0x05, 0x04, 0x78, 0x05, 0x0f, 0x02, 0x00, 0xff, 0xf6, 0x04, 0x18, 0x02, 0x0f, 0x02, 0x00,
  0xff, 0x5e, 0x0f, 0x68, 0x05, 0xff, 0xc6, 0x0f, 0x02, 0x00, 0x2d, 0x0f, 0x18, 0x02, 0xff, 0xc6,
  0x04, 0x68, 0x05, 0x0f, 0x80, 0x07, 0xff, 0xff, 0xff, 0xff, 0xff, 0xff, 0xff, 0xff, 0xff, 0xff,
  0xff, 0xff, 0xff, 0xff, 0xff, 0xff, 0xff, 0xff, 0xff, 0xff, 0xa9, 0x0f, 0x88, 0x16, 0xff, 0xbe,
  0x04, 0x80, 0x16, 0x0f, 0x02, 0x00, 0xff, 0xfe, 0x0f, 0x18, 0x02, 0xff, 0x66, 0x0f, 0x60, 0x05,
  0xff, 0xbe, 0x0f, 0x02, 0x00, 0x35, 0x04, 0x18, 0x02, 0x04, 0x08, 0x00, 0x0f, 0x02, 0x00, 0xff,
  0xb6, 0x0f, 0x68, 0x05, 0xff, 0x66, 0x0f, 0x02, 0x00, 0x8d, 0x0f, 0x18, 0x02, 0xff, 0x5e, 0x04,
  0x58, 0x05, 0x0f, 0x88, 0x21, 0xff, 0xfe, 0x04, 0x02, 0x00, 0x04, 0x18, 0x02, 0x04, 0x28, 0x02,
  0x0f, 0x02, 0x00, 0xff, 0xb6, 0x0f, 0x68, 0x05, 0xff, 0x5e, 0x0f, 0x02, 0x00, 0x95, 0x0f, 0x18,
  0x02, 0xff, 0x5e, 0x04, 0x58, 0x05, 0x04, 0x68, 0x05, 0x0f, 0x02, 0x00, 0xff, 0xfe, 0x04, 0x18,
  0x02, 0x04, 0x28, 0x02, 0x0f, 0x02, 0x00, 0xff, 0xb6, 0x0f, 0x68, 0x05, 0xff, 0x5e, 0x0f, 0x02,
  0x00, 0x95, 0x0f, 0x18, 0x02, 0xff, 0x5e, 0x04, 0x58, 0x05, 0x04, 0x68, 0x05, 0x0f, 0x02, 0x00,
  0xff, 0xfe, 0x04, 0x18, 0x02, 0x04, 0x28, 0x02, 0x0f, 0x02, 0x00, 0xff, 0xae, 0x04, 0x60, 0x05,
  0x04, 0x08, 0x00, 0x0f, 0x02, 0x00, 0xff, 0xfe, 0x0f, 0x18, 0x02, 0xff, 0x5e, 0x04, 0x58, 0x05,
  0x04, 0x68, 0x05, 0x0f, 0x02, 0x00, 0xff, 0xfe, 0x04, 0x18, 0x02, 0x04, 0x28, 0x02, 0x0f, 0x02,
  0x00, 0xff, 0xae, 0x04, 0x60, 0x05, 0x04, 0x08, 0x00, 0x0f, 0x02, 0x00, 0xff, 0xfe, 0x0f, 0x18,
  0x02, 0xff, 0x5e, 0x04, 0x58, 0x05, 0x04, 0x68, 0x05, 0x0f, 0x02, 0x00, 0xff, 0xfe, 0x04, 0x18,
  0x02, 0x04, 0x28, 0x02, 0x0f, 0x02, 0x00, 0xff, 0xae, 0x04, 0x60, 0x05, 0x04, 0xd8, 0x01, 0x0f,
  0x02, 0x00, 0xff, 0xfe, 0x04, 0x18, 0x02, 0x04, 0x28, 0x02, 0x0f, 0x02, 0x00, 0xff, 0x4e, 0x04,
  0x58, 0x05, 0x04, 0x78, 0x01, 0x0f, 0x02, 0x00, 0xff, 0xfe, 0x04, 0x18, 0x02, 0x04, 0x28, 0x02,
  0x0f, 0x02, 0x00, 0xff, 0xae, 0x04, 0x58, 0x05, 0x04, 0xd8, 0x01, 0x0f, 0x02, 0x00, 0xff, 0xfe,
  0x04, 0x18, 0x02, 0x04, 0x28, 0x02, 0x0f, 0x02, 0x00, 0xff, 0x4e, 0x04, 0x58, 0x05, 0x04, 0x78,
  0x01, 0x0f, 0x02, 0x00, 0xb5, 0x7f, 0x75, 0xb1, 0x8a, 0xff, 0x75, 0xb1, 0x8a, 0xcf, 0x00, 0xa6,
  0x0f, 0xc0, 0x00, 0x75, 0x04, 0x18, 0x02, 0x04, 0x28, 0x02, 0x0f, 0x02, 0x00, 0xff, 0xae, 0x04,
  0x58, 0x05, 0x04, 0xd8, 0x01, 0x0f, 0x02, 0x00, 0xff, 0xfe, 0x04, 0x18, 0x02, 0x04, 0x28, 0x02,
  0x0f, 0x02, 0x00, 0xff, 0x4e, 0x04, 0x58, 0x05, 0x04, 0x78, 0x01, 0x0f, 0x02, 0x00, 0xb5, 0x0f,
  0xc0, 0x06, 0x75, 0x0f, 0x02, 0x00, 0x25, 0x0f, 0xc0, 0x00, 0x75, 0x04, 0x18, 0x02, 0x04, 0x28,
  0x02, 0x0f, 0x02, 0x00, 0xff, 0xae, 0x04, 0x58, 0x05, 0x04, 0xd8, 0x01, 0x0f, 0x02, 0x00, 0xff,
  0xfe, 0x04, 0x18, 0x02, 0x04, 0x28, 0x02, 0x0f, 0x02, 0x00, 0xff, 0x4e, 0x0f, 0x58, 0x05, 0xbd,
  0x04, 0xb8, 0x06, 0x0c, 0x08, 0x00, 0x0f, 0x48, 0x02, 0x95, 0x0c, 0xb8, 0x00, 0x04, 0x10, 0x00,
  0x0f, 0xc0, 0x00, 0x6d, 0x0f, 0x28, 0x02, 0xbd, 0x0f, 0x02, 0x00, 0xe5, 0x04, 0x58, 0x05, 0x04,
  0x68, 0x05, 0x0f, 0x02, 0x00, 0xff, 0xfe, 0x04, 0x18, 0x02, 0x04, 0x28, 0x02, 0x0f, 0x02, 0x00,
  0xff, 0x4e, 0x0f, 0x58, 0x05, 0xbd, 0x04, 0xb0, 0x06, 0x0c, 0x08, 0x00, 0x0f, 0x48, 0x02, 0x95,
  0x0c, 0xb8, 0x00, 0x04, 0x10, 0x00, 0x0f, 0xc0, 0x00, 0x6d, 0x0f, 0x28, 0x02, 0xbd, 0x0f, 0x02,
  0x00, 0xe5, 0x04, 0x58, 0x05, 0x04, 0x68, 0x05, 0x0f, 0x02, 0x00, 0xff, 0xfe, 0x04, 0x18, 0x02,
  0x04, 0x28, 0x02, 0x0f, 0x02, 0x00, 0xff, 0x4e, 0x0f, 0x58, 0x05, 0xb5, 0x04, 0xa8, 0x06, 0x0f,
  0x08, 0x00, 0x0d, 0x0f, 0x50, 0x02, 0x85, 0x0f, 0xb8, 0x00, 0x0d, 0x04, 0x20, 0x00, 0x0f, 0xc0,
  0x00, 0x65, 0x0f, 0x28, 0x02, 0xb5, 0x0f, 0x02, 0x00, 0xed, 0x04, 0x58, 0x05, 0x04, 0x68, 0x05,
  0x0f, 0x02, 0x00, 0x6d, 0x7f, 0x29, 0x4d, 0x73, 0xff, 0x29, 0x4d, 0x73, 0x87, 0x00, 0x6d, 0x0f,
  0x02, 0x00, 0x26, 0x0f, 0xc0, 0x00, 0xad, 0x0c, 0x02, 0x00, 0x04, 0x18, 0x02, 0x04, 0x28, 0x02,
  0x0f, 0x02, 0x00, 0xff, 0x4e, 0x0f, 0x58, 0x05, 0xb5, 0x04, 0xa0, 0x06, 0x0f, 0x08, 0x00, 0x0d,
  0x0f, 0x50, 0x02, 0x85, 0x0f, 0xb8, 0x00, 0x0d, 0x04, 0x20, 0x00, 0x0f, 0xc0, 0x00, 0x65, 0x0f,
  0x28, 0x02, 0xb5, 0x0f, 0x02, 0x00, 0xed, 0x04, 0x58, 0x05, 0x04, 0x68, 0x05, 0x0f, 0x02, 0x00,
  0x6d, 0x0f, 0xc0, 0x06, 0xad, 0x0f, 0xc0, 0x00, 0xad, 0x0c, 0x02, 0x00, 0x04, 0x18, 0x02, 0x04,
  0x28, 0x02, 0x0f, 0x02, 0x00, 0xff, 0x4e, 0x0f, 0x58, 0x05, 0xb5, 0x04, 0xa0, 0x06, 0x04, 0x08,
  0x00, 0x04, 0x48, 0x02, 0x04, 0x08, 0x00, 0x04, 0x18, 0x00, 0x0f, 0x50, 0x02, 0x85, 0x04, 0xa0,
  0x00, 0x04, 0x08, 0x00, 0x04, 0xb8, 0x00, 0x04, 0x08, 0x00, 0x04, 0x18, 0x00, 0x0f, 0xc0, 0x00,
  0x65, 0x0f, 0x28, 0x02, 0xb5, 0x0f, 0x02, 0x00, 0xed, 0x0f, 0x58, 0x05, 0x75, 0x04, 0xb8, 0x06,
  0x0c, 0x08, 0x00, 0x0f, 0xa0, 0x01, 0x95, 0x0c, 0xb8, 0x00, 0x04, 0x10, 0x00, 0x0f, 0xc0, 0x00,
  0x95, 0x0f, 0x02, 0x00, 0x0d, 0x0f, 0x28, 0x02, 0x75, 0x0f, 0x02, 0x00, 0xcd, 0x0f, 0x58, 0x05,
  0xb5, 0x04, 0xa0, 0x06, 0x04, 0x08, 0x00, 0x04, 0xb8, 0x06, 0x04, 0x08, 0x00, 0x04, 0x18, 0x00,
  0x0f, 0xd0, 0x01, 0x85, 0x04, 0xa0, 0x00, 0x04, 0x08, 0x00, 0x04, 0xb8, 0x00, 0x04, 0x08, 0x00,
  0x04, 0x18, 0x00, 0x0f, 0xc0, 0x00, 0x65, 0x0f, 0x28, 0x02, 0xb5, 0x0f, 0x02, 0x00, 0xed, 0x0f,
  0x58, 0x05, 0x75, 0x04, 0xb0, 0x06, 0x0c, 0x08, 0x00, 0x0f, 0xa0, 0x01, 0x95, 0x0c, 0xb8, 0x00,
  0x04, 0x10, 0x00, 0x0f, 0xc0, 0x00, 0x95, 0x0f, 0x02, 0x00, 0x0d, 0x0f, 0x28, 0x02, 0x75, 0x0f,
  0x02, 0x00, 0xcd, 0x0f, 0x58, 0x05, 0xad, 0x04, 0x98, 0x06, 0x0c, 0x08, 0x00, 0x04, 0xb8, 0x06,
  0x04, 0x08, 0x00, 0x0c, 0x20, 0x00, 0x0f, 0xd8, 0x01, 0x75, 0x0c, 0x98, 0x00, 0x04, 0x10, 0x00,
  0x04, 0xb8, 0x00, 0x04, 0x08, 0x00, 0x04, 0x18, 0x00, 0x04, 0x08, 0x00, 0x0f, 0xc0, 0x00, 0x5d,
  0x0f, 0x28, 0x02, 0xad, 0x0f, 0x02, 0x00, 0xf5, 0x0f, 0x58, 0x05, 0x6d, 0x04, 0xa8, 0x06, 0x0f,
  0x08, 0x00, 0x0d, 0x0f, 0xb0, 0x01, 0x85, 0x0f, 0xb8, 0x00, 0x0d, 0x04, 0x20, 0x00, 0x0f, 0xc0,
  0x00, 0x85, 0x0f, 0x02, 0x00, 0x15, 0x0f, 0x28, 0x02, 0x6d, 0x0f, 0x02, 0x00, 0xd5, 0x0f, 0x58,
  0x05, 0xad, 0x04, 0x90, 0x06, 0x0c, 0x08, 0x00, 0x04, 0xb8, 0x06, 0x04, 0x08, 0x00, 0x0c, 0x20,
  0x00, 0x0f, 0xe0, 0x01, 0x75, 0x0c, 0x98, 0x00, 0x04, 0x10, 0x00, 0x04, 0xb8, 0x00, 0x04, 0x08,
  0x00, 0x04, 0x18, 0x00, 0x04, 0x08, 0x00, 0x0f, 0xc0, 0x00, 0x5d, 0x0f, 0x28, 0x02, 0xad, 0x0f,
  0x02, 0x00, 0xf5, 0x0f, 0x58, 0x05, 0x6d, 0x04, 0xa0, 0x06, 0x0f, 0x08, 0x00, 0x0d, 0x0f, 0xb0,
  0x01, 0x85, 0x0f, 0xb8, 0x00, 0x0d, 0x04, 0x20, 0x00, 0x0f, 0xc0, 0x00, 0x85, 0x0f, 0x02, 0x00,
  0x15, 0x0f, 0x28, 0x02, 0x6d, 0x0f, 0x02, 0x00, 0xcd, 0x04, 0x50, 0x05, 0x04, 0xe0, 0x05, 0x0f,
  0x02, 0x00, 0xa5, 0x04, 0x90, 0x06, 0x0c, 0x08, 0x00, 0x04, 0xd8, 0x00, 0x04, 0x08, 0x00, 0x0c,
  0x20, 0x00, 0x0f, 0xf0, 0x00, 0x75, 0x0c, 0x98, 0x00, 0x04, 0x10, 0x00, 0x04, 0xb8, 0x00, 0x04,
  0x08, 0x00, 0x04, 0x18, 0x00, 0x04, 0x08, 0x00, 0x0f, 0xc0, 0x00, 0x5d, 0x04, 0x88, 0x00, 0x04,
  0x38, 0x02, 0x0f, 0x02, 0x00, 0xff, 0xa6, 0x0f, 0x58, 0x05, 0x6d, 0x04, 0xa0, 0x06, 0x04, 0x50,
  0x02, 0x04, 0x08, 0x00, 0x04, 0x18, 0x00, 0x04, 0x08, 0x00, 0x0f, 0x60, 0x02, 0x85, 0x04, 0xa0,
  0x00, 0x04, 0xb8, 0x00, 0x04, 0x08, 0x00, 0x04, 0x18, 0x00, 0x04, 0x08, 0x00, 0x0f, 0xc0, 0x00,
  0x85, 0x0f, 0x02, 0x00, 0x15, 0x0f, 0x28, 0x02, 0x6d, 0x0f, 0x02, 0x00, 0xcd, 0x04, 0x48, 0x05,
  0x04, 0x40, 0x02, 0x0f, 0x02, 0x00, 0xa5, 0x04, 0x90, 0x06, 0x0c, 0x08, 0x00, 0x04, 0xd8, 0x00,
  0x04, 0x08, 0x00, 0x0c, 0x20, 0x00, 0x0f, 0xf0, 0x00, 0x75, 0x0c, 0x98, 0x00, 0x04, 0x10, 0x00,
  0x04, 0xb8, 0x00, 0x04, 0x08, 0x00, 0x04, 0x18, 0x00, 0x04, 0x08, 0x00, 0x0f, 0xc0, 0x00, 0x5d,
  0x04, 0x88, 0x00, 0x04, 0x38, 0x02, 0x0f, 0x02, 0x00, 0xff, 0xa6, 0x0f, 0x58, 0x05, 0x6d, 0x04,
  0xa0, 0x06, 0x04, 0x50, 0x02, 0x04, 0x08, 0x00, 0x04, 0x18, 0x00, 0x04, 0x08, 0x00, 0x0f, 0x60,
  0x02, 0x85, 0x04, 0xa0, 0x00, 0x04, 0xb8, 0x00, 0x04, 0x08, 0x00, 0x04, 0x18, 0x00, 0x04, 0x08,
  0x00, 0x0f, 0xc0, 0x00, 0x85, 0x0f, 0x02, 0x00, 0x15, 0x0f, 0x28, 0x02, 0x6d, 0x0f, 0x02, 0x00,
  0xcd, 0x04, 0x48, 0x05, 0x04, 0x40, 0x02, 0x0f, 0x02, 0x00, 0xa5, 0x04, 0x90, 0x06, 0x0f, 0x08,
  0x00, 0x1d, 0x0f, 0xf0, 0x00, 0x75, 0x0f, 0xb8, 0x00, 0x1d, 0x04, 0x30, 0x00, 0x0f, 0xc0, 0x00,
  0x5d, 0x04, 0x28, 0x02, 0x04, 0x38, 0x02, 0x0f, 0x02, 0x00, 0xff, 0x9e, 0x04, 0x50, 0x05, 0x04,
  0x08, 0x00, 0x0f, 0x02, 0x00, 0x5d, 0x04, 0x98, 0x06, 0x04, 0x08, 0x00, 0x04, 0x50, 0x02, 0x04,
  0x08, 0x00, 0x04, 0x18, 0x00, 0x0c, 0x08, 0x00, 0x0f, 0xa8, 0x00, 0x5d, 0x0f, 0x02, 0x00, 0x05,
  0x0c, 0x98, 0x00, 0x04, 0xb8, 0x00, 0x04, 0x08, 0x00, 0x0c, 0x20, 0x00, 0x04, 0x10, 0x00, 0x0f,
  0x50, 0x00, 0x05, 0x0f, 0x02, 0x00, 0x8d, 0x04, 0x28, 0x02, 0x04, 0x08, 0x00, 0x0f, 0x02, 0x00,
  0xff, 0x3e, 0x04, 0x48, 0x05, 0x04, 0x40, 0x02, 0x0f, 0x02, 0x00, 0xa5, 0x04, 0x90, 0x06, 0x0f,
  0x08, 0x00, 0x1d, 0x0f, 0xf0, 0x00, 0x75, 0x0f, 0xb8, 0x00, 0x1d, 0x04, 0x30, 0x00, 0x0f, 0xc0,
  0x00, 0x5d, 0x04, 0x28, 0x02, 0x04, 0x38, 0x02, 0x0f, 0x02, 0x00, 0xff, 0x9e, 0x04, 0x48, 0x05,
  0x04, 0x08, 0x00, 0x0f, 0x02, 0x00, 0x5d, 0x04, 0x90, 0x06, 0x04, 0x08, 0x00, 0x04, 0x50, 0x02,
  0x04, 0x08, 0x00, 0x04, 0x18, 0x00, 0x0c, 0x08, 0x00, 0x0f, 0xa8, 0x00, 0x5d, 0x0f, 0x02, 0x00,
  0x05, 0x0c, 0x98, 0x00, 0x04, 0xb8, 0x00, 0x04, 0x08, 0x00, 0x0c, 0x20, 0x00, 0x04, 0x10, 0x00,
  0x0f, 0x50, 0x00, 0x05, 0x0f, 0x02, 0x00, 0x8d, 0x04, 0x28, 0x02, 0x04, 0x08, 0x00, 0x0f, 0x02,
  0x00, 0xff, 0x3e, 0x04, 0x48, 0x05, 0x04, 0x40, 0x02, 0x0f, 0x02, 0x00, 0xa5, 0x04, 0x90, 0x06,
  0x0f, 0x08, 0x00, 0x1d, 0x0f, 0xf0, 0x00, 0x75, 0x0f, 0xb8, 0x00, 0x1d, 0x04, 0x30, 0x00, 0x0f,
  0xc0, 0x00, 0x5d, 0x04, 0x28, 0x02, 0x04, 0x38, 0x02, 0x0f, 0x02, 0x00, 0xff, 0x9e, 0x04, 0x48,
  0x05, 0x04, 0xc8, 0x01, 0x0f, 0x02, 0x00, 0x5d, 0x04, 0x90, 0x06, 0x04, 0x08, 0x00, 0x04, 0x88,
  0x00, 0x04, 0x08, 0x00, 0x04, 0x18, 0x00, 0x0c, 0x08, 0x00, 0x0f, 0xa8, 0x00, 0x5d, 0x0f, 0x02,
  0x00, 0x05, 0x0c, 0x98, 0x00, 0x04, 0xb8, 0x00, 0x04, 0x08, 0x00, 0x0c, 0x20, 0x00, 0x04, 0x10,
  0x00, 0x0f, 0x50, 0x00, 0x05, 0x0f, 0x02, 0x00, 0x8d, 0x04, 0xd8, 0x00, 0x04, 0x38, 0x02, 0x0f,
  0x02, 0x00, 0xff, 0x3e, 0x04, 0x48, 0x05, 0x04, 0x68, 0x01, 0x0f, 0x02, 0x00, 0xa5, 0x04, 0x90,
  0x06, 0x0f, 0x08, 0x00, 0x1d, 0x0f, 0xf0, 0x00, 0x75, 0x0f, 0xb8, 0x00, 0x1d, 0x04, 0x30, 0x00,
  0x0f, 0xc0, 0x00, 0x5d, 0x04, 0x28, 0x02, 0x04, 0x38, 0x02, 0x0f, 0x02, 0x00, 0xff, 0x9e, 0x04,
  0x48, 0x05, 0x04, 0xc8, 0x01, 0x0f, 0x02, 0x00, 0x5d, 0x04, 0x90, 0x06, 0x04, 0x08, 0x00, 0x04,
  0x88, 0x00, 0x04, 0x08, 0x00, 0x04, 0x18, 0x00, 0x0c, 0x08, 0x00, 0x0f, 0xa8, 0x00, 0x5d, 0x0f,
  0x02, 0x00, 0x05, 0x0c, 0x98, 0x00, 0x04, 0xb8, 0x00, 0x04, 0x08, 0x00, 0x0c, 0x20, 0x00, 0x04,
  0x10, 0x00, 0x0f, 0x50, 0x00, 0x05, 0x0f, 0x02, 0x00, 0x8d, 0x04, 0xd8, 0x00, 0x04, 0x38, 0x02,
  0x0f, 0x02, 0x00, 0xff, 0x3e, 0x04, 0x48, 0x05, 0x04, 0x68, 0x01, 0x0f, 0x02, 0x00, 0xa5, 0x04,
  0x90, 0x06, 0x0f, 0x08, 0x00, 0x1d, 0x0f, 0xf0, 0x00, 0x75, 0x0f, 0xb8, 0x00, 0x1d, 0x04, 0x30,
  0x00, 0x0f, 0xc0, 0x00, 0x5d, 0x04, 0x28, 0x02, 0x04, 0x38, 0x02, 0x0f, 0x02, 0x00, 0xff, 0x9e,
  0x04, 0x48, 0x05, 0x04, 0xc8, 0x01, 0x0f, 0x02, 0x00, 0x5d, 0x04, 0x90, 0x06, 0x0f, 0x08, 0x00,
  0x1d, 0x0f, 0xa8, 0x00, 0x5d, 0x0f, 0x02, 0x00, 0x05, 0x0f, 0xb8, 0x00, 0x1d, 0x04, 0x30, 0x00,
  0x0f, 0x50, 0x00, 0x05, 0x0f, 0x02, 0x00, 0x8d, 0x04, 0x28, 0x02, 0x04, 0x38, 0x02, 0x0f, 0x02,
  0x00, 0xff, 0x3e, 0x04, 0x48, 0x05, 0x04, 0x68, 0x01, 0x0f, 0x02, 0x00, 0xa5, 0x04, 0x90, 0x06,
  0x0f, 0x08, 0x00, 0x1d, 0x0f, 0xf0, 0x00, 0x75, 0x0f, 0xb8, 0x00, 0x1d, 0x04, 0x30, 0x00, 0x0f,
  0xc0, 0x00, 0x5d, 0x04, 0x28, 0x02, 0x04, 0x38, 0x02, 0x0f, 0x02, 0x00, 0xff, 0x9e, 0x04, 0x48,
  0x05, 0x04, 0xc8, 0x01, 0x0f, 0x02, 0x00, 0x5d, 0x04, 0x90, 0x06, 0x0f, 0x08, 0x00, 0x1d, 0x0f,
  0xa8, 0x00, 0x5d, 0x0f, 0x02, 0x00, 0x05, 0x0f, 0xb8, 0x00, 0x1d, 0x04, 0x30, 0x00, 0x0f, 0x50,
  0x00, 0x05, 0x0f, 0x02, 0x00, 0x8d, 0x04, 0x28, 0x02, 0x04, 0x38, 0x02, 0x0f, 0x02, 0x00, 0xff,
  0x3e, 0x04, 0x48, 0x05, 0x04, 0x68, 0x01, 0x0f, 0x02, 0x00, 0xa5, 0x04, 0x90, 0x06, 0x0f, 0x08,
  0x00, 0x1d, 0x0f, 0xf0, 0x00, 0x75, 0x0f, 0xb8, 0x00, 0x1d, 0x04, 0x30, 0x00, 0x0f, 0xc0, 0x00,
  0x65, 0x04, 0x38, 0x02, 0x0f, 0x02, 0x00, 0xff, 0x9e, 0x04, 0x48, 0x05, 0x0f, 0xf0, 0x03, 0x65,
  0x04, 0x90, 0x06, 0x0f, 0x08, 0x00, 0x1d, 0x0f, 0x68, 0x02, 0x75, 0x0f, 0xb8, 0x00, 0x1d, 0x04,
  0x30, 0x00, 0x0f, 0xc0, 0x00, 0x75, 0x0f, 0x02, 0x00, 0x1d, 0x04, 0x28, 0x02, 0x04, 0x38, 0x02,
  0x0f, 0x02, 0x00, 0xff, 0x3e, 0x04, 0x48, 0x05, 0x04, 0x68, 0x01, 0x0f, 0x02, 0x00, 0xa5, 0x04,
  0x90, 0x06, 0x0f, 0x08, 0x00, 0x1d, 0x0f, 0xf0, 0x00, 0x75, 0x0f, 0xb8, 0x00, 0x1d, 0x04, 0x30,
  0x00, 0x0f, 0xc0, 0x00, 0x65, 0x04, 0x38, 0x02, 0x0f, 0x02, 0x00, 0xff, 0x9e, 0x04, 0x48, 0x05,
  0x0f, 0xf0, 0x03, 0x65, 0x04, 0x90, 0x06, 0x0f, 0x08, 0x00, 0x1d, 0x0f, 0x68, 0x02, 0x75, 0x0f,
  0xb8, 0x00, 0x1d, 0x04, 0x30, 0x00, 0x0f, 0xc0, 0x00, 0x75, 0x0f, 0x02, 0x00, 0x1d, 0x04, 0x28,
  0x02, 0x04, 0x38, 0x02, 0x0f, 0x02, 0x00, 0xff, 0x3e, 0x0f, 0x48, 0x05, 0xbd, 0x04, 0x98, 0x06,
  0x0f, 0x08, 0x00, 0x0d, 0x0f, 0x48, 0x02, 0x85, 0x0f, 0xb8, 0x00, 0x0d, 0x04, 0x20, 0x00, 0x0f,
  0xc0, 0x00, 0x6d, 0x0f, 0x38, 0x02, 0xbd, 0x0f, 0x02, 0x00, 0xd5, 0x04, 0x48, 0x05, 0x04, 0x58,
  0x05, 0x0f, 0x02, 0x00, 0x5d, 0x04, 0x90, 0x06, 0x0f, 0x08, 0x00, 0x1d, 0x0f, 0xa8, 0x00, 0x5d,
  0x0f, 0x02, 0x00, 0x05, 0x0f, 0xb8, 0x00, 0x1d, 0x04, 0x30, 0x00, 0x0f, 0x50, 0x00, 0x05, 0x0f,
  0x02, 0x00, 0x8d, 0x04, 0x28, 0x02, 0x04, 0x38, 0x02, 0x0f, 0x02, 0x00, 0xff, 0x3e, 0x0f, 0x48,
  0x05, 0xbd, 0x04, 0xa0, 0x06, 0x0f, 0x08, 0x00, 0x0d, 0x0f, 0x48, 0x02, 0x85, 0x0f, 0xb8, 0x00,
  0x0d, 0x04, 0x20, 0x00, 0x0f, 0xc0, 0x00, 0x6d, 0x0f, 0x38, 0x02, 0xbd, 0x0f, 0x02, 0x00, 0xd5,
  0x04, 0x48, 0x05, 0x04, 0x58, 0x05, 0x0f, 0x02, 0x00, 0x5d, 0x04, 0x90, 0x06, 0x0f, 0x08, 0x00,
  0x1d, 0x0f, 0xa8, 0x00, 0x5d, 0x0f, 0x02, 0x00, 0x05, 0x0f, 0xb8, 0x00, 0x1d, 0x04, 0x30, 0x00,
  0x0f, 0x50, 0x00, 0x05, 0x0f, 0x02, 0x00, 0x8d, 0x04, 0x28, 0x02, 0x04, 0x38, 0x02, 0x0f, 0x02,
  0x00, 0xff, 0x3e, 0x0f, 0x48, 0x05, 0xbd, 0x04, 0xa0, 0x06, 0x0f, 0x08, 0x00, 0x0d, 0x0f, 0x48,
  0x02, 0x85, 0x0f, 0xb8, 0x00, 0x0d, 0x04, 0x20, 0x00, 0x0f, 0xc0, 0x00, 0x6d, 0x04, 0x38, 0x02,
  0x39, 0x30, 0xbe, 0x6a, 0x04, 0x00, 0x0f, 0x98, 0x00, 0x6d, 0x0f, 0x02, 0x00, 0xff, 0x0e, 0x0f,
  0x48, 0x05, 0x6d, 0x04, 0x90, 0x06, 0x0f, 0x08, 0x00, 0x1d, 0x0f, 0xd8, 0x01, 0x75, 0x0f, 0xb8,
  0x00, 0x1d, 0x04, 0x30, 0x00, 0x0f, 0xc0, 0x00, 0x75, 0x0f, 0x02, 0x00, 0x1d, 0x0f, 0x80, 0x07,
  0xff, 0xff, 0xff, 0xff, 0xff, 0xff, 0xff, 0xff, 0xcd, 0x08, 0xb4, 0x0c, 0x0f, 0xb8, 0x0c, 0xc1,
  0x04, 0x28, 0x0e, 0x0c, 0x08, 0x00, 0x0f, 0x00, 0x0a, 0x1d, 0x0f, 0x02, 0x00, 0x65, 0x0c, 0xb8,
  0x00, 0x04, 0x10, 0x00, 0x0f, 0x90, 0x00, 0x65, 0x04, 0x02, 0x00, 0x0c, 0x38, 0x02, 0x0f, 0x10,
  0x00, 0x05, 0x04, 0x30, 0x00, 0x0f, 0x02, 0x00, 0xff, 0x7e, 0x0f, 0x00, 0x0f, 0x6d, 0x04, 0x02,
  0x00, 0x04, 0x18, 0x0e, 0x0f, 0x08, 0x00, 0x0d, 0x04, 0x30, 0x00, 0x0f, 0x02, 0x00, 0x7d, 0x0f,
  0xb8, 0x00, 0x0d, 0x04, 0x20, 0x00, 0x0f, 0xb8, 0x00, 0x7d, 0x0f, 0x02, 0x00, 0x25, 0x0f, 0x38,
  0x02, 0x75, 0x0f, 0x02, 0x00, 0xb5, 0x0c, 0x38, 0x05, 0x0f, 0xd8, 0x00, 0xb5, 0x04, 0x02, 0x00,
  0x04, 0xb0, 0x06, 0x0c, 0x08, 0x00, 0x04, 0x20, 0x00, 0x0f, 0x02, 0x00, 0x8d, 0x0c, 0xb8, 0x00,
  0x04, 0x10, 0x00, 0x0f, 0xb8, 0x00, 0x6d, 0x0c, 0x38, 0x02, 0x0f, 0x10, 0x00, 0x05, 0x0f, 0xa8,
  0x00, 0x6d, 0x0f, 0x02, 0x00, 0xff, 0x06, 0x0f, 0x48, 0x05, 0x75, 0x04, 0xa0, 0x06, 0x0f, 0x08,
  0x00, 0x0d, 0x0f, 0xc8, 0x01, 0x85, 0x0f, 0xb8, 0x00, 0x0d, 0x04, 0x20, 0x00, 0x0f, 0xc0, 0x00,
  0x85, 0x0f, 0x02, 0x00, 0x1d, 0x0f, 0x38, 0x02, 0x75, 0x0f, 0x02, 0x00, 0xad, 0x0f, 0x30, 0x05,
  0x05, 0x04, 0x18, 0x00, 0x0f, 0xe0, 0x00, 0xad, 0x0c, 0x02, 0x00, 0x0f, 0xb8, 0x06, 0x75, 0x0f,
  0x02, 0x00, 0x25, 0x0f, 0xc0, 0x00, 0x6d, 0x04, 0x18, 0x02, 0x0f, 0x08, 0x00, 0x25, 0x0f, 0xf8,
  0x00, 0x25, 0x0f, 0x02, 0x00, 0x2d, 0x3f, 0x32, 0x32, 0xac, 0x04, 0x00, 0x02, 0x0f, 0x58, 0x00,
  0x2d, 0x0f, 0x02, 0x00, 0xa5, 0x04, 0x40, 0x05, 0x04, 0x08, 0x00, 0x0f, 0x02, 0x00, 0x6d, 0x04,
  0xa0, 0x06, 0x0f, 0x08, 0x00, 0x0d, 0x0f, 0xa8, 0x00, 0x6d, 0x0f, 0x02, 0x00, 0x05, 0x0f, 0xb8,
  0x00, 0x0d, 0x04, 0x20, 0x00, 0x0f, 0x40, 0x00, 0x05, 0x0f, 0x02, 0x00, 0x9d, 0x0f, 0x38, 0x02,
  0x75, 0x0f, 0x02, 0x00, 0xad, 0x0f, 0x48, 0x05, 0x0d, 0x0f, 0xe0, 0x00, 0xad, 0x0c, 0x02, 0x00,
  0x0f, 0xc0, 0x06, 0x6d, 0x0f, 0x02, 0x00, 0x2d, 0x0f, 0xc0, 0x00, 0x6d, 0x0f, 0x30, 0x02, 0x0d,
  0x0f, 0x20, 0x00, 0x0d, 0x0f, 0x00, 0x01, 0x2d, 0x0f, 0x02, 0x00, 0x25, 0x0f, 0x7c, 0x07, 0x01,
  0x0f, 0x80, 0x07, 0xff, 0xff, 0xff, 0xff, 0x6d, 0x0f, 0x28, 0x05, 0x0d, 0x0f, 0x20, 0x00, 0x05,
  0x0f, 0x00, 0x05, 0x25, 0x0f, 0x02, 0x00, 0xff, 0xa6, 0x0f, 0x08, 0x02, 0x05, 0x0f, 0x18, 0x00,
  0x25, 0x0f, 0x08, 0x02, 0x5d, 0x0f, 0x78, 0x07, 0x05, 0x0f, 0x18, 0x00, 0x0d, 0x0f, 0xa8, 0x00,
  0x45, 0x0f, 0x78, 0x00, 0x05, 0x0f, 0x70, 0x00, 0x45, 0x0f, 0x02, 0x00, 0x05, 0x04, 0xc0, 0x0c,
  0x04, 0xd0, 0x2a, 0x0f, 0x02, 0x00, 0x75, 0x04, 0x28, 0x0e, 0x0c, 0x08, 0x00, 0x0f, 0xa0, 0x00,
  0x75, 0x0f, 0x02, 0x00, 0x0d, 0x0c, 0xb8, 0x00, 0x04, 0x10, 0x00, 0x0f, 0x38, 0x00, 0x0d, 0x0f,
  0x02, 0x00, 0x9d, 0x04, 0x40, 0x02, 0x0f, 0x02, 0x00, 0xff, 0x26, 0x0f, 0x40, 0x05, 0x95, 0x0f,
  0x02, 0x00, 0xff, 0x6e, 0x0f, 0x28, 0x02, 0x25, 0x0f, 0x38, 0x00, 0x05, 0x0f, 0xd0, 0x01, 0x5d,
  0x0f, 0xf0, 0x06, 0x05, 0x0f, 0x18, 0x00, 0x0d, 0x0f, 0xa8, 0x00, 0x45, 0x0f, 0x78, 0x00, 0x05,
  0x0f, 0x70, 0x00, 0x45, 0x0f, 0x02, 0x00, 0x05, 0x04, 0x40, 0x05, 0x0f, 0x80, 0x07, 0xff, 0xff,
  0xff, 0xa0, 0x04, 0x58, 0x05, 0x0f, 0xd8, 0x03, 0x05, 0x0f, 0x02, 0x00, 0xff, 0xae, 0x04, 0xe0,
  0x01, 0x0f, 0x08, 0x00, 0x45, 0x0f, 0x20, 0x02, 0x4d, 0x0f, 0xe0, 0x06, 0x05, 0x0f, 0x18, 0x00,
  0x25, 0x0f, 0xb0, 0x00, 0x25, 0x0f, 0x70, 0x00, 0x5d, 0x0f, 0x02, 0x00, 0x1d, 0x0f, 0x80, 0x07,
  0x85, 0x04, 0x02, 0x00, 0x0f, 0x38, 0x0e, 0xad, 0x0f, 0xc0, 0x00, 0xad, 0x0f, 0x02, 0x00, 0x0d,
  0x04, 0x40, 0x02, 0x0f, 0x02, 0x00, 0xff, 0x26, 0x0f, 0x60, 0x05, 0x2d, 0x0f, 0x78, 0x01, 0xff,
  0x26, 0x0f, 0x02, 0x00, 0x8d, 0x0f, 0x18, 0x02, 0x2d, 0x0f, 0x40, 0x00, 0x0d, 0x0f, 0x00, 0x01,
  0x4d, 0x0f, 0xf8, 0x06, 0x25, 0x0f, 0x38, 0x00, 0x05, 0x0f, 0xb0, 0x00, 0x25, 0x0f, 0x50, 0x00,
  0x05, 0x0f, 0x18, 0x00, 0x0d, 0x0f, 0x70, 0x00, 0x25, 0x0f, 0x02, 0x00, 0x1d, 0x04, 0x40, 0x05,
  0x0f, 0x00, 0x0f, 0x7d, 0x04, 0x02, 0x00, 0x0f, 0xc0, 0x06, 0xad, 0x0f, 0xc0, 0x00, 0xad, 0x0f,
  0x02, 0x00, 0x0d, 0x04, 0x40, 0x02, 0x0f, 0x02, 0x00, 0xff, 0x26, 0x0f, 0x28, 0x05, 0x0d, 0x0f,
  0x20, 0x00, 0x15, 0x0f, 0x80, 0x01, 0xff, 0x26, 0x0f, 0x02, 0x00, 0x75, 0x0f, 0xe8, 0x01, 0x15,
  0x0f, 0x28, 0x00, 0x3d, 0x0f, 0x00, 0x01, 0x3d, 0x0f, 0xd8, 0x06, 0x0d, 0x0f, 0x20, 0x00, 0x2d,
  0x0f, 0xb0, 0x00, 0x0d, 0x0f, 0x60, 0x00, 0x2d, 0x0c, 0x40, 0x00, 0x0f, 0x70, 0x00, 0x0d, 0x0f,
  0x02, 0x00, 0x25, 0x39, 0xba, 0x7b, 0xd7, 0x04, 0x00, 0x0f, 0x80, 0x07, 0x85, 0x0f, 0x02, 0x00,
  0xff, 0x8e, 0x08, 0x44, 0x02, 0x08, 0x0c, 0x00, 0x0f, 0xb8, 0x01, 0xff, 0x16, 0x0f, 0x50, 0x05,
  0x35, 0x0f, 0x70, 0x01, 0xff, 0x16, 0x0f, 0x02, 0x00, 0x85, 0x0f, 0x08, 0x02, 0x35, 0x0f, 0x48,
  0x00, 0x1d, 0x0f, 0x10, 0x01, 0x3d, 0x0c, 0xc0, 0x06, 0x0f, 0x10, 0x00, 0x3d, 0x0f, 0xb0, 0x00,
  0x0d, 0x0f, 0x70, 0x00, 0x5d, 0x0f, 0x02, 0x00, 0x25, 0x08, 0x2c, 0x05, 0x0f, 0x80, 0x07, 0xff,
  0xff, 0xff, 0x64, 0x0f, 0x28, 0x05, 0x1d, 0x0f, 0x30, 0x00, 0x1d, 0x0f, 0x18, 0x04, 0x25, 0x0f,
  0x02, 0x00, 0xff, 0x56, 0x0f, 0xd0, 0x01, 0x1d, 0x0f, 0x30, 0x00, 0x45, 0x0f, 0xf0, 0x01, 0x35,
  0x0f, 0xf8, 0x06, 0x3d, 0x0f, 0x50, 0x00, 0x0d, 0x04, 0xb8, 0x00, 0x0f, 0x28, 0x00, 0x0d, 0x04,
  0x20, 0x00, 0x3f, 0x63, 0x57, 0xd9, 0x04, 0x00, 0x0a, 0x04, 0x28, 0x00, 0x0f, 0x08, 0x00, 0x05,
  0x04, 0x70, 0x00, 0x0f, 0x02, 0x00, 0x2d, 0x0c, 0x78, 0x07, 0x0f, 0x10, 0x00, 0x05, 0x0f, 0x68,
  0x00, 0x2d, 0x0f, 0x02, 0x00, 0xff, 0xc6, 0x0f, 0x30, 0x02, 0x05, 0x0f, 0x18, 0x00, 0x05, 0x0f,
  0x08, 0x02, 0xff, 0x06, 0x0f, 0x50, 0x05, 0x45, 0x04, 0x58, 0x00, 0x0f, 0x78, 0x01, 0xff, 0x06,
  0x0f, 0x02, 0x00, 0x75, 0x04, 0xa8, 0x01, 0x0f, 0x08, 0x00, 0x6d, 0x0f, 0x10, 0x01, 0x35, 0x0f,
  0xb8, 0x06, 0x05, 0x0f, 0x18, 0x00, 0x45, 0x04, 0xb8, 0x00, 0x0f, 0x60, 0x00, 0x15, 0x0f, 0x7c,
  0x07, 0x09, 0x0f, 0x80, 0x07, 0xff, 0xff, 0xff, 0xff, 0x45, 0x04, 0xd8, 0x05, 0x04, 0xa8, 0x04,
  0x0f, 0x02, 0x00, 0xff, 0x6e, 0x04, 0x90, 0x01, 0x0f, 0x08, 0x00, 0x75, 0x0f, 0x10, 0x02, 0x35,
  0x0f, 0x00, 0x07, 0x15, 0x0f, 0x28, 0x00, 0x65, 0x0f, 0x78, 0x07, 0x0d, 0x0c, 0x20, 0x00, 0x0f,
  0xa8, 0x00, 0x0d, 0x0f, 0x38, 0x01, 0x25, 0x0f, 0xa0, 0x0c, 0x05, 0x0f, 0x18, 0x00, 0x15, 0x0f,
  0x78, 0x00, 0x25, 0x0f, 0x02, 0x00, 0xff, 0xa6, 0x0f, 0x18, 0x02, 0x15, 0x0f, 0x28, 0x00, 0x15,
  0x0f, 0x08, 0x02, 0xfd, 0x0f, 0x88, 0x05, 0x55, 0x0f, 0x78, 0x01, 0xfd, 0x0f, 0x02, 0x00, 0x65,
  0x0f, 0xf0, 0x01, 0x55, 0x0f, 0x68, 0x00, 0x15, 0x0f, 0x08, 0x01, 0x35, 0x0f, 0xb0, 0x06, 0x0d,
  0x0f, 0x20, 0x00, 0x6d, 0x0c, 0x60, 0x07, 0x0f, 0x10, 0x00, 0x0d, 0x0f, 0xb0, 0x00, 0x0d, 0x0f,
  0x38, 0x01, 0x25, 0x0f, 0x28, 0x05, 0x15, 0x0f, 0x28, 0x00, 0x05, 0x0f, 0x78, 0x00, 0x25, 0x0f,
  0x02, 0x00, 0xff, 0xa6, 0x0f, 0x08, 0x02, 0x05, 0x0f, 0x18, 0x00, 0x25, 0x0f, 0x08, 0x02, 0xff,
  0x06, 0x0f, 0x30, 0x05, 0x15, 0x0f, 0x28, 0x00, 0x35, 0x0f, 0x88, 0x01, 0xff, 0x06, 0x0f, 0x02,
  0x00, 0x35, 0x0f, 0xa8, 0x01, 0x35, 0x0f, 0x48, 0x00, 0x45, 0x0f, 0xe8, 0x00, 0x35, 0x04, 0x02,
  0x00, 0x0f, 0xb0, 0x06, 0x0d, 0x0f, 0x20, 0x00, 0x5d, 0x0f, 0x60, 0x07, 0x1d, 0x0f, 0x30, 0x00,
  0x05, 0x0f, 0xb8, 0x00, 0x05, 0x04, 0xf8, 0x00, 0x0f, 0x02, 0x00, 0x1d, 0x0f, 0x38, 0x05, 0x25,
  0x0f, 0x38, 0x00, 0x05, 0x0f, 0x80, 0x00, 0x1d, 0x0f, 0x02, 0x00, 0xff, 0x8e, 0x0f, 0xe8, 0x01,
  0x05, 0x0f, 0x18, 0x00, 0x35, 0x0f, 0x00, 0x02, 0xff, 0x06, 0x0f, 0x68, 0x05, 0x45, 0x0f, 0x58,
  0x00, 0x05, 0x0f, 0x88, 0x01, 0xff, 0x06, 0x0f, 0x02, 0x00, 0x35, 0x0f, 0x78, 0x01, 0x05, 0x0f,
  0x18, 0x00, 0x75, 0x0f, 0xe8, 0x00, 0x35, 0x04, 0x02, 0x00, 0x0f, 0xa8, 0x06, 0x05, 0x0f, 0x18,
  0x00, 0x65, 0x0f, 0x50, 0x07, 0x05, 0x04, 0x18, 0x00, 0x0c, 0x98, 0x00, 0x04, 0x18, 0x00, 0x0c,
  0x08, 0x00, 0x0c, 0x28, 0x00, 0x04, 0x10, 0x00, 0x04, 0xf8, 0x00, 0x0f, 0x02, 0x00, 0x1d, 0x0f,
  0x48, 0x05, 0x35, 0x04, 0x48, 0x00, 0x0f, 0x80, 0x00, 0x1d, 0x0f, 0x02, 0x00, 0xff, 0x8e, 0x04,
  0xd8, 0x01, 0x0f, 0x08, 0x00, 0x45, 0x0f, 0x00, 0x02, 0xff, 0x06, 0x0f, 0xb0, 0x84, 0x05, 0x0f,
  0xb0, 0x05, 0x55, 0x0f, 0x98, 0x01, 0x9d, 0x7f, 0x9a, 0xc3, 0xee, 0xff, 0x9a, 0xc3, 0xee, 0xb7,
  0x00, 0x26, 0x0f, 0x40, 0x00, 0x2d, 0x0c, 0x02, 0x00, 0x0f, 0xa8, 0x01, 0x55, 0x0f, 0x68, 0x00,
  0x25, 0x04, 0xb0, 0x00, 0x04, 0x60, 0x3a, 0x04, 0x70, 0x02, 0x0f, 0x02, 0x00, 0x35, 0x04, 0x98,
  0x06, 0x0f, 0x08, 0x00, 0x75, 0x0f, 0x48, 0x07, 0x15, 0x0c, 0xb0, 0x00, 0x0f, 0x38, 0x00, 0x15,
  0x0f, 0x38, 0x01, 0x25, 0x0f, 0x58, 0x05, 0x45, 0x04, 0x58, 0x00, 0x0f, 0x98, 0x00, 0x25, 0x0f,
  0x02, 0x00, 0xff, 0x66, 0x04, 0xb8, 0x01, 0x0f, 0x08, 0x00, 0x55, 0x0f, 0xe8, 0x01, 0xff, 0x06,
  0x04, 0x10, 0x05, 0x0f, 0x60, 0x05, 0x25, 0x0f, 0x38, 0x00, 0x2d, 0x0f, 0x98, 0x01, 0x9d, 0x0f,
  0x40, 0x07, 0x2d, 0x0f, 0x40, 0x00, 0x2d, 0x0c, 0x02, 0x00, 0x0f, 0x80, 0x01, 0x2d, 0x0f, 0x40,
  0x00, 0x4d, 0x04, 0xb0, 0x00, 0x0f, 0x80, 0x07, 0xff, 0xff, 0xff, 0xff, 0xff, 0x12, 0x04, 0x02,
  0x00, 0x0f, 0x90, 0x05, 0x4d, 0x0f, 0x60, 0x00, 0x0d, 0x04, 0x88, 0x00, 0x0f, 0x02, 0x00, 0x85,
  0x0f, 0x40, 0x07, 0x0d, 0x0f, 0x20, 0x00, 0x2d, 0x0f, 0x02, 0x00, 0x05, 0x0f, 0x38, 0x01, 0x0d,
  0x0f, 0x20, 0x00, 0x75, 0x04, 0xc0, 0x00, 0x04, 0x70, 0x07, 0x0c, 0x02, 0x00, 0x04, 0xf0, 0x09,
  0x0f, 0x02, 0x00, 0x35, 0x0c, 0x48, 0x0e, 0x0f, 0x10, 0x00, 0xa5, 0x0f, 0x00, 0x0f, 0xad, 0x0f,
  0x48, 0x0d, 0x05, 0x0f, 0xe8, 0x01, 0x35, 0x0f, 0x02, 0x00, 0xff, 0x26, 0x0f, 0x98, 0x01, 0x05,
  0x0f, 0x18, 0x00, 0x65, 0x0f, 0xc8, 0x01, 0xfd, 0x0c, 0x10, 0x05, 0x0f, 0xc8, 0x05, 0x6d, 0x0f,
  0xa0, 0x01, 0x8d, 0x0f, 0x60, 0x07, 0x2d, 0x0f, 0x40, 0x00, 0x0d, 0x0f, 0x02, 0x00, 0x05, 0x0f,
  0x98, 0x01, 0x6d, 0x0f, 0x80, 0x00, 0x15, 0x04, 0xc0, 0x00, 0x0f, 0x80, 0x07, 0xff, 0xff, 0xff,
  0xff, 0xff, 0x12, 0x04, 0x78, 0x07, 0x0f, 0x28, 0x05, 0x05, 0x0f, 0x70, 0x05, 0x15, 0x0f, 0x28,
  0x00, 0x45, 0x04, 0xc8, 0x05, 0x0f, 0x02, 0x00, 0x85, 0x0c, 0x48, 0x07, 0x0f, 0x10, 0x00, 0x1d,
  0x0f, 0x02, 0x00, 0x0d, 0x0f, 0x58, 0x01, 0x45, 0x0f, 0x58, 0x00, 0x3d, 0x0f, 0xc8, 0x00, 0x05,
  0x0f, 0x58, 0x02, 0x05, 0x04, 0x18, 0x00, 0x04, 0x80, 0x02, 0x0f, 0x02, 0x00, 0x2d, 0x0f, 0xf0,
  0x0e, 0xa5, 0x0c, 0xb8, 0x00, 0x0f, 0x00, 0x0f, 0x4d, 0x04, 0x28, 0x5f, 0x0f, 0xf8, 0x0c, 0x65,
  0x04, 0x78, 0x00, 0x0f, 0xf0, 0x01, 0x2d, 0x0f, 0x02, 0x00, 0x25, 0x22, 0xa0, 0x85, 0x04, 0x00,
  0x0f, 0x02, 0x00, 0x25, 0x0f, 0x40, 0x00, 0x2d, 0x0f, 0x02, 0x00, 0x55, 0x04, 0x68, 0x01, 0x0f,
  0x08, 0x00, 0x85, 0x0f, 0x08, 0x01, 0x55, 0x0f, 0x02, 0x00, 0x8d, 0x04, 0x00, 0x05, 0x04, 0x10,
  0x05, 0x0c, 0x02, 0x00, 0x0f, 0xa8, 0x05, 0x3d, 0x0f, 0x50, 0x00, 0x1d, 0x0c, 0x90, 0x00, 0x0f,
  0x02, 0x00, 0x7d, 0x0f, 0x70, 0x07, 0x1d, 0x0c, 0x30, 0x00, 0x0f, 0x02, 0x00, 0x0d, 0x0f, 0x30,
  0x01, 0x1d, 0x0f, 0x30, 0x00, 0x65, 0x0f, 0xc8, 0x00, 0x05, 0x0f, 0x58, 0x02, 0x05, 0x04, 0x18,
  0x00, 0x04, 0x80, 0x02, 0x0f, 0x02, 0x00, 0x2d, 0x0c, 0xc8, 0x06, 0x0f, 0x10, 0x00, 0xa5, 0x0f,
  0x80, 0x07, 0xff, 0xff, 0xff, 0xe8, 0x0f, 0x02, 0x00, 0x0d, 0x0f, 0xd8, 0x05, 0x65, 0x0c, 0x78,
  0x00, 0x0f, 0xa8, 0x00, 0x0d, 0x0f, 0x02, 0x00, 0x65, 0x0f, 0x58, 0x07, 0x0d, 0x0f, 0x20, 0x00,
  0x0d, 0x04, 0x02, 0x00, 0x0c, 0xf0, 0x00, 0x0f, 0x10, 0x00, 0x7d, 0x04, 0xa8, 0x00, 0x0f, 0x02,
  0x00, 0x15, 0x04, 0x68, 0x07, 0x0f, 0x02, 0x00, 0x05, 0x0f, 0x80, 0x07, 0xff, 0x56, 0x04, 0xf8,
  0x0e, 0x04, 0x08, 0x00, 0x04, 0x02, 0x00, 0x0f, 0x20, 0x0d, 0x7d, 0x04, 0x98, 0x00, 0x0f, 0x02,
  0x00, 0x45, 0x0f, 0xc0, 0x0e, 0x0d, 0x0f, 0x20, 0x00, 0x2d, 0x0f, 0x02, 0x00, 0x5d, 0x0f, 0xc0,
  0x01, 0x7d, 0x0f, 0x90, 0x00, 0x0d, 0x0f, 0x20, 0x01, 0x5d, 0x0f, 0x02, 0x00, 0x8d, 0x0f, 0x00,
  0x05, 0x15, 0x0f, 0x08, 0x06, 0x75, 0x0f, 0x50, 0x01, 0x85, 0x0f, 0x60, 0x07, 0x0d, 0x0f, 0x20,
  0x00, 0x0d, 0x04, 0x02, 0x00, 0x0f, 0x68, 0x01, 0x75, 0x0f, 0x88, 0x00, 0x05, 0x04, 0xa8, 0x00,
  0x0f, 0x02, 0x00, 0x15, 0x0f, 0x80, 0x07, 0xff, 0xff, 0xff, 0xff, 0xff, 0x0a, 0x04, 0x78, 0x07,
  0x0f, 0x20, 0x05, 0x0d, 0x0f, 0x02, 0x00, 0x05, 0x0f, 0xa0, 0x05, 0x05, 0x0f, 0x18, 0x00, 0x5d,
  0x0f, 0xa0, 0x00, 0x05, 0x0f, 0x02, 0x00, 0x95, 0x0f, 0x30, 0x01, 0x5d, 0x0f, 0x70, 0x00, 0x1d,
  0x0f, 0x48, 0x01, 0x2d, 0x0f, 0x60, 0x02, 0x0d, 0x04, 0x20, 0x00, 0x04, 0x90, 0x02, 0x0f, 0x02,
  0x00, 0x25, 0x0f, 0x70, 0x16, 0xa5, 0x04, 0xb8, 0x00, 0x0c, 0x78, 0x16, 0x04, 0x10, 0x00, 0x04,
  0x20, 0x00, 0x0c, 0x08, 0x00, 0x0f, 0x28, 0x01, 0x1d, 0x04, 0xf8, 0x0e, 0x04, 0x70, 0x01, 0x0c,
  0x02, 0x00, 0x04, 0x18, 0x00, 0x0f, 0xc0, 0x0c, 0x0d, 0x0f, 0x20, 0x00, 0x65, 0x0c, 0xb0, 0x00,
  0x0f, 0x02, 0x00, 0x2d, 0x0c, 0xe8, 0x0e, 0x0f, 0x10, 0x00, 0x1d, 0x0f, 0x02, 0x00, 0x65, 0x0f,
  0x80, 0x01, 0x65, 0x0f, 0x78, 0x00, 0x2d, 0x04, 0x80, 0x02, 0x0f, 0x02, 0x00, 0xf5, 0x04, 0xf0,
  0x04, 0x04, 0x78, 0x03, 0x0f, 0x02, 0x00, 0x1d, 0x0f, 0xc8, 0x05, 0x1d, 0x0f, 0x30, 0x00, 0x45,
  0x0f, 0xb8, 0x00, 0x1d, 0x0f, 0x02, 0x00, 0x7d, 0x0f, 0x18, 0x01, 0x45, 0x0f, 0x58, 0x00, 0x35,
  0x0f, 0x30, 0x01, 0x2d, 0x0f, 0x60, 0x02, 0x0d, 0x04, 0x20, 0x00, 0x04, 0x90, 0x02, 0x0f, 0x02,
  0x00, 0x25, 0x0c, 0xa0, 0x06, 0x0f, 0x10, 0x00, 0x9d, 0x04, 0x70, 0x07, 0x0c, 0x08, 0x00, 0x0f,
  0xc8, 0x00, 0x05, 0x0f, 0x28, 0x01, 0x1d, 0x04, 0x00, 0x05, 0x04, 0x70, 0x01, 0x0c, 0x02, 0x00,
  0x04, 0x18, 0x00, 0x0f, 0x68, 0x05, 0x2d, 0x0f, 0x40, 0x00, 0x45, 0x0c, 0xb0, 0x00, 0x0f, 0x02,
  0x00, 0x2d, 0x0f, 0x70, 0x07, 0x1d, 0x0c, 0x30, 0x00, 0x0f, 0x02, 0x00, 0x65, 0x0f, 0x60, 0x01,
  0x45, 0x0f, 0x58, 0x00, 0x4d, 0x04, 0x80, 0x02, 0x0f, 0x02, 0x00, 0xdd, 0x39, 0xf8, 0xbe, 0xb8,
  0x04, 0x00, 0x04, 0x00, 0x01, 0x0f, 0xf0, 0x04, 0x2d, 0x04, 0x02, 0x00, 0x0f, 0xe8, 0x05, 0x35,
  0x0f, 0x48, 0x00, 0x3d, 0x04, 0xa0, 0x00, 0x0f, 0x02, 0x00, 0x7d, 0x0f, 0xe8, 0x00, 0x3d, 0x0f,
  0x50, 0x00, 0x3d, 0x0f, 0x30, 0x01, 0x3d, 0x04, 0xd8, 0x05, 0x0f, 0x02, 0x00, 0x0d, 0x0f, 0x90,
  0x02, 0x35, 0x0f, 0xb0, 0x06, 0x05, 0x0f, 0x18, 0x00, 0x85, 0x0c, 0x70, 0x07, 0x04, 0x10, 0x00,
  0x0f, 0xb0, 0x00, 0x0d, 0x0f, 0x50, 0x01, 0x0d, 0x0c, 0x02, 0x00, 0x0f, 0x00, 0x05, 0x0d, 0x0f,
  0xa8, 0x01, 0x05, 0x0f, 0x98, 0x05, 0x4d, 0x0f, 0x60, 0x00, 0x35, 0x0c, 0xf0, 0x00, 0x0f, 0x02,
  0x00, 0x15, 0x0f, 0x58, 0x07, 0x0d, 0x0f, 0x20, 0x00, 0x0d, 0x0f, 0x02, 0x00, 0x3d, 0x0f, 0x10,
  0x01, 0x35, 0x0f, 0x48, 0x00, 0x6d, 0x0c, 0x18, 0x01, 0x0f, 0x80, 0x02, 0x0d, 0x0f, 0x02, 0x00,
  0xc5, 0x08, 0x7c, 0x07, 0x0f, 0x80, 0x07, 0xff, 0xff, 0xff, 0xff, 0xff, 0xff, 0xff, 0x60, 0x0c,
  0x78, 0x07, 0x04, 0x10, 0x00, 0x04, 0x68, 0x0c, 0x0f, 0xf0, 0x0a, 0x05, 0x0f, 0x02, 0x00, 0x1d,
  0x0f, 0x80, 0x0d, 0x3d, 0x0f, 0x50, 0x00, 0x4d, 0x0f, 0xe0, 0x00, 0x1d, 0x0f, 0x02, 0x00, 0x25,
  0x0f, 0xc8, 0x00, 0x4d, 0x0f, 0x60, 0x00, 0x2d, 0x0f, 0xd8, 0x00, 0x25, 0x0f, 0x02, 0x00, 0x45,
  0x04, 0x98, 0x02, 0x0f, 0x02, 0x00, 0x2d, 0x0f, 0x38, 0x0e, 0x0d, 0x0f, 0x20, 0x00, 0x75, 0x04,
  0xe8, 0x0e, 0x0c, 0x08, 0x00, 0x0f, 0xa0, 0x00, 0x0d, 0x0f, 0x20, 0x01, 0x1d, 0x04, 0x78, 0x0c,
  0x0f, 0xf0, 0x03, 0x0d, 0x0f, 0x20, 0x00, 0x0d, 0x04, 0x02, 0x00, 0x0f, 0x58, 0x0d, 0x6d, 0x0f,
  0x80, 0x00, 0x1d, 0x04, 0xb8, 0x00, 0x0f, 0x02, 0x00, 0x75, 0x0f, 0xc0, 0x00, 0x1d, 0x0f, 0x30,
  0x00, 0x95, 0x0f, 0x60, 0x01, 0x0d, 0x04, 0x60, 0x02, 0x04, 0x90, 0x02, 0x0f, 0x02, 0x00, 0xcd,
  0x04, 0x70, 0x07, 0x0c, 0x08, 0x00, 0x04, 0xe8, 0x04, 0x04, 0x10, 0x01, 0x0f, 0x02, 0x00, 0x2d,
  0x0f, 0x08, 0x06, 0x2d, 0x0f, 0x40, 0x00, 0x5d, 0x0f, 0xf0, 0x00, 0x2d, 0x0f, 0x02, 0x00, 0x15,
  0x0f, 0xd8, 0x00, 0x5d, 0x0f, 0x70, 0x00, 0x1d, 0x0f, 0xc8, 0x00, 0x15, 0x0f, 0x02, 0x00, 0x55,
  0x04, 0x98, 0x02, 0x0f, 0x02, 0x00, 0x2d, 0x0f, 0xc0, 0x06, 0x0d, 0x0f, 0x20, 0x00, 0x75, 0x0c,
  0x78, 0x07, 0x04, 0x10, 0x00, 0x0f, 0xa0, 0x00, 0x0d, 0x0f, 0x20, 0x01, 0x1d, 0x04, 0xf0, 0x04,
  0x0f, 0xf0, 0x03, 0x0d, 0x0f, 0x20, 0x00, 0x0d, 0x04, 0x02, 0x00, 0x0f, 0x10, 0x06, 0x95, 0x04,
  0xa8, 0x00, 0x04, 0xb8, 0x00, 0x0f, 0x02, 0x00, 0x75, 0x04, 0x98, 0x00, 0x0f, 0x08, 0x00, 0xbd,
  0x0f, 0x60, 0x01, 0x0d, 0x04, 0x60, 0x02, 0x04, 0x90, 0x02, 0x0f, 0x02, 0x00, 0xc5, 0x0c, 0x70,
  0x07, 0x0c, 0x10, 0x00, 0x04, 0xe8, 0x04, 0x04, 0x10, 0x01, 0x0f, 0x02, 0x00, 0x05, 0x0f, 0x20,
  0x00, 0x0d, 0x04, 0x02, 0x00, 0x0f, 0xf8, 0x05, 0x1d, 0x0f, 0x30, 0x00, 0x8d, 0x04, 0xd8, 0x00,
  0x0f, 0x02, 0x00, 0x05, 0x0f, 0xc0, 0x00, 0x8d, 0x0f, 0xa0, 0x00, 0x05, 0x0f, 0xd0, 0x00, 0x05,
  0x0f, 0x02, 0x00, 0x75, 0x04, 0x98, 0x02, 0x0f, 0x02, 0x00, 0x35, 0x0f, 0xc8, 0x06, 0x0d, 0x0f,
  0x20, 0x00, 0x65, 0x04, 0x68, 0x07, 0x0c, 0x08, 0x00, 0x0f, 0x90, 0x00, 0x0d, 0x0f, 0x18, 0x01,
  0x25, 0x0f, 0xf0, 0x04, 0x15, 0x0f, 0xf0, 0x03, 0x15, 0x0f, 0x02, 0x00, 0x05, 0x0f, 0x50, 0x06,
  0x9d, 0x0f, 0xc8, 0x00, 0x05, 0x0f, 0x02, 0x00, 0x25, 0x0f, 0x00, 0x01, 0x9d, 0x0f, 0xb0, 0x00,
  0x35, 0x0f, 0x30, 0x01, 0x1d, 0x0f, 0x90, 0x02, 0x15, 0x0f, 0x02, 0x00, 0xa5, 0x0c, 0x70, 0x07,
  0x0c, 0x10, 0x00, 0x04, 0xe8, 0x04, 0x0f, 0x70, 0x03, 0x0d, 0x0f, 0x20, 0x00, 0x0d, 0x04, 0x02,
  0x00, 0x0f, 0xf0, 0x05, 0x05, 0x0f, 0x18, 0x00, 0xa5, 0x04, 0xd8, 0x00, 0x0f, 0x02, 0x00, 0x05,
  0x0f, 0xd8, 0x00, 0xc5, 0x0f, 0x02, 0x00, 0x6d, 0x04, 0x98, 0x02, 0x0f, 0x02, 0x00, 0x35, 0x0f,
  0xd0, 0x06, 0x0d, 0x0f, 0x20, 0x00, 0x65, 0x0c, 0x78, 0x07, 0x04, 0x10, 0x00, 0x0f, 0x90, 0x00,
  0x0d, 0x0f, 0x18, 0x01, 0x25, 0x0f, 0xf0, 0x04, 0x15, 0x0f, 0xf0, 0x03, 0x15, 0x0f, 0x02, 0x00,
  0x05, 0x0f, 0xd0, 0x05, 0x35, 0x0f, 0x48, 0x00, 0x55, 0x0f, 0xc8, 0x00, 0x05, 0x0f, 0x02, 0x00,
  0x25, 0x0f, 0xb8, 0x00, 0x55, 0x0f, 0x68, 0x00, 0x7d, 0x0f, 0x30, 0x01, 0x1d, 0x0f, 0x90, 0x02,
  0x15, 0x0f, 0x02, 0x00, 0xa5, 0x0c, 0x70, 0x07, 0x0f, 0x10, 0x00, 0x05, 0x04, 0xf0, 0x04, 0x04,
  0x78, 0x03, 0x0f, 0x08, 0x00, 0x05, 0x0f, 0x02, 0x00, 0x0d, 0x0f, 0x90, 0x06, 0xa5, 0x0f, 0xb8,
  0x00, 0xcd, 0x0f, 0xb8, 0x01, 0x0d, 0x0f, 0x02, 0x00, 0x5d, 0x0f, 0x70, 0x02, 0x0d, 0x04, 0x20,
  0x00, 0x0f, 0x02, 0x00, 0x3d, 0x0f, 0xd8, 0x06, 0x0d, 0x0f, 0x20, 0x00, 0x55, 0x04, 0x68, 0x07,
  0x0c, 0x08, 0x00, 0x0f, 0x80, 0x00, 0x0d, 0x0f, 0x10, 0x01, 0x2d, 0x0f, 0xf0, 0x04, 0x65, 0x0f,
  0x28, 0x06, 0x7d, 0x0f, 0x90, 0x00, 0xff, 0x36, 0x0f, 0x90, 0x02, 0x2d, 0x04, 0x68, 0x06, 0x0f,
  0x98, 0x02, 0x65, 0x0f, 0x02, 0x00, 0x4d, 0x0f, 0x70, 0x07, 0x05, 0x0c, 0x18, 0x00, 0x04, 0xf0,
  0x04, 0x04, 0x10, 0x01, 0x0f, 0x08, 0x00, 0x05, 0x0f, 0x02, 0x00, 0x0d, 0x0f, 0xc8, 0x06, 0xcd,
  0x0f, 0xe0, 0x00, 0xa5, 0x0f, 0xb8, 0x01, 0x0d, 0x0f, 0x02, 0x00, 0x5d, 0x0f, 0x70, 0x02, 0x0d,
  0x04, 0x20, 0x00, 0x0f, 0x02, 0x00, 0x3d, 0x0f, 0xe0, 0x06, 0x0d, 0x0f, 0x20, 0x00, 0x55, 0x0c,
  0x78, 0x07, 0x04, 0x10, 0x00, 0x0f, 0x80, 0x00, 0x0d, 0x0f, 0x10, 0x01, 0x2d, 0x0f, 0xe8, 0x04,
  0x65, 0x0f, 0xf0, 0x06, 0xff, 0x36, 0x0f, 0x48, 0x01, 0x7d, 0x0f, 0x90, 0x02, 0x2d, 0x04, 0x68,
  0x06, 0x0f, 0x98, 0x02, 0x65, 0x0f, 0x02, 0x00, 0x55, 0x0c, 0x70, 0x07, 0x0c, 0x10, 0x00, 0x04,
  0x88, 0x00, 0x04, 0xf8, 0x04, 0x0c, 0x08, 0x00, 0x04, 0x28, 0x01, 0x0f, 0x02, 0x00, 0x0d, 0x0f,
  0xa0, 0x06, 0xa5, 0x0f, 0xb8, 0x00, 0xbd, 0x0f, 0xa8, 0x01, 0x0d, 0x0f, 0x02, 0x00, 0x6d, 0x0c,
  0x60, 0x02, 0x0c, 0x10, 0x00, 0x0f, 0x02, 0x00, 0x4d, 0x0f, 0xe8, 0x06, 0x0d, 0x0f, 0x20, 0x00,
  0x45, 0x04, 0x68, 0x07, 0x0c, 0x08, 0x00, 0x0f, 0x70, 0x00, 0x0d, 0x0f, 0x10, 0x01, 0x35, 0x0f,
  0xe8, 0x04, 0x75, 0x0f, 0x48, 0x06, 0x7d, 0x0f, 0x90, 0x00, 0xff, 0x16, 0x0f, 0x88, 0x02, 0x1d,
  0x0f, 0x38, 0x06, 0x0d, 0x04, 0x20, 0x00, 0x0f, 0x98, 0x02, 0x75, 0x0f, 0x02, 0x00, 0x45, 0x0c,
  0x70, 0x07, 0x0c, 0x10, 0x00, 0x04, 0x78, 0x00, 0x0c, 0x08, 0x05, 0x04, 0x10, 0x00, 0x04, 0x28,
  0x01, 0x0f, 0x02, 0x00, 0x0d, 0x0f, 0xc8, 0x06, 0xbd, 0x0f, 0xd0, 0x00, 0xa5, 0x0f, 0xa8, 0x01,
  0x0d, 0x0f, 0x02, 0x00, 0x6d, 0x04, 0x58, 0x02, 0x0f, 0x08, 0x00, 0x05, 0x0f, 0x02, 0x00, 0x4d,
  0x0f, 0xf0, 0x06, 0x0d, 0x0f, 0x20, 0x00, 0x45, 0x0c, 0x78, 0x07, 0x04, 0x10, 0x00, 0x0f, 0x70,
  0x00, 0x0d, 0x0f, 0x10, 0x01, 0x35, 0x0f, 0xe8, 0x04, 0x75, 0x0f, 0xf0, 0x06, 0xff, 0x16, 0x0f,
  0x28, 0x01, 0x7d, 0x0f, 0x88, 0x02, 0x1d, 0x0f, 0x38, 0x06, 0x0d, 0x04, 0x20, 0x00, 0x0f, 0x98,
  0x02, 0x75, 0x0f, 0x02, 0x00, 0x4d, 0x0f, 0x78, 0x07, 0x05, 0x0f, 0x02, 0x00, 0x05, 0x04, 0x20,
  0x05, 0x04, 0x28, 0x01, 0x0f, 0x02, 0x00, 0x0d, 0x0f, 0xb0, 0x06, 0xa5, 0x0f, 0xb8, 0x00, 0xad,
  0x0f, 0x98, 0x01, 0x0d, 0x0f, 0x02, 0x00, 0x7d, 0x04, 0x58, 0x02, 0x0f, 0x02, 0x00, 0x6d, 0x0f,
  0xf8, 0x06, 0x0d, 0x0f, 0x20, 0x00, 0x3d, 0x04, 0x70, 0x07, 0x04, 0x08, 0x00, 0x0f, 0x60, 0x00,
  0x0d, 0x0f, 0x20, 0x01, 0x3d, 0x04, 0xe8, 0x04, 0x04, 0xd0, 0x03, 0x0c, 0x08, 0x00, 0x04, 0x20,
  0x00, 0x0f, 0x02, 0x00, 0x65, 0x0f, 0x70, 0x06, 0x7d, 0x0f, 0x90, 0x00, 0xf5, 0x0f, 0x10, 0x02,
  0x25, 0x0c, 0x60, 0x02, 0x0c, 0x10, 0x00, 0x0f, 0x70, 0x02, 0x6d, 0x0f, 0x02, 0x00, 0x5d, 0x0f,
  0x80, 0x07, 0xff, 0xff, 0xff, 0xff, 0xff, 0xff, 0xff, 0x74, 0x0f, 0x02, 0x00, 0x1d, 0x04, 0xa8,
  0x0c, 0x04, 0xb8, 0x08, 0x0f, 0x02, 0x00, 0x0d, 0x0f, 0x48, 0x0e, 0xad, 0x0f, 0xc0, 0x00, 0x8d,
  0x0f, 0x80, 0x01, 0x0d, 0x0f, 0x02, 0x00, 0x95, 0x04, 0x58, 0x02, 0x0f, 0x02, 0x00, 0x75, 0x0f,
  0x88, 0x0e, 0x0d, 0x0f, 0x20, 0x00, 0x15, 0x04, 0xd8, 0x0e, 0x04, 0x08, 0x00, 0x0f, 0x38, 0x00,
  0x15, 0x0c, 0x28, 0x00, 0x0f, 0x18, 0x01, 0x4d, 0x04, 0x78, 0x0c, 0x0f, 0x08, 0x00, 0x05, 0x0f,
  0x02, 0x00, 0x7d, 0x0f, 0x88, 0x0e, 0xf5, 0x0f, 0x08, 0x01, 0x5d, 0x0f, 0x08, 0x02, 0x2d, 0x04,
  0x38, 0x06, 0x0f, 0x68, 0x02, 0x95, 0x0f, 0x02, 0x00, 0x7d, 0x04, 0x28, 0x05, 0x04, 0x48, 0x01,
  0x0f, 0x02, 0x00, 0x0d, 0x0f, 0xc0, 0x06, 0x8d, 0x0f, 0xa0, 0x00, 0xad, 0x0f, 0x80, 0x01, 0x0d,
  0x0f, 0x02, 0x00, 0x95, 0x04, 0x58, 0x02, 0x0f, 0x02, 0x00, 0x75, 0x0c, 0x00, 0x07, 0x0f, 0x10,
  0x00, 0x25, 0x04, 0x78, 0x07, 0x04, 0x08, 0x00, 0x0f, 0x48, 0x00, 0x25, 0x0f, 0x18, 0x01, 0x4d,
  0x0f, 0x10, 0x05, 0x05, 0x04, 0x18, 0x00, 0x0f, 0x02, 0x00, 0x7d, 0x0f, 0x78, 0x06, 0x5d, 0x0f,
  0x70, 0x00, 0xf5, 0x0f, 0x08, 0x02, 0x2d, 0x04, 0x38, 0x06, 0x04, 0x58, 0x02, 0x0c, 0x08, 0x00,
  0x0f, 0x02, 0x00, 0xff, 0x0e, 0x04, 0x28, 0x05, 0x04, 0x48, 0x01, 0x0f, 0x02, 0x00, 0x0d, 0x0f,
  0xe0, 0x06, 0xad, 0x0f, 0xc0, 0x00, 0x7d, 0x0f, 0x70, 0x01, 0x0d, 0x0f, 0x02, 0x00, 0xa5, 0x04,
  0x58, 0x02, 0x0f, 0x02, 0x00, 0x85, 0x0f, 0x38, 0x07, 0x25, 0x04, 0x78, 0x07, 0x04, 0x08, 0x00,
  0x0f, 0x48, 0x00, 0x15, 0x0f, 0x08, 0x01, 0x75, 0x04, 0x20, 0x05, 0x0f, 0x02, 0x00, 0x8d, 0x0f,
  0x20, 0x07, 0xf5, 0x0f, 0x08, 0x01, 0x4d, 0x0f, 0x08, 0x02, 0x2d, 0x04, 0x38, 0x06, 0x0f, 0x58,
  0x02, 0x95, 0x0f, 0x02, 0x00, 0x7d, 0x04, 0x28, 0x05, 0x04, 0x48, 0x01, 0x0f, 0x02, 0x00, 0x0d,
  0x0f, 0xc0, 0x06, 0x7d, 0x0f, 0x90, 0x00, 0xad, 0x0f, 0x70, 0x01, 0x0d, 0x0f, 0x02, 0x00, 0xa5,
  0x04, 0x58, 0x02, 0x0f, 0x02, 0x00, 0x85, 0x0f, 0x38, 0x07, 0x15, 0x0c, 0x28, 0x00, 0x04, 0x78,
  0x07, 0x04, 0x08, 0x00, 0x0c, 0x20, 0x00, 0x0f, 0x10, 0x00, 0x05, 0x0f, 0x08, 0x01, 0x75, 0x0f,
  0x28, 0x05, 0x95, 0x0f, 0x78, 0x06, 0x4d, 0x0f, 0x60, 0x00, 0xf5, 0x0f, 0x98, 0x02, 0x2d, 0x04,
  0x38, 0x06, 0x0f, 0x58, 0x02, 0x95, 0x0f, 0x02, 0x00, 0x7d, 0x04, 0x28, 0x05, 0x04, 0x48, 0x01,
  0x0f, 0x02, 0x00, 0x0d, 0x0f, 0xf0, 0x06, 0x35, 0x04, 0x68, 0x00, 0x0f, 0x50, 0x00, 0x35, 0x0f,
  0x48, 0x00, 0x95, 0x04, 0xf8, 0x00, 0x0f, 0x02, 0x00, 0xcd, 0x04, 0x58, 0x02, 0x0f, 0x02, 0x00,
  0x8d, 0x0f, 0x30, 0x07, 0x05, 0x0f, 0x18, 0x00, 0x2d, 0x0f, 0xf8, 0x00, 0x85, 0x0f, 0x28, 0x05,
  0xad, 0x0f, 0x38, 0x07, 0xf5, 0x0f, 0x08, 0x01, 0x35, 0x0f, 0xa8, 0x02, 0x2d, 0x04, 0x38, 0x06,
  0x0f, 0x58, 0x02, 0xad, 0x0f, 0x02, 0x00, 0x65, 0x04, 0x28, 0x05, 0x04, 0x48, 0x01, 0x0f, 0x02,
  0x00, 0x0d, 0x0f, 0xe8, 0x06, 0x35, 0x04, 0x68, 0x00, 0x0f, 0x50, 0x00, 0x35, 0x0f, 0x48, 0x00,
  0x95, 0x04, 0xf8, 0x00, 0x0f, 0x02, 0x00, 0xcd, 0x04, 0x58, 0x02, 0x0f, 0x02, 0x00, 0x8d, 0x0f,
  0x68, 0x07, 0x2d, 0x0f, 0x40, 0x00, 0x05, 0x0f, 0xf8, 0x00, 0x85, 0x0f, 0x28, 0x05, 0xad, 0x0f,
  0x78, 0x06, 0x35, 0x0f, 0x48, 0x00, 0xf5, 0x0f, 0xa8, 0x02, 0x2d, 0x04, 0x38, 0x06, 0x0f, 0x58,
  0x02, 0xad, 0x0f, 0x02, 0x00, 0x65, 0x04, 0x28, 0x05, 0x04, 0x48, 0x01, 0x0f, 0x02, 0x00, 0x0d,
  0x0f, 0xe8, 0x06, 0x35, 0x0f, 0x68, 0x00, 0x05, 0x0f, 0x60, 0x00, 0x35, 0x0f, 0x48, 0x00, 0x75,
  0x0f, 0xe8, 0x00, 0x05, 0x0f, 0x02, 0x00, 0xcd, 0x04, 0x58, 0x02, 0x0f, 0x02, 0x00, 0x9d, 0x0f,
  0x50, 0x07, 0x05, 0x0f, 0x18, 0x00, 0x15, 0x0f, 0xf0, 0x00, 0x8d, 0x0f, 0x28, 0x05, 0xc5, 0x0f,
  0x50, 0x07, 0xf5, 0x0f, 0x08, 0x01, 0x1d, 0x0f, 0xb0, 0x02, 0x2d, 0x04, 0x38, 0x06, 0x0f, 0x58,
  0x02, 0xc5, 0x0f, 0x02, 0x00, 0x4d, 0x04, 0x28, 0x05, 0x04, 0x48, 0x01, 0x0f, 0x02, 0x00, 0x0d,
  0x0f, 0xd8, 0x06, 0x35, 0x0f, 0x68, 0x00, 0x05, 0x0f, 0x60, 0x00, 0x35, 0x0f, 0x48, 0x00, 0x75,
  0x0f, 0xe8, 0x00, 0x05, 0x0f, 0x02, 0x00, 0xcd, 0x04, 0x58, 0x02, 0x0f, 0x02, 0x00, 0x9d, 0x0f,
  0x68, 0x07, 0x15, 0x0f, 0x28, 0x00, 0x05, 0x0f, 0xf0, 0x00, 0x8d, 0x0f, 0x28, 0x05, 0xc5, 0x0f,
  0x78, 0x06, 0x1d, 0x0f, 0x30, 0x00, 0xf5, 0x0f, 0xb0, 0x02, 0x2d, 0x04, 0x38, 0x06, 0x0f, 0x58,
  0x02, 0xc5, 0x0f, 0x02, 0x00, 0x55, 0x0f, 0x30, 0x05, 0x15, 0x0f, 0xd8, 0x06, 0x35, 0x0f, 0xd8,
  0x00, 0x15, 0x0f, 0x70, 0x00, 0x35, 0x0f, 0x48, 0x00, 0x4d, 0x0f, 0xd0, 0x00, 0x15, 0x0f, 0x02,
  0x00, 0xd5, 0x0f, 0x50, 0x02, 0x15, 0x0f, 0x02, 0x00, 0x95, 0x0f, 0x70, 0x07, 0x05, 0x04, 0x18,
  0x00, 0x0f, 0xc8, 0x00, 0x95, 0x0f, 0x28, 0x05, 0xd5, 0x0f, 0x60, 0x07, 0xf5, 0x0f, 0x08, 0x01,
  0x0d, 0x0f, 0xb8, 0x02, 0x2d, 0x0f, 0x80, 0x07, 0xff, 0xff, 0xff, 0xff, 0xff, 0xff, 0xff, 0xff,
  0xff, 0x56, 0x0c, 0x02, 0x00, 0x0f, 0xc8, 0x0e, 0x4d, 0x0f, 0x60, 0x00, 0x05, 0x0c, 0x88, 0x00,
  0x0f, 0x02, 0x00, 0xff, 0x0e, 0x0f, 0x00, 0x0f, 0xbd, 0x0f, 0x02, 0x00, 0xb5, 0x0f, 0x00, 0x0f,
  0xd5, 0x0f, 0x02, 0x00, 0x05, 0x0f, 0x10, 0x0e, 0x0d, 0x0f, 0x20, 0x00, 0x6d, 0x0f, 0xb8, 0x00,
  0x05, 0x04, 0x02, 0x00, 0x0f, 0xa0, 0x00, 0x3d, 0x04, 0x58, 0x00, 0x0f, 0x02, 0x00, 0x25, 0x0f,
  0x00, 0x0f, 0xff, 0xce, 0x0c, 0x02, 0x00, 0x0f, 0x20, 0x07, 0x05, 0x0f, 0x18, 0x00, 0x4d, 0x0c,
  0x88, 0x00, 0x0f, 0x02, 0x00, 0xff, 0x0e, 0x0f, 0x80, 0x07, 0xff, 0xff, 0xff, 0xff, 0xff, 0xca,
  0x0f, 0x02, 0x00, 0xff, 0x96, 0x0f, 0x80, 0x07, 0xff, 0xff, 0x87, 0x0f, 0x02, 0x00, 0x0d, 0x0f,
  0x60, 0x0e, 0x3d, 0x0c, 0x50, 0x00, 0x0f, 0x80, 0x00, 0x0d, 0x0f, 0x02, 0x00, 0x0d, 0x0c, 0x50,
  0x00, 0x0f, 0x10, 0x00, 0x2d, 0x0f, 0x70, 0x00, 0x0d, 0x0f, 0x02, 0x00, 0x0d, 0x0f, 0x50, 0x11,
  0xed, 0x0f, 0x02, 0x00, 0x35, 0x0f, 0x30, 0x05, 0x15, 0x0f, 0x68, 0x0e, 0x35, 0x0f, 0xb8, 0x00,
  0x35, 0x0f, 0x02, 0x00, 0xff, 0x86, 0x0f, 0x50, 0x02, 0x15, 0x0f, 0x02, 0x00, 0xff, 0x5e, 0x0f,
  0x30, 0x05, 0xff, 0x0e, 0x0f, 0xd0, 0x06, 0x2d, 0x0f, 0x40, 0x00, 0x0d, 0x0f, 0xf0, 0x02, 0x2d,
  0x0f, 0x60, 0x00, 0x0d, 0x0f, 0x20, 0x00, 0x1d, 0x0f, 0x90, 0x00, 0x2d, 0x0f, 0x50, 0x02, 0xff,
  0x0e, 0x0f, 0x02, 0x00, 0x15, 0x04, 0x30, 0x05, 0x04, 0xd0, 0x17, 0x0f, 0x02, 0x00, 0x05, 0x0f,
  0x80, 0x07, 0xff, 0xff, 0xff, 0xff, 0xd1, 0x0f, 0x02, 0x00, 0x8d, 0x0f, 0x60, 0x07, 0x1d, 0x0f,
  0x30, 0x00, 0x0d, 0x0f, 0xf0, 0x00, 0x2d, 0x0f, 0x80, 0x07, 0xff, 0xff, 0xff, 0xff, 0xff, 0xff,
  0xff, 0xff, 0xff, 0xff, 0xff, 0xff, 0xff, 0xff, 0xff, 0xff, 0xff, 0xff, 0xff, 0xff, 0xff, 0xff,
  0xff, 0xff, 0xff, 0xff, 0x17, 0x04, 0x40, 0x20, 0x04, 0x50, 0x20, 0x0f, 0x02, 0x00, 0xff, 0x7e,
  0x0f, 0xb0, 0x1b, 0xff, 0x36, 0x0f, 0x02, 0x00, 0x65, 0x0f, 0xd0, 0x1d, 0x0d, 0x0f, 0x20, 0x00,
  0x1d, 0x0f, 0xc8, 0x00, 0x25, 0x04, 0xe8, 0x03, 0x0f, 0x50, 0x02, 0xff, 0x36, 0x04, 0x30, 0x05,
  0x04, 0x58, 0x01, 0x0f, 0x02, 0x00, 0x05, 0x0f, 0x80, 0x25, 0xff, 0xff, 0x0f, 0x04, 0x40, 0x02,
  0x04, 0x50, 0x02, 0x0f, 0x02, 0x00, 0xff, 0x7e, 0x0f, 0x30, 0x05, 0xff, 0x36, 0x0f, 0x02, 0x00,
  0x65, 0x0f, 0x60, 0x07, 0x1d, 0x0f, 0x30, 0x00, 0x0d, 0x0f, 0xc8, 0x00, 0x25, 0x04, 0xe8, 0x03,
  0x0f, 0x50, 0x02, 0xff, 0x3e, 0x0f, 0x38, 0x05, 0x0d, 0x0f, 0x80, 0x07, 0xff, 0xff, 0xff, 0xff,
  0xff, 0xff, 0xff, 0xff, 0xff, 0xff, 0xff, 0xff, 0xff, 0xff, 0xff, 0xff, 0xff, 0x1e, 0x04, 0x40,
  0x11, 0x04, 0x08, 0x00, 0x0f, 0x02, 0x00, 0xff, 0x7e, 0x04, 0x30, 0x14, 0x04, 0x40, 0x14, 0x0f,
  0x02, 0x00, 0xff, 0x9e, 0x0f, 0x50, 0x16, 0x0d, 0x0f, 0x20, 0x00, 0x1d, 0x0f, 0x00, 0x02, 0x25,
  0x04, 0x40, 0x02, 0x04, 0x50, 0x02, 0x0f, 0x02, 0x00, 0xff, 0x36, 0x0f, 0x38, 0x05, 0x0d, 0x0f,
  0x80, 0x16, 0xff, 0xff, 0x0f, 0x04, 0x40, 0x02, 0x04, 0x08, 0x00, 0x0f, 0x02, 0x00, 0xff, 0x7e,
  0x04, 0x30, 0x05, 0x04, 0x40, 0x05, 0x0f, 0x02, 0x00, 0xff, 0x9e, 0x0f, 0x60, 0x07, 0x1d, 0x0f,
  0x30, 0x00, 0x0d, 0x0f, 0x00, 0x02, 0x25, 0x04, 0x40, 0x02, 0x04, 0x50, 0x02, 0x0f, 0x02, 0x00,
  0xff, 0x36, 0x04, 0x38, 0x05, 0x04, 0x60, 0x01, 0x0c, 0x02, 0x00, 0x0f, 0x80, 0x07, 0x2d, 0x0c,
  0x50, 0x00, 0x0f, 0x02, 0x00, 0xff, 0xbe, 0x04, 0x40, 0x02, 0x0f, 0x02, 0x00, 0xff, 0x86, 0x04,
  0x30, 0x05, 0x0f, 0xe0, 0x03, 0x05, 0x0f, 0x02, 0x00, 0xff, 0x8e, 0x0f, 0x50, 0x07, 0x0d, 0x0f,
  0x20, 0x00, 0x1d, 0x0f, 0xf0, 0x01, 0x25, 0x04, 0x48, 0x02, 0x0f, 0x02, 0x00, 0xff, 0x3e, 0x04,
  0x40, 0x05, 0x0f, 0xa0, 0x03, 0x05, 0x0f, 0x80, 0x07, 0xff, 0xff, 0xff, 0xff, 0xff, 0xff, 0xff,
  0x74, 0x04, 0x02, 0x00, 0x0f, 0x88, 0x07, 0x1d, 0x04, 0x38, 0x00, 0x0f, 0x02, 0x00, 0xff, 0xc6,
  0x04, 0xb0, 0x09, 0x04, 0xc0, 0x09, 0x0f, 0x02, 0x00, 0xff, 0x8e, 0x0f, 0xc0, 0x0c, 0xff, 0x46,
  0x0f, 0x02, 0x00, 0x4d, 0x0f, 0xe0, 0x0e, 0x1d, 0x0f, 0x30, 0x00, 0x0d, 0x0f, 0xb0, 0x00, 0x25,
  0x0f, 0x40, 0x02, 0xff, 0x46, 0x04, 0x40, 0x05, 0x04, 0x50, 0x05, 0x0f, 0x02, 0x00, 0x05, 0x0f,
  0x80, 0x07, 0xff, 0xff, 0xff, 0xff, 0xff, 0xff, 0xff, 0x4c, 0x04, 0x02, 0x00, 0x04, 0x88, 0x07,
  0x0f, 0x02, 0x00, 0x0d, 0x0f, 0x88, 0x07, 0x0d, 0x0f, 0x40, 0x00, 0x0d, 0x0f, 0x02, 0x00, 0xff,
  0xb6, 0x04, 0xb0, 0x09, 0x0f, 0x38, 0x02, 0x15, 0x0f, 0x02, 0x00, 0xff, 0x6e, 0x0f, 0xc0, 0x0c,
  0xff, 0x46, 0x0f, 0x02, 0x00, 0x4d, 0x0f, 0xd0, 0x0e, 0x0d, 0x0f, 0x20, 0x00, 0x1d, 0x0f, 0xb0,
  0x00, 0x1d, 0x04, 0xe8, 0x03, 0x0f, 0x40, 0x02, 0xff, 0x4e, 0x0f, 0x48, 0x05, 0x15, 0x0f, 0x80,
  0x07, 0xff, 0xff, 0xff, 0xff, 0xff, 0xff, 0xff, 0x74, 0x0f, 0x02, 0x00, 0xff, 0xf6, 0x04, 0x18,
  0x0b, 0x0f, 0xb8, 0x09, 0x15, 0x0f, 0x02, 0x00, 0xff, 0x6e, 0x04, 0xc0, 0x0c, 0x04, 0xb8, 0x01,
  0x0f, 0x02, 0x00, 0xff, 0x96, 0x0f, 0xe0, 0x0e, 0x1d, 0x0f, 0x30, 0x00, 0x0d, 0x0f, 0xf8, 0x01,
  0x1d, 0x04, 0x30, 0x02, 0x04, 0x40, 0x02, 0x0f, 0x02, 0x00, 0xff, 0x46, 0x0f, 0x48, 0x05, 0xff,
  0x96, 0x0f, 0x02, 0x00, 0x75, 0x04, 0x98, 0x03, 0x0f, 0x38, 0x02, 0xff, 0x96, 0x04, 0x40, 0x05,
  0x04, 0xb8, 0x01, 0x0f, 0x02, 0x00, 0xff, 0x96, 0x0f, 0x50, 0x07, 0x0d, 0x0f, 0x20, 0x00, 0x1d,
  0x0f, 0xf8, 0x01, 0x1d, 0x04, 0x30, 0x02, 0x04, 0x40, 0x02, 0x0f, 0x02, 0x00, 0xff, 0x46, 0x04,
  0x48, 0x05, 0x04, 0x70, 0x01, 0x0f, 0x02, 0x00, 0xff, 0xff, 0x0f, 0x04, 0x30, 0x02, 0x0f, 0x02,
  0x00, 0xff, 0x96, 0x04, 0x40, 0x05, 0x0f, 0xe0, 0x03, 0xff, 0x9e, 0x0f, 0x60, 0x07, 0x1d, 0x0f,
  0x30, 0x00, 0x0d, 0x0f, 0xb0, 0x03, 0x1d, 0x04, 0x38, 0x02, 0x0f, 0x02, 0x00, 0xff, 0x4e, 0x04,
  0x50, 0x05, 0x0f, 0xa0, 0x03, 0xff, 0x9e, 0x0f, 0x02, 0x00, 0x65, 0x04, 0x30, 0x02, 0x0f, 0x02,
  0x00, 0xff, 0x96, 0x04, 0x48, 0x05, 0x0f, 0xe0, 0x03, 0xff, 0x9e, 0x0f, 0x50, 0x07, 0x0d, 0x0f,
  0x20, 0x00, 0x1d, 0x0f, 0xb0, 0x03, 0x1d, 0x04, 0x38, 0x02, 0x0f, 0x02, 0x00, 0xff, 0x4e, 0x04,
  0x50, 0x05, 0x0f, 0xa0, 0x03, 0xff, 0x9e, 0x0f, 0x02, 0x00, 0x65, 0x04, 0x30, 0x02, 0x0f, 0x02,
  0x00, 0xff, 0x96, 0x04, 0x48, 0x05, 0x0f, 0xe0, 0x03, 0xff, 0x9e, 0x0f, 0x60, 0x07, 0x1d, 0x0f,
  0x30, 0x00, 0x0d, 0x0f, 0xb0, 0x03, 0x1d, 0x04, 0x38, 0x02, 0x0f, 0x02, 0x00, 0xff, 0x4e, 0x04,
  0x50, 0x05, 0x0f, 0xa0, 0x03, 0xff, 0x9e, 0x0f, 0x02, 0x00, 0x65, 0x04, 0x30, 0x02, 0x0f, 0x02,
  0x00, 0xff, 0x96, 0x04, 0x48, 0x05, 0x0f, 0xe0, 0x03, 0xff, 0x9e, 0x0f, 0x50, 0x07, 0x0d, 0x0f,
  0x20, 0x00, 0x1d, 0x0f, 0xb0, 0x03, 0x1d, 0x04, 0x38, 0x02, 0x0f, 0x02, 0x00, 0xff, 0x56, 0x0f,
  0x58, 0x05, 0xff, 0x9e, 0x0f, 0x02, 0x00, 0x65, 0x0f, 0x28, 0x02, 0xff, 0xa6, 0x0f, 0x50, 0x05,
  0xff, 0x5e, 0x0f, 0x02, 0x00, 0x2d, 0x0f, 0x60, 0x07, 0x1d, 0x0f, 0x30, 0x00, 0x0d, 0x0f, 0x90,
  0x00, 0x15, 0x04, 0xa8, 0x09, 0x0f, 0x30, 0x02, 0xff, 0x5e, 0x0f, 0x58, 0x05, 0xff, 0xa6, 0x0f,
  0x02, 0x00, 0x5d, 0x0f, 0x28, 0x02, 0xff, 0xa6, 0x0f, 0x50, 0x05, 0xff, 0x5e, 0x0f, 0x02, 0x00,
  0x2d, 0x0f, 0x50, 0x07, 0x0d, 0x0f, 0x20, 0x00, 0x1d, 0x0f, 0x90, 0x00, 0x15, 0x0f, 0x80, 0x07,
  0xff, 0x6e, 0x04, 0x80, 0x01, 0x0f, 0x02, 0x00, 0xff, 0xfe, 0x04, 0x18, 0x02, 0x0f, 0x80, 0x07,
  0xff, 0xff, 0xff, 0xff, 0xff, 0xff, 0xff, 0xff, 0xff, 0xff, 0xff, 0xff, 0xff, 0xff, 0xff, 0xff,
  0xff, 0xff, 0xdf, 0x0f, 0xa8, 0x18, 0xff, 0x66, 0x04, 0x58, 0x14, 0x04, 0x68, 0x14, 0x0f, 0x02,
  0x00, 0xff, 0xfe, 0x04, 0x18, 0x02, 0x04, 0x28, 0x02, 0x0f, 0x02, 0x00, 0xff, 0x9e, 0x0f, 0x58,
  0x05, 0xff, 0x66, 0x0f, 0x02, 0x00, 0x25, 0x0f, 0xe0, 0x1d, 0x1d, 0x0f, 0x30, 0x00, 0x0d, 0x0f,
  0x88, 0x00, 0x15, 0x0f, 0x28, 0x02, 0xff, 0x6e, 0x0f, 0x60, 0x05, 0xff, 0xa6, 0x0f, 0x02, 0x00,
  0x4d, 0x0f, 0x18, 0x02, 0xff, 0xae, 0x04, 0x58, 0x05, 0x04, 0x48, 0x09, 0x0f, 0x02, 0x00, 0xff,
  0x96, 0x0f, 0x58, 0x07, 0x0d, 0x0f, 0x20, 0x00, 0x0d, 0x0f, 0xe8, 0x01, 0x15, 0x04, 0x18, 0x02,
  0x04, 0x28, 0x02, 0x0f, 0x02, 0x00, 0xff, 0x66, 0x0f, 0x68, 0x05, 0xff, 0xae, 0x0f, 0x02, 0x00,
  0x45, 0x0f, 0x18, 0x02, 0xff, 0xae, 0x04, 0x58, 0x05, 0x04, 0x68, 0x05, 0x0f, 0x02, 0x00, 0xff,
  0x96, 0x0f, 0x60, 0x07, 0x0d, 0x0f, 0x20, 0x00, 0x0d, 0x0f, 0xe8, 0x01, 0x15, 0x04, 0x18, 0x02,
  0x04, 0x28, 0x02, 0x0f, 0x02, 0x00, 0xff, 0x66, 0x04, 0x68, 0x05, 0x04, 0x90, 0x01, 0x0f, 0x02,
  0x00, 0xff, 0xf6, 0x04, 0x18, 0x02, 0x0f, 0x02, 0x00, 0xff, 0xa6, 0x04, 0x58, 0x05, 0x0f, 0xd8,
  0x03, 0xff, 0xa6, 0x0c, 0x68, 0x07, 0x0c, 0x88, 0x03, 0x0f, 0x20, 0x00, 0x0d, 0x0f, 0x02, 0x00,
  0x0d, 0x04, 0x18, 0x02, 0x04, 0x28, 0x02, 0x0f, 0x02, 0x00, 0xff, 0x66, 0x04, 0x68, 0x05, 0x04,
  0x90, 0x01, 0x0f, 0x02, 0x00, 0xff, 0xf6, 0x04, 0x18, 0x02, 0x0f, 0x02, 0x00, 0xff, 0xa6, 0x04,
  0x58, 0x05, 0x0f, 0xd8, 0x03, 0xff, 0xa6, 0x0f, 0x60, 0x07, 0x0d, 0x0f, 0x20, 0x00, 0x0d, 0x0f,
  0x02, 0x00, 0x0d, 0x04, 0x18, 0x02, 0x04, 0x28, 0x02, 0x0f, 0x02, 0x00, 0xff, 0x66, 0x04, 0x68,
  0x05, 0x04, 0x90, 0x01, 0x0f, 0x02, 0x00, 0xff, 0xee, 0x04, 0x08, 0x02, 0x04, 0x18, 0x02, 0x0f,
  0x02, 0x00, 0xff, 0xae, 0x0f, 0x60, 0x05, 0xff, 0x6e, 0x0f, 0x02, 0x00, 0x85, 0x0f, 0x18, 0x02,
  0xff, 0x76, 0x04, 0x68, 0x05, 0x04, 0x78, 0x05, 0x0f, 0x02, 0x00, 0xff, 0xee, 0x04, 0x08, 0x02,
  0x04, 0x18, 0x02, 0x0f, 0x02, 0x00, 0xff, 0xae, 0x0f, 0x68, 0x05, 0xff, 0x76, 0x0f, 0x02, 0x00,
  0x7d, 0x0f, 0x18, 0x02, 0xff, 0x7e, 0x0f, 0x70, 0x05, 0xff, 0xb6, 0x0f, 0x02, 0x00, 0x2d, 0x0f,
  0x80, 0x07, 0xff, 0xff, 0xff, 0xd0, 0x04, 0xe0, 0x03, 0x0f, 0x80, 0x07, 0xff, 0xff, 0xff, 0xff,
  0xff, 0xff, 0xff, 0xff, 0xff, 0x0e, 0x04, 0x20, 0x09, 0x0f, 0x02, 0x00, 0xff, 0xe6, 0x0f, 0x08,
  0x11, 0xff, 0xbe, 0x04, 0xe8, 0x0c, 0x0f, 0xd8, 0x03, 0xff, 0xee, 0x04, 0x02, 0x00, 0x04, 0x08,
  0x02, 0x04, 0x18, 0x02, 0x0f, 0x02, 0x00, 0xff, 0x76, 0x04, 0x78, 0x05, 0x04, 0xa0, 0x01, 0x0f,
  0x02, 0x00, 0xff, 0xe6, 0x04, 0x08, 0x02, 0x0f, 0x02, 0x00, 0xff, 0xb6, 0x04, 0x68, 0x05, 0x0f,
  0xd8, 0x03, 0xff, 0xee, 0x04, 0x02, 0x00, 0x04, 0x08, 0x02, 0x04, 0x18, 0x02, 0x0f, 0x02, 0x00,
  0xff, 0x7e, 0x0f, 0x80, 0x05, 0xff, 0xbe, 0x0f, 0x02, 0x00, 0x1d, 0x0f, 0x00, 0x02, 0xff, 0xbe,
  0x04, 0x68, 0x05, 0x04, 0x78, 0x05, 0x0f, 0x02, 0x00, 0xff, 0xee, 0x04, 0x10, 0x02, 0x04, 0x08,
  0x00, 0x0f, 0x02, 0x00, 0xff, 0x7e, 0x0f, 0x80, 0x05, 0xff, 0xbe, 0x0f, 0x02, 0x00, 0x1d, 0x0f,
  0x00, 0x02, 0xff, 0xbe, 0x04, 0x68, 0x05, 0x0f, 0x80, 0x07, 0xff, 0xff, 0xff, 0xff, 0xff, 0x92,
  0x04, 0xa0, 0x05, 0x0f, 0x80, 0x07, 0xff, 0xbe, 0x04, 0x02, 0x00, 0x04, 0x88, 0x07, 0x0f, 0x02,
  0x00, 0xff, 0xe6, 0x04, 0xe0, 0x03, 0x0f, 0x08, 0x02, 0xff, 0x8e, 0x0f, 0x80, 0x05, 0xff, 0xc6,
  0x0f, 0x02, 0x00, 0x0d, 0x04, 0xa0, 0x03, 0x0f, 0x00, 0x02, 0xff, 0xc6, 0x0f, 0x78, 0x05, 0xff,
  0x8e, 0x0f, 0x02, 0x00, 0x4d, 0x04, 0xe0, 0x03, 0x0f, 0x08, 0x02, 0xff, 0x4e, 0x3f, 0x36, 0xca,
  0xfb, 0x04, 0x00, 0x02, 0x0f, 0xe0, 0x01, 0x15, 0x04, 0x80, 0x05, 0x04, 0xb0, 0x01, 0x0f, 0x02,
  0x00, 0xff, 0xd6, 0x04, 0xf0, 0x01, 0x04, 0x00, 0x02, 0x0f, 0x02, 0x00, 0xff, 0xbe, 0x0f, 0x78,
  0x05, 0xff, 0x4e, 0x0f, 0x02, 0x00, 0x8d, 0x0f, 0x00, 0x02, 0x25, 0x0f, 0x4c, 0x06, 0x01, 0x0f,
  0x50, 0x06, 0x19, 0x0f, 0x02, 0x00, 0xdd, 0x0f, 0x30, 0x01, 0x2d, 0x04, 0x80, 0x05, 0x04, 0x90,
  0x05, 0x0f, 0x02, 0x00, 0xff, 0xd6, 0x04, 0xf0, 0x01, 0x04, 0x00, 0x02, 0x0f, 0x02, 0x00, 0xff,
  0xbe, 0x0f, 0x80, 0x05, 0x25, 0x0f, 0x02, 0x00, 0xff, 0xb6, 0x0f, 0x00, 0x02, 0x25, 0x0f, 0x50,
  0x06, 0x2d, 0x0f, 0x02, 0x00, 0xd5, 0x0f, 0x28, 0x01, 0x05, 0x0c, 0x18, 0x00, 0x0f, 0x10, 0x01,
  0x0d, 0x04, 0x80, 0x05, 0x04, 0x90, 0x05, 0x0f, 0x02, 0x00, 0xff, 0xd6, 0x04, 0xf8, 0x01, 0x04,
  0x08, 0x00, 0x0f, 0x02, 0x00, 0xff, 0xbe, 0x04, 0x80, 0x05, 0x0f, 0xd8, 0x03, 0xff, 0xde, 0x04,
  0x02, 0x00, 0x04, 0x00, 0x02, 0x0f, 0x02, 0x00, 0x15, 0x0c, 0x38, 0x06, 0x0f, 0x10, 0x00, 0x05,
  0x0f, 0x50, 0x00, 0x15, 0x0f, 0x02, 0x00, 0xcd, 0x0f, 0x20, 0x01, 0x05, 0x0c, 0x18, 0x00, 0x0f,
  0x08, 0x01, 0x0d, 0x04, 0x80, 0x05, 0x0f, 0xa8, 0x03, 0xff, 0xde, 0x04, 0xf8, 0x01, 0x04, 0x08,
  0x00, 0x0f, 0x02, 0x00, 0xff, 0xbe, 0x04, 0x80, 0x05, 0x0f, 0xd8, 0x03, 0xff, 0xde, 0x04, 0x02,
  0x00, 0x04, 0x00, 0x02, 0x0f, 0x02, 0x00, 0x15, 0x0c, 0x38, 0x06, 0x0f, 0x10, 0x00, 0x05, 0x0f,
  0x50, 0x00, 0x15, 0x0f, 0x02, 0x00, 0xbd, 0x0d, 0x10, 0x01, 0x1f, 0xf2, 0x04, 0x00, 0x0c, 0x0b,
  0x18, 0x1e, 0x0f, 0x10, 0x01, 0x0d, 0x0f, 0x88, 0x05, 0x45, 0x04, 0x00, 0x04, 0x0c, 0x08, 0x00,
  0x0f, 0x02, 0x00, 0xff, 0x0e, 0x04, 0x30, 0x01, 0x0f, 0x02, 0x00, 0x3d, 0x04, 0x58, 0x00, 0x0f,
  0xf0, 0x01, 0x45, 0x0f, 0x02, 0x00, 0xff, 0x76, 0x04, 0x80, 0x05, 0x04, 0xf0, 0x01, 0x0f, 0x02,
  0x00, 0xff, 0xd6, 0x04, 0xf0, 0x01, 0x04, 0x00, 0x02, 0x0f, 0x02, 0x00, 0x05, 0x0f, 0x50, 0x06,
  0x4d, 0x0f, 0x02, 0x00, 0xbd, 0x0f, 0x30, 0x01, 0x4d, 0x0f, 0x90, 0x05, 0x45, 0x04, 0x10, 0x02,
  0x0c, 0x08, 0x00, 0x0f, 0x02, 0x00, 0xff, 0x0e, 0x04, 0x30, 0x01, 0x0f, 0x02, 0x00, 0x3d, 0x04,
  0x58, 0x00, 0x0f, 0xf0, 0x01, 0x45, 0x0f, 0x02, 0x00, 0xff, 0x76, 0x04, 0x80, 0x05, 0x04, 0xf0,
  0x01, 0x0f, 0x02, 0x00, 0xff, 0xd6, 0x04, 0xf0, 0x01, 0x04, 0x00, 0x02, 0x0f, 0x02, 0x00, 0x05,
  0x0f, 0x50, 0x06, 0x4d, 0x0f, 0x02, 0x00, 0xad, 0x0d, 0x20, 0x01, 0x04, 0xd0, 0x0e, 0x0c, 0xf8,
  0x0e, 0x0f, 0x18, 0x00, 0x05, 0x04, 0x28, 0x00, 0x04, 0x20, 0x00, 0x03, 0x08, 0x00, 0x0f, 0x18,
  0x01, 0x05, 0x04, 0x90, 0x05, 0x04, 0xc0, 0x01, 0x0f, 0x02, 0x00, 0x2d, 0x04, 0x48, 0x00, 0x04,
  0x58, 0x00, 0x0f, 0x08, 0x00, 0x15, 0x04, 0x38, 0x00, 0x04, 0x08, 0x00, 0x0f, 0x02, 0x00, 0xb5,
  0x04, 0xd0, 0x00, 0x0c, 0x08, 0x00, 0x0f, 0x18, 0x01, 0x0d, 0x04, 0x30, 0x00, 0x0f, 0x02, 0x00,
  0x35, 0x04, 0x50, 0x00, 0x04, 0x78, 0x00, 0x0f, 0x02, 0x00, 0xff, 0xce, 0x0f, 0x88, 0x05, 0x0d,
  0x0f, 0x02, 0x00, 0xff, 0xbe, 0x04, 0xe0, 0x03, 0x0c, 0xf8, 0x01, 0x0f, 0x50, 0x06, 0x5d, 0x0f,
  0x02, 0x00, 0xad, 0x0f, 0x30, 0x01, 0x5d, 0x04, 0x90, 0x05, 0x04, 0xc0, 0x01, 0x0f, 0x02, 0x00,
  0x2d, 0x04, 0x48, 0x00, 0x04, 0x58, 0x00, 0x0f, 0x08, 0x00, 0x15, 0x04, 0x38, 0x00, 0x04, 0x08,
  0x00, 0x0f, 0x02, 0x00, 0xb5, 0x04, 0xd0, 0x00, 0x0c, 0x08, 0x00, 0x0f, 0x18, 0x01, 0x0d, 0x04,
  0x30, 0x00, 0x0f, 0x02, 0x00, 0x35, 0x04, 0x50, 0x00, 0x04, 0x78, 0x00, 0x0f, 0x02, 0x00, 0xff,
  0xce, 0x0c, 0x88, 0x05, 0x0f, 0x02, 0x00, 0xff, 0xce, 0x04, 0xe0, 0x03, 0x0c, 0xf8, 0x01, 0x0f,
  0x50, 0x06, 0x5d, 0x0f, 0x02, 0x00, 0x9d, 0x0d, 0x20, 0x01, 0x04, 0xc0, 0x0e, 0x0f, 0x08, 0x00,
  0x0d, 0x03, 0xd8, 0x0e, 0x0f, 0x28, 0x00, 0x16, 0x03, 0x30, 0x00, 0x0f, 0x20, 0x01, 0x05, 0x0f,
  0x98, 0x05, 0x2d, 0x04, 0x00, 0x02, 0x0f, 0x48, 0x00, 0x25, 0x04, 0x38, 0x00, 0x0f, 0x08, 0x00,
  0x05, 0x04, 0x60, 0x00, 0x0c, 0x08, 0x00, 0x0f, 0x02, 0x00, 0x65, 0x0c, 0x88, 0x00, 0x04, 0x10,
  0x00, 0x0f, 0xc0, 0x00, 0x05, 0x0c, 0x18, 0x00, 0x0f, 0x02, 0x00, 0x0d, 0x04, 0x30, 0x00, 0x04,
  0x58, 0x00, 0x0f, 0x02, 0x00, 0x2d, 0x04, 0x50, 0x00, 0x0f, 0x02, 0x00, 0xff, 0xd6, 0x04, 0x88,
  0x05, 0x0f, 0x40, 0x02, 0x35, 0x0c, 0x02, 0x00, 0x0f, 0x58, 0x00, 0x45, 0x0f, 0x02, 0x00, 0xbd,
  0x04, 0x28, 0x01, 0x0c, 0x08, 0x00, 0x0f, 0x02, 0x00, 0x3d, 0x04, 0xf0, 0x01, 0x0f, 0x50, 0x06,
  0x75, 0x0f, 0x02, 0x00, 0x95, 0x0f, 0x30, 0x01, 0x75, 0x0f, 0xa0, 0x05, 0x2d, 0x04, 0x60, 0x02,
  0x0f, 0x48, 0x00, 0x25, 0x04, 0x38, 0x00, 0x0f, 0x08, 0x00, 0x05, 0x04, 0x60, 0x00, 0x0c, 0x08,
  0x00, 0x0f, 0x02, 0x00, 0x65, 0x0c, 0x88, 0x00, 0x04, 0x10, 0x00, 0x0f, 0xc0, 0x00, 0x05, 0x0c,
  0x18, 0x00, 0x0f, 0x02, 0x00, 0x0d, 0x04, 0x30, 0x00, 0x04, 0x58, 0x00, 0x0f, 0x02, 0x00, 0x2d,
  0x04, 0x50, 0x00, 0x0f, 0x02, 0x00, 0xff, 0xd6, 0x04, 0x90, 0x05, 0x0f, 0x40, 0x02, 0x35, 0x0c,
  0x02, 0x00, 0x0f, 0x58, 0x00, 0x45, 0x0f, 0x02, 0x00, 0xbd, 0x04, 0x28, 0x01, 0x0c, 0x08, 0x00,
  0x0f, 0x02, 0x00, 0x3d, 0x04, 0xf0, 0x01, 0x0f, 0x50, 0x06, 0x75, 0x0f, 0x02, 0x00, 0x7d, 0x0d,
  0x18, 0x01, 0x03, 0x90, 0x0e, 0x0f, 0xc0, 0x0e, 0x0e, 0x0f, 0xe0, 0x0e, 0x05, 0x0f, 0x40, 0x00,
  0x1d, 0x04, 0x30, 0x00, 0x03, 0x08, 0x00, 0x0c, 0x20, 0x01, 0x04, 0xa0, 0x05, 0x04, 0x28, 0x02,
  0x0f, 0x02, 0x00, 0x1d, 0x04, 0x40, 0x00, 0x0f, 0x02, 0x00, 0x45, 0x04, 0x60, 0x00, 0x0f, 0x08,
  0x00, 0x15, 0x04, 0xc8, 0x00, 0x0f, 0x08, 0x00, 0x2d, 0x0f, 0x70, 0x00, 0x15, 0x04, 0x28, 0x00,
  0x0f, 0x02, 0x00, 0x3d, 0x0f, 0x58, 0x00, 0x2d, 0x04, 0x00, 0x01, 0x0f, 0x48, 0x00, 0x2d, 0x0f,
  0x02, 0x00, 0xff, 0x9e, 0x04, 0x90, 0x05, 0x04, 0x00, 0x02, 0x0f, 0x02, 0x00, 0x35, 0x04, 0x50,
  0x00, 0x04, 0x60, 0x00, 0x0f, 0x08, 0x00, 0x05, 0x04, 0x28, 0x00, 0x0c, 0x08, 0x00, 0x0f, 0x02,
  0x00, 0xb5, 0x0c, 0xd8, 0x00, 0x0f, 0x08, 0x01, 0x05, 0x0f, 0x18, 0x00, 0x05, 0x04, 0x40, 0x00,
  0x0f, 0x02, 0x00, 0x25, 0x0f, 0x50, 0x06, 0x8d, 0x0f, 0x02, 0x00, 0x7d, 0x0f, 0x30, 0x01, 0x8d,
  0x04, 0xa0, 0x05, 0x0f, 0x18, 0x02, 0x25, 0x04, 0x40, 0x00, 0x0f, 0x02, 0x00, 0x45, 0x04, 0x60,
  0x00, 0x0f, 0x08, 0x00, 0x15, 0x04, 0xc8, 0x00, 0x0f, 0x08, 0x00, 0x2d, 0x0f, 0x70, 0x00, 0x15,
  0x04, 0x28, 0x00, 0x0f, 0x02, 0x00, 0x3d, 0x0f, 0x58, 0x00, 0x2d, 0x04, 0x00, 0x01, 0x0f, 0x48,
  0x00, 0x2d, 0x0f, 0x02, 0x00, 0xff, 0x9e, 0x04, 0xf8, 0x05, 0x04, 0x00, 0x02, 0x0f, 0x02, 0x00,
  0x35, 0x04, 0x50, 0x00, 0x04, 0x60, 0x00, 0x0f, 0x08, 0x00, 0x05, 0x04, 0x28, 0x00, 0x0c, 0x08,
  0x00, 0x0f, 0x02, 0x00, 0xb5, 0x0c, 0xd8, 0x00, 0x0f, 0x08, 0x01, 0x05, 0x0f, 0x18, 0x00, 0x05,
  0x04, 0x40, 0x00, 0x0f, 0x02, 0x00, 0x25, 0x0f, 0x50, 0x06, 0x8d, 0x0f, 0x02, 0x00, 0x5d, 0x0f,
  0x10, 0x01, 0x06, 0x03, 0x70, 0x0e, 0x05, 0x20, 0x00, 0x0f, 0xd0, 0x0e, 0x05, 0x0f, 0x18, 0x00,
  0x1d, 0x04, 0x58, 0x00, 0x0f, 0x38, 0x00, 0x25, 0x03, 0x40, 0x00, 0x0c, 0x28, 0x01, 0x0f, 0xa8,
  0x05, 0x1d, 0x0f, 0x30, 0x00, 0x1d, 0x0f, 0x02, 0x00, 0x55, 0x04, 0x98, 0x00, 0x0f, 0x08, 0x00,
  0x2d, 0x0f, 0x02, 0x00, 0x75, 0x04, 0xc8, 0x00, 0x0f, 0x02, 0x00, 0x1d, 0x0f, 0x38, 0x00, 0x25,
  0x0f, 0x02, 0x00, 0xff, 0xb6, 0x04, 0x00, 0x06, 0x0f, 0x02, 0x00, 0x2d, 0x04, 0x30, 0x06, 0x0f,
  0x50, 0x00, 0x15, 0x04, 0x28, 0x00, 0x0f, 0x08, 0x00, 0x0d, 0x04, 0x58, 0x00, 0x0c, 0x08, 0x00,
  0x0f, 0x02, 0x00, 0x65, 0x0c, 0x88, 0x00, 0x04, 0x10, 0x00, 0x0f, 0xc8, 0x00, 0x0d, 0x0f, 0x02,
  0x00, 0x1d, 0x04, 0x50, 0x00, 0x04, 0x60, 0x00, 0x0c, 0x02, 0x00, 0x05, 0x30, 0x06, 0x03, 0xa8,
  0x05, 0x0f, 0x10, 0x00, 0x06, 0x0f, 0x00, 0x06, 0x1d, 0x0f, 0x30, 0x00, 0x05, 0x04, 0x68, 0x00,
  0x0f, 0x20, 0x00, 0x05, 0x0f, 0x18, 0x00, 0x05, 0x04, 0x38, 0x00, 0x03, 0x08, 0x00, 0x0c, 0xc8,
  0x00, 0x0f, 0x02, 0x00, 0x55, 0x0f, 0x20, 0x01, 0x06, 0x03, 0x98, 0x00, 0x05, 0x20, 0x00, 0x0f,
  0xc8, 0x00, 0x05, 0x0f, 0x18, 0x00, 0x1d, 0x04, 0x58, 0x00, 0x0f, 0x38, 0x00, 0x25, 0x03, 0x40,
  0x00, 0x0c, 0x20, 0x01, 0x0f, 0xb0, 0x05, 0x1d, 0x0f, 0x30, 0x00, 0x1d, 0x0f, 0x02, 0x00, 0x55,
  0x04, 0x98, 0x00, 0x0f, 0x08, 0x00, 0x2d, 0x0f, 0x02, 0x00, 0x75, 0x04, 0xc8, 0x00, 0x0f, 0x02,
  0x00, 0x1d, 0x0f, 0x38, 0x00, 0x25, 0x0f, 0x02, 0x00, 0xff, 0xb6, 0x04, 0xe8, 0x05, 0x0f, 0x02,
  0x00, 0x2d, 0x04, 0x28, 0x06, 0x0f, 0x50, 0x00, 0x15, 0x04, 0x28, 0x00, 0x0f, 0x08, 0x00, 0x0d,
  0x04, 0x58, 0x00, 0x0c, 0x08, 0x00, 0x0f, 0x02, 0x00, 0x65, 0x0c, 0x88, 0x00, 0x04, 0x10, 0x00,
  0x0f, 0xc8, 0x00, 0x0d, 0x0f, 0x02, 0x00, 0x1d, 0x04, 0x50, 0x00, 0x04, 0x60, 0x00, 0x0c, 0x02,
  0x00, 0x05, 0x30, 0x06, 0x03, 0xa8, 0x05, 0x0f, 0x10, 0x00, 0x06, 0x0f, 0x00, 0x06, 0x1d, 0x0f,
  0x30, 0x00, 0x05, 0x04, 0x68, 0x00, 0x0f, 0x20, 0x00, 0x05, 0x0f, 0x18, 0x00, 0x05, 0x04, 0x38,
  0x00, 0x03, 0x08, 0x00, 0x0c, 0xc8, 0x00, 0x0f, 0x02, 0x00, 0x35, 0x0f, 0x00, 0x01, 0x06, 0x03,
  0x78, 0x00, 0x0d, 0x20, 0x00, 0x0f, 0xb0, 0x00, 0x05, 0x0f, 0x18, 0x00, 0x35, 0x04, 0x78, 0x00,
  0x0f, 0x50, 0x00, 0x25, 0x04, 0x40, 0x00, 0x0f, 0x08, 0x00, 0x1c, 0x04, 0x50, 0x01, 0x0f, 0xd8,
  0x05, 0xff, 0x5e, 0x04, 0x70, 0x01, 0x0f, 0xb0, 0x03, 0x05, 0x0c, 0x02, 0x00, 0x04, 0x28, 0x00,
  0x04, 0x38, 0x00, 0x0f, 0x02, 0x00, 0xff, 0xe6, 0x0f, 0xe8, 0x05, 0x0d, 0x0f, 0x02, 0x00, 0x15,
  0x04, 0x48, 0x00, 0x0f, 0x02, 0x00, 0x35, 0x04, 0x50, 0x00, 0x0f, 0x08, 0x00, 0x1d, 0x04, 0xd8,
  0x02, 0x0f, 0x08, 0x00, 0x2d, 0x0f, 0x78, 0x00, 0x1d, 0x0f, 0x02, 0x00, 0x3d, 0x0d, 0x30, 0x06,
  0x0f, 0x88, 0x05, 0x0d, 0x0f, 0xe8, 0x05, 0x25, 0x0f, 0x38, 0x00, 0x15, 0x04, 0x80, 0x00, 0x0f,
  0x30, 0x00, 0x15, 0x0c, 0x28, 0x00, 0x04, 0x40, 0x00, 0x0f, 0x08, 0x00, 0x1c, 0x0f, 0x58, 0x01,
  0x15, 0x0f, 0x30, 0x01, 0xfd, 0x0f, 0xd8, 0x05, 0xff, 0x5e, 0x04, 0x70, 0x01, 0x04, 0x78, 0x04,
  0x0f, 0x02, 0x00, 0x0d, 0x04, 0x28, 0x00, 0x04, 0x38, 0x00, 0x0f, 0x02, 0x00, 0xff, 0xe6, 0x04,
  0x68, 0x06, 0x04, 0x10, 0x02, 0x0f, 0x02, 0x00, 0x25, 0x04, 0x48, 0x00, 0x0f, 0x02, 0x00, 0x35,
  0x04, 0x50, 0x00, 0x0f, 0x08, 0x00, 0x1d, 0x04, 0xc8, 0x00, 0x0f, 0x08, 0x00, 0x2d, 0x0f, 0x78,
  0x00, 0x1d, 0x0f, 0x02, 0x00, 0x3d, 0x0f, 0x50, 0x06, 0xfd, 0x0f, 0x02, 0x00, 0x05, 0x05, 0x28,
  0x01, 0x0c, 0xf0, 0x07, 0x0f, 0x10, 0x00, 0x35, 0x04, 0x30, 0x08, 0x0f, 0x50, 0x00, 0x1d, 0x0f,
  0x38, 0x00, 0x25, 0x0f, 0x68, 0x00, 0x1d, 0x0c, 0x30, 0x00, 0x04, 0x78, 0x00, 0x0f, 0x08, 0x00,
  0x0c, 0x0f, 0x50, 0x01, 0x05, 0x0f, 0x02, 0x00, 0xff, 0x2e, 0x04, 0x50, 0x07, 0x04, 0x08, 0x00,
  0x0c, 0x02, 0x00, 0x04, 0x98, 0x04, 0x0f, 0x20, 0x00, 0x05, 0x0f, 0x02, 0x00, 0xff, 0xe6, 0x04,
  0x70, 0x06, 0x0f, 0x02, 0x00, 0x1d, 0x04, 0x38, 0x00, 0x04, 0x08, 0x00, 0x0f, 0x02, 0x00, 0x65,
  0x04, 0x80, 0x00, 0x0f, 0x08, 0x00, 0x35, 0x0f, 0x02, 0x00, 0x5d, 0x05, 0x48, 0x06, 0x04, 0x38,
  0x05, 0x0c, 0x58, 0x05, 0x0f, 0x10, 0x00, 0x35, 0x0f, 0x60, 0x00, 0x25, 0x0f, 0x38, 0x00, 0x25,
  0x0f, 0xb8, 0x00, 0x2d, 0x04, 0x78, 0x00, 0x0f, 0x08, 0x00, 0x0d, 0x0f, 0x68, 0x00, 0x2d, 0x0f,
  0x40, 0x00, 0x05, 0x04, 0x78, 0x00, 0x0f, 0x20, 0x00, 0x05, 0x0f, 0x18, 0x00, 0x05, 0x0f, 0x38,
  0x00, 0x25, 0x0f, 0x50, 0x00, 0x05, 0x0f, 0x18, 0x00, 0x15, 0x04, 0x78, 0x00, 0x0f, 0x08, 0x00,
  0x0c, 0x0f, 0xe0, 0x02, 0x5d, 0x0f, 0x02, 0x00, 0xd5, 0x04, 0x58, 0x07, 0x04, 0x08, 0x00, 0x0c,
  0x02, 0x00, 0x0f, 0x80, 0x07, 0xff, 0xff, 0xff, 0xff, 0xc2, 0x0f, 0x98, 0x06, 0x15, 0x0f, 0x28,
  0x00, 0x2d, 0x04, 0xd0, 0x06, 0x0f, 0x48, 0x00, 0x15, 0x0f, 0x30, 0x00, 0x25, 0x0f, 0x38, 0x00,
  0x1d, 0x0f, 0x90, 0x00, 0x15, 0x0c, 0x28, 0x00, 0x04, 0x68, 0x00, 0x03, 0x08, 0x00, 0x0c, 0x28,
  0x06, 0x0f, 0x02, 0x00, 0xff, 0x36, 0x04, 0x88, 0x07, 0x0c, 0x08, 0x00, 0x0f, 0x02, 0x00, 0xff,
  0xfe, 0x04, 0x38, 0x0e, 0x04, 0xa0, 0x09, 0x0f, 0x02, 0x00, 0x0d, 0x04, 0x28, 0x00, 0x04, 0x38,
  0x00, 0x0f, 0x02, 0x00, 0xff, 0x26, 0x05, 0xf8, 0x0e, 0x0c, 0x20, 0x05, 0x0f, 0x10, 0x00, 0x4d,
  0x03, 0x78, 0x05, 0x0f, 0x60, 0x42, 0x16, 0x0f, 0x30, 0x00, 0x25, 0x0f, 0x38, 0x00, 0x1d, 0x0f,
  0xf8, 0x00, 0x4d, 0x0f, 0x60, 0x00, 0x25, 0x0f, 0xc8, 0x00, 0x1d, 0x0f, 0x30, 0x00, 0x25, 0x0f,
  0x38, 0x00, 0x1d, 0x0f, 0xd0, 0x00, 0x2d, 0x03, 0x70, 0x00, 0x0f, 0xc0, 0x03, 0xff, 0x26, 0x0f,
  0x02, 0x00, 0x0d, 0x0c, 0x78, 0x07, 0x04, 0x10, 0x00, 0x0f, 0x02, 0x00, 0xff, 0xfe, 0x04, 0x48,
  0x07, 0x04, 0x58, 0x07, 0x0f, 0x02, 0x00, 0x0d, 0x04, 0x28, 0x00, 0x04, 0x38, 0x00, 0x0f, 0x02,
  0x00, 0xff, 0x26, 0x0f, 0x80, 0x07, 0xff, 0x97, 0x04, 0xe8, 0x06, 0x03, 0xb0, 0x06, 0x0f, 0xb8,
  0x08, 0x0e, 0x0f, 0x28, 0x00, 0x3d, 0x04, 0x80, 0x00, 0x0f, 0x08, 0x00, 0x3d, 0x03, 0xa8, 0x00,
  0x0f, 0xc0, 0x03, 0xff, 0x26, 0x0f, 0x02, 0x00, 0xff, 0xff, 0x3f, 0x04, 0x50, 0x07, 0x04, 0x60,
  0x07, 0x0c, 0x02, 0x00, 0x04, 0x20, 0x00, 0x04, 0x08, 0x00, 0x0f, 0x02, 0x00, 0xff, 0x36, 0x0f,
  0x88, 0x07, 0x8e, 0x03, 0xa8, 0x05, 0x0f, 0x78, 0x06, 0x36, 0x0f, 0x48, 0x06, 0x3d, 0x0f, 0x50,
  0x00, 0x55, 0x0f, 0x08, 0x01, 0x3d, 0x0f, 0x50, 0x00, 0x15, 0x0f, 0xe0, 0x00, 0x45, 0x03, 0x80,
  0x00, 0x0f, 0xc8, 0x03, 0xff, 0x36, 0x0f, 0x02, 0x00, 0xff, 0xff, 0x2f, 0x04, 0x58, 0x07, 0x0f,
  0x80, 0x07, 0xff, 0xff, 0x98, 0x03, 0x40, 0x06, 0x0d, 0x18, 0x08, 0x04, 0x18, 0x00, 0x0c, 0x08,
  0x00, 0x0f, 0xc8, 0x06, 0x35, 0x04, 0x58, 0x00, 0x0f, 0x50, 0x00, 0x05, 0x0f, 0x20, 0x00, 0x05,
  0x04, 0x18, 0x00, 0x04, 0x08, 0x00, 0x0f, 0x40, 0x00, 0x05, 0x0f, 0x18, 0x00, 0x25, 0x04, 0x58,
  0x00, 0x0c, 0x08, 0x00, 0x0c, 0x50, 0x00, 0x03, 0x20, 0x00, 0x0f, 0x30, 0x06, 0xff, 0xff, 0x2f,
  0x0f, 0x02, 0x00, 0xff, 0x46, 0x04, 0x88, 0x07, 0x0c, 0x08, 0x00, 0x0f, 0x02, 0x00, 0xff, 0x4e,
  0x0f, 0x08, 0x0f, 0x06, 0x03, 0x30, 0x05, 0x05, 0x20, 0x00, 0x04, 0x10, 0x00, 0x0c, 0x58, 0x05,
  0x0f, 0x10, 0x00, 0x25, 0x0f, 0x50, 0x00, 0x0d, 0x0f, 0x20, 0x00, 0x05, 0x04, 0x18, 0x00, 0x04,
  0x08, 0x00, 0x0f, 0x80, 0x00, 0x25, 0x0f, 0x38, 0x00, 0x05, 0x04, 0x58, 0x00, 0x0c, 0x08, 0x00,
  0x04, 0x30, 0x00, 0x04, 0x18, 0x00, 0x04, 0x10, 0x00, 0x04, 0x08, 0x00, 0x04, 0x18, 0x00, 0x0c,
  0x08, 0x00, 0x04, 0x20, 0x00, 0x0f, 0x08, 0x00, 0x2d, 0x04, 0x58, 0x00, 0x0f, 0x48, 0x00, 0x05,
  0x0f, 0x20, 0x00, 0x05, 0x04, 0x18, 0x00, 0x04, 0x08, 0x00, 0x0f, 0x40, 0x00, 0x05, 0x0f, 0x18,
  0x00, 0x25, 0x04, 0x58, 0x00, 0x0c, 0x08, 0x00, 0x0c, 0x50, 0x00, 0x03, 0x20, 0x00, 0x0f, 0xd0,
  0x03, 0xff, 0x4e, 0x0f, 0x02, 0x00, 0xff, 0xff, 0x27, 0x0c, 0x78, 0x07, 0x04, 0x10, 0x00, 0x0f,
  0x02, 0x00, 0xff, 0x4e, 0x05, 0x60, 0x07, 0x0f, 0x30, 0x05, 0x04, 0x05, 0x20, 0x00, 0x03, 0x40,
  0x05, 0x0d, 0xf8, 0x0d, 0x0c, 0x38, 0x00, 0x0f, 0x10, 0x00, 0x15, 0x0f, 0x50, 0x00, 0x0d, 0x0f,
  0x20, 0x00, 0x05, 0x04, 0x18, 0x00, 0x04, 0x08, 0x00, 0x0f, 0x70, 0x00, 0x15, 0x0f, 0x28, 0x00,
  0x15, 0x04, 0x58, 0x00, 0x0c, 0x08, 0x00, 0x03, 0x40, 0x00, 0x04, 0x90, 0x02, 0x05, 0x18, 0x01,
  0x03, 0x18, 0x00, 0x0f, 0x18, 0x01, 0x06, 0x0c, 0x48, 0x00, 0x04, 0x10, 0x00, 0x0f, 0x38, 0x00,
  0x0d, 0x0f, 0x20, 0x00, 0x05, 0x04, 0x40, 0x00, 0x0f, 0x08, 0x00, 0x15, 0x0f, 0x48, 0x00, 0x05,
  0x0f, 0x18, 0x00, 0x2d, 0x04, 0x80, 0x00, 0x0f, 0x48, 0x00, 0x0d, 0x03, 0x28, 0x00, 0x04, 0x38,
  0x01, 0x0f, 0x02, 0x00, 0xff, 0xff, 0xff, 0xff, 0xff, 0x0a, 0x0f, 0x50, 0x06, 0xff, 0x16, 0x04,
  0x40, 0x06, 0x0f, 0x30, 0x01, 0xff, 0x16, 0x04, 0x28, 0x01, 0x04, 0x38, 0x01, 0x0f, 0x02, 0x00,
  0xff, 0xff, 0xff, 0xff, 0xff, 0x0a, 0x04, 0x28, 0x05, 0x0f, 0xc8, 0x0d, 0x06, 0x04, 0xe8, 0x0c,
  0x03, 0xd0, 0x0c, 0x05, 0x30, 0x00, 0x04, 0x10, 0x00, 0x04, 0x20, 0x00, 0x0f, 0x08, 0x00, 0x1d,
  0x04, 0x40, 0x00, 0x0f, 0x08, 0x00, 0x15, 0x0f, 0x60, 0x00, 0x1d, 0x0f, 0x30, 0x00, 0x15, 0x04,
  0x80, 0x00, 0x0f, 0x30, 0x00, 0x0c, 0x0c, 0x40, 0x06, 0x0f, 0x08, 0x01, 0x26, 0x04, 0x70, 0x00,
  0x0f, 0x08, 0x00, 0x05, 0x0f, 0x88, 0x00, 0x0c, 0x0d, 0x78, 0x00, 0x0f, 0x48, 0x00, 0x25, 0x0f,
  0x68, 0x00, 0x25, 0x0f, 0x38, 0x00, 0x14, 0x0c, 0x30, 0x01, 0x0f, 0x02, 0x00, 0xff, 0xff, 0xff,
  0xff, 0xff, 0x12, 0x0d, 0xd8, 0x05, 0x0f, 0x68, 0x05, 0x0d, 0x04, 0x20, 0x00, 0x0f, 0x00, 0x06,
  0x05, 0x04, 0x18, 0x00, 0x04, 0x28, 0x00, 0x0f, 0x08, 0x00, 0x05, 0x04, 0x28, 0x00, 0x0f, 0x08,
  0x00, 0x0d, 0x0f, 0x40, 0x00, 0x05, 0x0f, 0x18, 0x00, 0x15, 0x0f, 0x60, 0x00, 0x05, 0x0f, 0x40,
  0x00, 0x0d, 0x03, 0x38, 0x00, 0x0c, 0x40, 0x06, 0x0f, 0x30, 0x01, 0xff, 0x1e, 0x0f, 0x02, 0x00,
  0xff, 0xff, 0xff, 0xff, 0xff, 0x12, 0x0f, 0x50, 0x06, 0xff, 0x2e, 0x0d, 0x40, 0x01, 0x03, 0xb8,
  0x07, 0x0f, 0x58, 0x10, 0x0e, 0x0c, 0x00, 0x08, 0x04, 0x38, 0x00, 0x0f, 0x08, 0x00, 0x05, 0x0f,
  0x30, 0x00, 0x05, 0x0f, 0x18, 0x00, 0x05, 0x0f, 0x48, 0x00, 0x05, 0x0f, 0x18, 0x00, 0x15, 0x0c,
  0x58, 0x00, 0x0c, 0x10, 0x00, 0x0b, 0x48, 0x00, 0x0f, 0x68, 0x07, 0xff, 0xff, 0xff, 0xff, 0xff,
  0x12, 0x0f, 0x02, 0x00, 0x15, 0x0f, 0x50, 0x06, 0xff, 0x1e, 0x0f, 0x30, 0x01, 0xff, 0x1e, 0x0f,
  0x02, 0x00, 0xff, 0xff, 0xff, 0xff, 0xff, 0x12, 0x0f, 0x50, 0x06, 0xff, 0x36, 0x05, 0x48, 0x01,
  0x0c, 0x38, 0x0e, 0x0f, 0x10, 0x00, 0x2d, 0x04, 0x78, 0x0e, 0x04, 0x48, 0x00, 0x0c, 0x10, 0x00,
  0x04, 0x18, 0x00, 0x0f, 0x08, 0x00, 0x35, 0x04, 0x60, 0x00, 0x0b, 0x08, 0x00, 0x0f, 0x48, 0x07,
  0xff, 0xff, 0xff, 0xff, 0xff, 0x12, 0x0f, 0x02, 0x00, 0x3d, 0x0f, 0x50, 0x06, 0xff, 0x1e, 0x0f,
  0x30, 0x01, 0xff, 0x1e, 0x0f, 0x02, 0x00, 0xff, 0xff, 0xff, 0xff, 0xff, 0x12, 0x0f, 0x50, 0x06,
  0xff, 0x1e, 0x0f, 0x30, 0x01, 0x3e, 0x04, 0x80, 0x0e, 0x0f, 0xd8, 0x0e, 0x05, 0x0f, 0x20, 0x00,
  0x0d, 0x0f, 0x38, 0x00, 0x05, 0x0f, 0x18, 0x00, 0x05, 0x03, 0x50, 0x00, 0x0f, 0x18, 0x07, 0xff,
  0xff, 0xff, 0xff, 0xff, 0x12, 0x0f, 0x02, 0x00, 0x55, 0x0f, 0x50, 0x06, 0xff, 0x1e, 0x0f, 0x30,
  0x01, 0xff, 0x1e, 0x0f, 0x02, 0x00, 0xff, 0xff, 0xff, 0xff, 0xff, 0x12, 0x0f, 0x50, 0x06, 0xff,
  0x1e, 0x0f, 0x30, 0x01, 0x36, 0x03, 0x88, 0x0e, 0x0f, 0x50, 0x2d, 0x16, 0x0f, 0x30, 0x00, 0x1d,
  0x0c, 0x00, 0x0f, 0x03, 0x40, 0x00, 0x0f, 0x10, 0x07, 0xff, 0xff, 0xff, 0xff, 0xff, 0x12, 0x0f,
  0x02, 0x00, 0x5d, 0x0f, 0x50, 0x06, 0xff, 0x1e, 0x0f, 0x30, 0x01, 0xff, 0x1e, 0x0f, 0x02, 0x00,
  0xff, 0xff, 0xff, 0xff, 0xff, 0x12, 0x0f, 0x50, 0x06, 0xff, 0x1e, 0x0f, 0x30, 0x01, 0x2e, 0x03,
  0x88, 0x0e, 0x0f, 0xf8, 0x0e, 0x16, 0x0f, 0xc8, 0x0e, 0x04, 0x0f, 0x40, 0x00, 0x1e, 0x03, 0x78,
  0x00, 0x0f, 0x10, 0x07, 0xff, 0xff, 0xff, 0xff, 0xff, 0x12, 0x0f, 0x02, 0x00, 0x5d, 0x0f, 0x50,
  0x06, 0xff, 0x1e, 0x0f, 0x30, 0x01, 0xff, 0x1e, 0x0f, 0x02, 0x00, 0xff, 0xff, 0xff, 0xff, 0xff,
  0x12, 0x0f, 0x50, 0x06, 0xff, 0x1e, 0x0f, 0x30, 0x01, 0x26, 0x03, 0x80, 0x0e, 0x0f, 0xb8, 0x0e,
  0x1e, 0x0c, 0x00, 0x0f, 0x04, 0x10, 0x00, 0x0f, 0x50, 0x00, 0x25, 0x03, 0x38, 0x00, 0x0f, 0x18,
  0x07, 0xff, 0xff, 0xff, 0xff, 0xff, 0x12, 0x0f, 0x02, 0x00, 0x55, 0x0f, 0x50, 0x06, 0xff, 0x1e,
  0x0f, 0x30, 0x01, 0xff, 0x1e, 0x0f, 0x02, 0x00, 0xff, 0xff, 0xff, 0xff, 0xff, 0x12, 0x0f, 0x50,
  0x06, 0xff, 0x16, 0x0f, 0x28, 0x01, 0x76, 0x04, 0x00, 0x0f, 0x04, 0x08, 0x00, 0x03, 0xd0, 0x0e,
  0x0f, 0xa0, 0x00, 0x16, 0x0b, 0x30, 0x00, 0x0f, 0x20, 0x07, 0xff, 0xff, 0xff, 0xff, 0xff, 0x12,
  0x0f, 0x02, 0x00, 0x45, 0x0f, 0xb0, 0x05, 0x16, 0x04, 0xe8, 0x05, 0x04, 0x08, 0x00, 0x04, 0xc0,
  0x05, 0x04, 0x10, 0x00, 0x0f, 0x08, 0x00, 0x3d, 0x04, 0x60, 0x00, 0x04, 0x08, 0x00, 0x0f, 0x60,
  0x00, 0x0d, 0x04, 0x28, 0x00, 0x03, 0x08, 0x00, 0x0f, 0x30, 0x01, 0xff, 0x76, 0x0f, 0x02, 0x00,
  0xff, 0xff, 0xff, 0xff, 0xff, 0x12, 0x0f, 0x80, 0x07, 0xff, 0x4f, 0x03, 0x10, 0x08, 0x0f, 0xf0,
  0x1d, 0x36, 0x0f, 0x88, 0x08, 0x0d, 0x04, 0x20, 0x00, 0x0f, 0x78, 0x00, 0x15, 0x03, 0x28, 0x00,
  0x0f, 0x28, 0x07, 0xff, 0xff, 0xff, 0xff, 0xff, 0x12, 0x0f, 0x02, 0x00, 0x45, 0x0f, 0x80, 0x07,
  0x1e, 0x03, 0xb0, 0x05, 0x0f, 0x50, 0x06, 0xe5, 0x0f, 0x30, 0x01, 0xff, 0x1e, 0x0f, 0x02, 0x00,
  0xff, 0xff, 0xff, 0xff, 0xff, 0x12, 0x0f, 0x50, 0x06, 0xff, 0x16, 0x0f, 0x28, 0x01, 0x16, 0x04,
  0xa0, 0x08, 0x04, 0x08, 0x00, 0x04, 0x90, 0x0e, 0x0f, 0x08, 0x00, 0x15, 0x04, 0x38, 0x00, 0x0f,
  0x08, 0x00, 0x05, 0x0f, 0x48, 0x00, 0x15, 0x04, 0x28, 0x00, 0x04, 0x48, 0x00, 0x04, 0x10, 0x00,
  0x0c, 0x08, 0x00, 0x04, 0x20, 0x00, 0x03, 0x08, 0x00, 0x0f, 0x30, 0x07, 0xff, 0xff, 0xff, 0xff,
  0xff, 0x12, 0x0f, 0x02, 0x00, 0x35, 0x0f, 0x50, 0x06, 0xff, 0x1e, 0x0f, 0x30, 0x01, 0xff, 0x1e,
  0x0f, 0x02, 0x00, 0xff, 0xff, 0xff, 0xff, 0xff, 0x12, 0x0f, 0x50, 0x06, 0xff, 0x16, 0x75, 0x12,
  0x38, 0x24, 0xff, 0x12, 0x38, 0x24, 0x20, 0x0e, 0x0f, 0x78, 0x17, 0x3e, 0x03, 0x78, 0x0e, 0x04,
  0x90, 0x01, 0x3f, 0x2f, 0x69, 0x4b, 0x04, 0x00, 0x0a, 0x04, 0x28, 0x00, 0x05, 0x08, 0x00, 0x0c,
  0xd0, 0x0e, 0x0f, 0x10, 0x00, 0x05, 0x04, 0x68, 0x00, 0x0f, 0x20, 0x00, 0x0c, 0x0f, 0x38, 0x07,
  0xff, 0xff, 0xff, 0xff, 0xff, 0x12, 0x0f, 0x02, 0x00, 0x2d, 0x0f, 0x50, 0x06, 0xff, 0x1e, 0x0f,
  0x30, 0x01, 0xff, 0x1e, 0x0f, 0x02, 0x00, 0xff, 0xff, 0xff, 0xff, 0xff, 0x12, 0x0f, 0x50, 0x06,
  0xff, 0x16, 0x0f, 0x28, 0x01, 0x46, 0x04, 0x88, 0x0e, 0x03, 0x08, 0x00, 0x0f, 0xec, 0x0e, 0x09,
  0x0f, 0x1c, 0x00, 0x11, 0x05, 0x08, 0x0f, 0x03, 0x50, 0x00, 0x0f, 0xa0, 0x0f, 0x2e, 0x03, 0x48,
  0x00, 0x0f, 0x48, 0x07, 0xff, 0xff, 0xff, 0xff, 0xff, 0x12, 0x0f, 0x02, 0x00, 0x1d, 0x0f, 0x50,
  0x06, 0xff, 0x1e, 0x0f, 0x30, 0x01, 0xff, 0x1e, 0x0f, 0x02, 0x00, 0xff, 0xff, 0xff, 0xff, 0xff,
  0x12, 0x0f, 0x50, 0x06, 0xff, 0x0e, 0x04, 0x20, 0x01, 0x0c, 0x08, 0x00, 0x05, 0x60, 0x0e, 0x0f,
  0x38, 0x1d, 0x05, 0x0f, 0x18, 0x00, 0x0d, 0x03, 0x50, 0x0e, 0x04, 0x48, 0x00, 0x0f, 0xd4, 0x0e,
  0x11, 0x0f, 0x24, 0x00, 0x21, 0x04, 0x60, 0x00, 0x0d, 0x08, 0x00, 0x0f, 0xa0, 0x00, 0x0d, 0x0c,
  0x20, 0x00, 0x03, 0xb0, 0x00, 0x0c, 0x08, 0x01, 0x0f, 0x60, 0x07, 0xff, 0xff, 0xff, 0xff, 0xff,
  0x12, 0x0c, 0x02, 0x00, 0x0c, 0x40, 0x05, 0x04, 0x10, 0x00, 0x05, 0xa0, 0x05, 0x0c, 0x78, 0x05,
  0x0f, 0x10, 0x00, 0x15, 0x03, 0xa0, 0x05, 0x04, 0x48, 0x00, 0x0f, 0x2c, 0x06, 0x21, 0x0f, 0x34,
  0x00, 0x11, 0x04, 0x60, 0x00, 0x0d, 0x08, 0x00, 0x0f, 0xa8, 0x00, 0x15, 0x04, 0x28, 0x00, 0x03,
  0xb0, 0x00, 0x04, 0x00, 0x01, 0x04, 0x08, 0x00, 0x0f, 0x30, 0x01, 0xff, 0x2e, 0x0f, 0x02, 0x00,
  0xff, 0xff, 0xff, 0xff, 0xff, 0x12, 0x04, 0x68, 0x06, 0x0c, 0x08, 0x00, 0x05, 0xd0, 0x06, 0x04,
  0xa0, 0x06, 0x0f, 0x08, 0x00, 0x1d, 0x03, 0xd0, 0x06, 0x04, 0x48, 0x00, 0x0f, 0x4c, 0x07, 0x11,
  0x0f, 0x24, 0x00, 0x21, 0x04, 0x60, 0x00, 0x0d, 0x08, 0x00, 0x0f, 0xb0, 0x00, 0x24, 0x0c, 0x08,
  0x01, 0x04, 0x40, 0x06, 0x0c, 0x18, 0x00, 0x04, 0x10, 0x00, 0x05, 0x78, 0x00, 0x0f, 0x70, 0x00,
  0x15, 0x0b, 0x18, 0x01, 0x04, 0x40, 0x00, 0x0f, 0xfc, 0x00, 0x21, 0x0f, 0x34, 0x00, 0x31, 0x04,
  0x80, 0x00, 0x0d, 0x08, 0x00, 0x0f, 0xd0, 0x00, 0x1c, 0x04, 0x10, 0x01, 0x04, 0x08, 0x00, 0x04,
  0x38, 0x01, 0x0f, 0x02, 0x00, 0xff, 0xff, 0xff, 0xff, 0xff, 0x0a, 0x04, 0x28, 0x05, 0x0c, 0x08,
  0x00, 0x05, 0x88, 0x05, 0x0f, 0x80, 0x05, 0x1c, 0x05, 0x38, 0x00, 0x03, 0x60, 0x06, 0x0f, 0x1c,
  0x06, 0x31, 0x0f, 0x44, 0x00, 0x21, 0x0c, 0x88, 0x00, 0x05, 0x10, 0x00, 0x0f, 0xd0, 0x00, 0x1c,
  0x0c, 0x18, 0x01, 0x0f, 0x10, 0x00, 0x05, 0x0f, 0x60, 0x00, 0x25, 0x05, 0x38, 0x00, 0x0f, 0x30,
  0x01, 0xc4, 0x0f, 0x78, 0x07, 0xff, 0xff, 0xff, 0xff, 0xff, 0x0a, 0x04, 0x02, 0x00, 0x0f, 0x50,
  0x06, 0xff, 0x1e, 0x0c, 0x30, 0x01, 0x76, 0x1b, 0x51, 0x35, 0xff, 0x1b, 0x51, 0x35, 0x48, 0x07,
  0x0f, 0xe0, 0x07, 0x05, 0x03, 0x60, 0x07, 0x04, 0x28, 0x00, 0x0f, 0x54, 0x08, 0x21, 0x0f, 0x34,
  0x00, 0x59, 0x04, 0xa8, 0x00, 0x0d, 0x08, 0x00, 0x0f, 0xe0, 0x00, 0x05, 0x04, 0x18, 0x00, 0x03,
  0xe8, 0x00, 0x0c, 0x28, 0x01, 0x04, 0x70, 0x02, 0x0f, 0x02, 0x00, 0xff, 0xff, 0xff, 0xff, 0xf9,
  0x0c, 0x20, 0x05, 0x04, 0x10, 0x00, 0x0f, 0x50, 0x06, 0xff, 0x16, 0x0f, 0x30, 0x01, 0xff, 0x1e,
  0x0f, 0x78, 0x07, 0xff, 0xff, 0xff, 0xff, 0xf9, 0x04, 0x02, 0x00, 0x04, 0x40, 0x06, 0x0c, 0x08,
  0x00, 0x0f, 0x80, 0x07, 0xff, 0x16, 0x0d, 0x28, 0x01, 0x03, 0xf8, 0x0d, 0x0d, 0x30, 0x0e, 0x0b,
  0x18, 0x00, 0x0f, 0xc4, 0x0e, 0x59, 0x0f, 0x6c, 0x00, 0x41, 0x0f, 0xe0, 0x00, 0x0d, 0x04, 0x20,
  0x00, 0x0c, 0x58, 0x02, 0x04, 0x10, 0x00, 0x04, 0x80, 0x02, 0x0f, 0x02, 0x00, 0xff, 0xff, 0xff,
  0xff, 0xe9, 0x04, 0x08, 0x05, 0x0c, 0x08, 0x00, 0x0f, 0x50, 0x06, 0xff, 0x1e, 0x0f, 0x30, 0x01,
  0xff, 0x1e, 0x04, 0x70, 0x02, 0x0f, 0x78, 0x07, 0xff, 0xff, 0xff, 0xff, 0xe9, 0x04, 0x02, 0x00,
  0x04, 0x08, 0x05, 0x0c, 0x08, 0x00, 0x0f, 0x50, 0x06, 0xff, 0x16, 0x04, 0x28, 0x01, 0x04, 0x08,
  0x00, 0x04, 0xf0, 0x0d, 0x0f, 0x08, 0x00, 0x0d, 0x0f, 0x8c, 0x0e, 0x41, 0x0f, 0x54, 0x00, 0x71,
  0x0f, 0xf8, 0x00, 0x05, 0x04, 0x9c, 0x00, 0x0c, 0x68, 0x02, 0x04, 0x10, 0x00, 0x04, 0x90, 0x02,
  0x0f, 0x02, 0x00, 0xff, 0xff, 0xff, 0xff, 0xd9, 0x04, 0xf8, 0x04, 0x0c, 0x08, 0x00, 0x04, 0x48,
  0x06, 0x04, 0x08, 0x00, 0x0f, 0x50, 0x05, 0x05, 0x0c, 0x18, 0x00, 0x04, 0x60, 0x05, 0x0f, 0x08,
  0x00, 0xbd, 0x0c, 0xe8, 0x00, 0x04, 0x10, 0x00, 0x04, 0xe8, 0x00, 0x04, 0x28, 0x01, 0x04, 0x08,
  0x00, 0x04, 0x20, 0x00, 0x0f, 0x08, 0x00, 0x0d, 0x04, 0x40, 0x00, 0x0f, 0x08, 0x00, 0xbd, 0x0f,
  0xf8, 0x00, 0x05, 0x04, 0xe8, 0x00, 0x0c, 0x70, 0x02, 0x04, 0x10, 0x00, 0x0f, 0x78, 0x07, 0xff,
  0xff, 0xff, 0xff, 0xd9, 0x04, 0x02, 0x00, 0x04, 0xf8, 0x04, 0x0c, 0x08, 0x00, 0x04, 0x48, 0x06,
  0x04, 0x08, 0x00, 0x0f, 0x50, 0x05, 0x05, 0x0c, 0x18, 0x00, 0x04, 0x60, 0x05, 0x0f, 0x08, 0x00,
  0xbd, 0x0c, 0xe8, 0x00, 0x04, 0x10, 0x00, 0x04, 0xe8, 0x00, 0x04, 0x28, 0x01, 0x04, 0x08, 0x00,
  0x04, 0x20, 0x00, 0x0c, 0x08, 0x00, 0x04, 0x30, 0x00, 0x0f, 0x08, 0x00, 0xdd, 0x04, 0x08, 0x01,
  0x0c, 0xf8, 0x00, 0x0c, 0x78, 0x02, 0x04, 0x10, 0x00, 0x04, 0xa0, 0x02, 0x0f, 0x02, 0x00, 0xff,
  0xff, 0xff, 0xff, 0xc9, 0x04, 0xe8, 0x04, 0x0c, 0x08, 0x00, 0x04, 0x40, 0x06, 0x0c, 0x08, 0x00,
  0x04, 0x40, 0x05, 0x0c, 0x08, 0x00, 0x0c, 0x50, 0x05, 0x0f, 0x10, 0x00, 0xd5, 0x04, 0x08, 0x01,
  0x04, 0xf0, 0x00, 0x0f, 0x30, 0x01, 0xff, 0x1e, 0x04, 0x38, 0x01, 0x0c, 0x80, 0x02, 0x04, 0x10,
  0x00, 0x0f, 0x78, 0x07, 0xff, 0xff, 0xff, 0xff, 0xc9, 0x04, 0x02, 0x00, 0x04, 0xe8, 0x04, 0x0c,
  0x08, 0x00, 0x0c, 0x48, 0x06, 0x04, 0x10, 0x00, 0x04, 0x70, 0x06, 0x0c, 0x08, 0x00, 0x04, 0x48,
  0x05, 0x0f, 0x08, 0x00, 0xdd, 0x04, 0x08, 0x01, 0x04, 0xf8, 0x00, 0x04, 0x28, 0x01, 0x0c, 0x08,
  0x00, 0x04, 0x20, 0x00, 0x0f, 0x08, 0x00, 0xff, 0x0e, 0x0c, 0x88, 0x02, 0x04, 0x10, 0x00, 0x04,
  0xb0, 0x02, 0x0f, 0x02, 0x00, 0xff, 0xff, 0xff, 0xff, 0xb9, 0x04, 0xd8, 0x04, 0x0c, 0x08, 0x00,
  0x0c, 0x38, 0x06, 0x0f, 0x10, 0x00, 0x05, 0x0f, 0x48, 0x06, 0xff, 0x06, 0x0f, 0x30, 0x01, 0xff,
  0x1e, 0x0c, 0x48, 0x02, 0x0c, 0x90, 0x02, 0x04, 0x10, 0x00, 0x0f, 0x78, 0x07, 0xff, 0xff, 0xff,
  0xff, 0xb9, 0x04, 0x02, 0x00, 0x04, 0xd8, 0x04, 0x0c, 0x08, 0x00, 0x0f, 0x40, 0x06, 0x05, 0x0c,
  0x18, 0x00, 0x0c, 0x38, 0x05, 0x0f, 0x10, 0x00, 0xf5, 0x0f, 0x28, 0x01, 0xff, 0x16, 0x0f, 0x30,
  0x02, 0x0d, 0x0c, 0x98, 0x02, 0x04, 0xb8, 0x02, 0x0f, 0x02, 0x00, 0xff, 0xff, 0xff, 0xff, 0xb9,
  0x0c, 0xe0, 0x04, 0x0c, 0x38, 0x06, 0x0f, 0x10, 0x00, 0x05, 0x0f, 0x38, 0x05, 0x0d, 0x0f, 0x20,
  0x00, 0xed, 0x0c, 0x38, 0x01, 0x0f, 0x10, 0x01, 0xed, 0x0f, 0x00, 0x01, 0x25, 0x0c, 0xa0, 0x02,
  0x0f, 0x78, 0x07, 0xff, 0xff, 0xff, 0xff, 0xb9, 0x04, 0x02, 0x00, 0x0c, 0xe0, 0x04, 0x0c, 0x38,
  0x06, 0x0f, 0x10, 0x00, 0x05, 0x0f, 0x50, 0x05, 0x25, 0x0f, 0x38, 0x00, 0xd5, 0x0c, 0x38, 0x01,
  0x0f, 0xf8, 0x00, 0xd5, 0x0f, 0xe8, 0x00, 0x45, 0x0c, 0xa8, 0x02, 0x04, 0xc0, 0x02, 0x0f, 0x02,
  0x00, 0xff, 0xff, 0xff, 0xff, 0xa9, 0x0c, 0xd0, 0x04, 0x39, 0x3b, 0x56, 0x8f, 0x04, 0x00, 0x0c,
  0x40, 0x06, 0x0c, 0x10, 0x00, 0x0f, 0x68, 0x05, 0x45, 0x0f, 0x58, 0x00, 0xb5, 0x0f, 0x30, 0x01,
  0xff, 0x1e, 0x0f, 0xf8, 0x01, 0x0d, 0x0c, 0xb0, 0x02, 0x0f, 0x78, 0x07, 0xff, 0xff, 0xff, 0xff,
  0xa9, 0x04, 0x02, 0x00, 0x0c, 0xd0, 0x04, 0x08, 0x7c, 0x07, 0x0f, 0x80, 0x07, 0xff, 0x32, 0x04,
  0x50, 0x01, 0x0f, 0x58, 0x06, 0x0d, 0x0f, 0x20, 0x00, 0xff, 0x16, 0x0c, 0xb0, 0x02, 0x04, 0xc8,
  0x02, 0x0f, 0x02, 0x00, 0xff, 0xff, 0xff, 0xff, 0xa9, 0x04, 0xd0, 0x04, 0x3f, 0x26, 0x71, 0xdf,
  0x04, 0x00, 0x02, 0x04, 0x40, 0x06, 0x0c, 0x08, 0x00, 0x0f, 0x30, 0x06, 0xff, 0x16, 0x04, 0x38,
  0x01, 0x0f, 0x30, 0x01, 0xff, 0x16, 0x0f, 0x28, 0x01, 0x0d, 0x04, 0xb0, 0x02, 0x04, 0x08, 0x00,
  0x0f, 0x78, 0x07, 0xff, 0xff, 0xff, 0xff, 0xa9, 0x04, 0x02, 0x00, 0x04, 0xc8, 0x04, 0x0f, 0x7c,
  0x07, 0x01, 0x0f, 0x80, 0x07, 0xff, 0x32, 0x04, 0x80, 0x16, 0x04, 0x88, 0x07, 0x0c, 0x08, 0x00,
  0x0f, 0x70, 0x06, 0x0d, 0x0f, 0x20, 0x00, 0xfd, 0x04, 0xb0, 0x02, 0x04, 0x08, 0x00, 0x04, 0xc8,
  0x02, 0x0f, 0x02, 0x00, 0xff, 0xff, 0xff, 0xff, 0xa9, 0x0f, 0x78, 0x07, 0x05, 0x0c, 0x18, 0x00,
  0x04, 0x48, 0x06, 0x04, 0x08, 0x00, 0x0c, 0x48, 0x06, 0x04, 0x10, 0x00, 0x0f, 0x30, 0x06, 0xfd,
  0x0f, 0x30, 0x01, 0xff, 0x1e, 0x0f, 0x40, 0x02, 0x0d, 0x04, 0x78, 0x07, 0x04, 0x08, 0x00, 0x0f,
  0x78, 0x07, 0xff, 0xff, 0xff, 0xff, 0xa9, 0x04, 0x02, 0x00, 0x0c, 0x68, 0x07, 0x0f, 0x10, 0x00,
  0x05, 0x04, 0x48, 0x06, 0x04, 0x08, 0x00, 0x04, 0x70, 0x07, 0x0c, 0x08, 0x00, 0x0f, 0x40, 0x05,
  0x0d, 0x0f, 0x20, 0x00, 0xdd, 0x04, 0x30, 0x01, 0x39, 0x63, 0x57, 0xd9, 0x04, 0x00, 0x04, 0x08,
  0x01, 0x0c, 0x40, 0x01, 0x04, 0x10, 0x00, 0x04, 0x20, 0x00, 0x0f, 0x08, 0x00, 0xff, 0x06, 0x04,
  0x80, 0x07, 0x04, 0x08, 0x00, 0x04, 0xd0, 0x02, 0x0f, 0x02, 0x00, 0xff, 0xff, 0xff, 0xff, 0x99,
  0x04, 0xb8, 0x04, 0x0f, 0x70, 0x07, 0x05, 0x0c, 0x18, 0x00, 0x04, 0x48, 0x06, 0x04, 0x08, 0x00,
  0x08, 0x4c, 0x06, 0x0f, 0x50, 0x06, 0xff, 0x0a, 0x0f, 0x30, 0x01, 0xff, 0x1e, 0x0f, 0x70, 0x08,
  0x15, 0x04, 0xc0, 0x02, 0x04, 0x08, 0x00, 0x0f, 0x78, 0x07, 0xff, 0xff, 0xff, 0xff, 0x99, 0x04,
  0x02, 0x00, 0x04, 0xb8, 0x04, 0x0c, 0x68, 0x07, 0x0f, 0x10, 0x00, 0x05, 0x04, 0x48, 0x06, 0x04,
  0x08, 0x00, 0x0f, 0x80, 0x07, 0xff, 0x16, 0x0c, 0x28, 0x01, 0x0c, 0x10, 0x00, 0x04, 0x70, 0x06,
  0x75, 0xe1, 0x6e, 0x5b, 0xff, 0xe1, 0x6e, 0x5b, 0x9c, 0xd1, 0x04, 0x08, 0x0f, 0x04, 0x08, 0x00,
  0x04, 0x28, 0x00, 0x0f, 0x08, 0x00, 0xf5, 0x04, 0xc0, 0x02, 0x04, 0x08, 0x00, 0x04, 0xd8, 0x02,
  0x0f, 0x02, 0x00, 0xff, 0xff, 0xff, 0xff, 0x99, 0x04, 0xb8, 0x04, 0x0f, 0x70, 0x07, 0x05, 0x0c,
  0x18, 0x00, 0x0f, 0x78, 0x07, 0x05, 0x0f, 0x50, 0x06, 0xff, 0x0e, 0x0c, 0x20, 0x01, 0x0c, 0x10,
  0x00, 0x04, 0x50, 0x07, 0x0f, 0x80, 0x07, 0xff, 0xff, 0xff, 0xff, 0xff, 0xff, 0xff, 0x6c, 0x04,
  0x78, 0x07, 0x0c, 0x08, 0x00, 0x04, 0x98, 0x07, 0x04, 0x08, 0x00, 0x04, 0x08, 0x0f, 0x04, 0x08,
  0x00, 0x04, 0x18, 0x00, 0x0f, 0x08, 0x00, 0xe5, 0x04, 0x40, 0x0a, 0x04, 0x08, 0x00, 0x0f, 0xf8,
  0x0e, 0xff, 0xff, 0xff, 0xff, 0x99, 0x04, 0x02, 0x00, 0x04, 0xb8, 0x04, 0x04, 0x08, 0x00, 0x0c,
  0xf0, 0x0e, 0x04, 0x10, 0x00, 0x04, 0xf8, 0x0e, 0x04, 0x08, 0x00, 0x0c, 0xc0, 0x0d, 0x0c, 0x10,
  0x00, 0x0c, 0x48, 0x06, 0x04, 0x10, 0x00, 0x0c, 0x28, 0x06, 0x04, 0x48, 0x06, 0x04, 0x08, 0x00,
  0x0c, 0x20, 0x00, 0x0f, 0x10, 0x00, 0xb5, 0x0c, 0x20, 0x01, 0x0c, 0x10, 0x00, 0x04, 0x20, 0x01,
  0x0c, 0x08, 0x00, 0x0c, 0x00, 0x01, 0x04, 0x28, 0x01, 0x04, 0x08, 0x00, 0x0c, 0x20, 0x00, 0x0f,
  0x10, 0x00, 0xdd, 0x04, 0xb8, 0x02, 0x04, 0x08, 0x00, 0x04, 0xd8, 0x02, 0x0f, 0x02, 0x00, 0xff,
  0xff, 0xff, 0xff, 0x99, 0x04, 0xb8, 0x04, 0x04, 0x08, 0x00, 0x04, 0x70, 0x07, 0x0c, 0x08, 0x00,
  0x04, 0x78, 0x07, 0x04, 0x08, 0x00, 0x0c, 0x40, 0x06, 0x0c, 0x10, 0x00, 0x0c, 0x48, 0x06, 0x04,
  0x10, 0x00, 0x0c, 0x20, 0x06, 0x04, 0x48, 0x06, 0x04, 0x08, 0x00, 0x0c, 0x20, 0x00, 0x0f, 0x10,
  0x00, 0xb5, 0x0f, 0x38, 0x01, 0x05, 0x0c, 0xe0, 0x00, 0x0f, 0x28, 0x01, 0x05, 0x0f, 0x28, 0x00,
  0x05, 0x04, 0x38, 0x01, 0x0f, 0x08, 0x00, 0x05, 0x0c, 0x38, 0x00, 0x0f, 0x10, 0x00, 0xbd, 0x04,
  0xb8, 0x02, 0x04, 0x08, 0x00, 0x0f, 0x78, 0x07, 0xff, 0xff, 0xff, 0xff, 0x99, 0x04, 0x02, 0x00,
  0x04, 0xb8, 0x04, 0x04, 0x08, 0x00, 0x04, 0x28, 0x06, 0x0f, 0x08, 0x00, 0x15, 0x0c, 0x78, 0x07,
  0x0c, 0xe0, 0x05, 0x0f, 0x50, 0x06, 0xf5, 0x04, 0x50, 0x01, 0x0f, 0x30, 0x01, 0xff, 0x16, 0x0c,
  0x48, 0x02, 0x0f, 0x10, 0x00, 0x05, 0x04, 0xb8, 0x02, 0x04, 0x08, 0x00, 0x04, 0xd8, 0x02, 0x0f,
  0x02, 0x00, 0xff, 0xff, 0xff, 0xff, 0x99, 0x04, 0xb8, 0x04, 0x04, 0x08, 0x00, 0x04, 0x28, 0x06,
  0x0f, 0x08, 0x00, 0x15, 0x0f, 0x50, 0x06, 0xff, 0x16, 0x04, 0x50, 0x01, 0x0f, 0x48, 0x06, 0x05,
  0x0f, 0x18, 0x00, 0x15, 0x04, 0xd0, 0x08, 0x0c, 0x08, 0x00, 0x0f, 0x40, 0x00, 0x05, 0x0f, 0x18,
  0x0f, 0x05, 0x0f, 0x18, 0x00, 0x05, 0x0f, 0x48, 0x00, 0x05, 0x0f, 0x18, 0x00, 0x85, 0x04, 0xb8,
  0x02, 0x04, 0x08, 0x00, 0x0f, 0x78, 0x07, 0xff, 0xff, 0xff, 0x98, 0x39, 0xf8, 0xbe, 0xb8, 0x04,
  0x00, 0x0f, 0xb8, 0x03, 0xe5, 0x04, 0xb8, 0x04, 0x04, 0x08, 0x00, 0x04, 0x28, 0x06, 0x0f, 0x08,
  0x00, 0x15, 0x0f, 0x98, 0x05, 0x2d, 0x0c, 0x48, 0x06, 0x04, 0x10, 0x00, 0x0f, 0x58, 0x00, 0x05,
  0x0f, 0x38, 0x06, 0x05, 0x0f, 0x18, 0x00, 0x05, 0x0f, 0x48, 0x00, 0x05, 0x0f, 0x18, 0x00, 0x5d,
  0x04, 0x50, 0x01, 0x0f, 0x78, 0x00, 0x2d, 0x04, 0x20, 0x01, 0x0c, 0x08, 0x00, 0x0f, 0x58, 0x00,
  0x05, 0x0f, 0x18, 0x01, 0x05, 0x0f, 0x18, 0x00, 0x05, 0x0f, 0x48, 0x00, 0x05, 0x0f, 0x18, 0x00,
  0x85, 0x04, 0xb8, 0x02, 0x04, 0x08, 0x00, 0x0f, 0xc8, 0x03, 0xe5, 0x0f, 0x02, 0x00, 0xff, 0xff,
  0x9f, 0x08, 0x7c, 0x07, 0x0f, 0x80, 0x07, 0xff, 0xff, 0x9b, 0x04, 0x08, 0x07, 0x04, 0x80, 0x07,
  0x04, 0x10, 0x00, 0x0c, 0x08, 0x00, 0x04, 0x80, 0x96, 0x04, 0x08, 0x00, 0x0c, 0x20, 0x00, 0x0f,
  0x10, 0x00, 0x05, 0x0f, 0x98, 0x07, 0x05, 0x0f, 0x18, 0x00, 0x4d, 0x79, 0x50, 0xe5, 0x99, 0xff,
  0x50, 0xe5, 0x99, 0xf4, 0x72, 0x0f, 0x74, 0x00, 0x11, 0x04, 0x78, 0x07, 0x04, 0x08, 0x00, 0x0f,
  0x88, 0x06, 0xff, 0xff, 0x9f, 0x0f, 0x02, 0x00, 0xdd, 0x0c, 0x78, 0x07, 0x0c, 0x10, 0x00, 0x0f,
  0x10, 0x01, 0xdd, 0x04, 0xb8, 0x04, 0x04, 0x08, 0x00, 0x04, 0xa8, 0x0d, 0x0f, 0x08, 0x00, 0x15,
  0x0f, 0xc8, 0x05, 0x05, 0x0f, 0x18, 0x00, 0x1d, 0x0f, 0x50, 0x06, 0xcd, 0x04, 0x50, 0x01, 0x0f,
  0x18, 0x01, 0x1d, 0x0f, 0x30, 0x00, 0x05, 0x0f, 0x30, 0x01, 0xcd, 0x0f, 0x7c, 0x07, 0x11, 0x0f,
  0x80, 0x07, 0xff, 0xff, 0xff, 0xff, 0xff, 0xff, 0x6f, 0x0f, 0x98, 0x07, 0x05, 0x04, 0xf0, 0x0e,
  0x0f, 0x08, 0x00, 0x05, 0x0f, 0x38, 0x00, 0x05, 0x04, 0x80, 0x0e, 0x0f, 0x20, 0x00, 0x05, 0x0f,
  0x18, 0x00, 0x0d, 0x0c, 0x70, 0x00, 0x0f, 0x30, 0x00, 0x0d, 0x04, 0x20, 0x00, 0x04, 0x78, 0x00,
  0x0c, 0x08, 0x00, 0x04, 0x20, 0x00, 0x0f, 0x08, 0x00, 0x05, 0x04, 0x30, 0x0a, 0x04, 0x08, 0x00,
  0x0f, 0x38, 0x0b, 0xdd, 0x0f, 0x02, 0x00, 0x95, 0x0f, 0xe0, 0x0c, 0xed, 0x0f, 0x02, 0x00, 0xf5,
  0x0c, 0x08, 0x02, 0x0f, 0x10, 0x00, 0x0d, 0x0f, 0x38, 0x01, 0xdd, 0x04, 0xc8, 0x04, 0x04, 0x08,
  0x00, 0x04, 0xb0, 0x0d, 0x0f, 0x08, 0x00, 0x0d, 0x0f, 0x20, 0x05, 0x05, 0x0f, 0x18, 0x00, 0x35,
  0x0c, 0xd8, 0x05, 0x0c, 0x10, 0x00, 0x0f, 0x68, 0x00, 0x05, 0x04, 0xd0, 0x05, 0x0f, 0x20, 0x00,
  0x05, 0x0f, 0x18, 0x00, 0x0d, 0x0f, 0x68, 0x00, 0x15, 0x0c, 0x48, 0x00, 0x04, 0x78, 0x00, 0x0c,
  0x08, 0x00, 0x04, 0x48, 0x01, 0x0c, 0x30, 0x00, 0x0f, 0x10, 0x00, 0x3d, 0x0c, 0xb8, 0x00, 0x0c,
  0x10, 0x00, 0x0f, 0x70, 0x00, 0x05, 0x04, 0xb0, 0x00, 0x0f, 0x20, 0x00, 0x05, 0x0f, 0x18, 0x00,
  0x0d, 0x0f, 0x68, 0x00, 0x15, 0x0c, 0x48, 0x00, 0x04, 0x78, 0x00, 0x0c, 0x08, 0x00, 0x0c, 0x28,
  0x00, 0x0c, 0x10, 0x00, 0x04, 0xa8, 0x02, 0x04, 0x08, 0x00, 0x0f, 0xb0, 0x03, 0xdd, 0x0f, 0x02,
  0x00, 0x95, 0x0c, 0x68, 0x05, 0x0f, 0xb8, 0x00, 0x95, 0x0f, 0x02, 0x00, 0xff, 0x3e, 0x0c, 0x08,
  0x02, 0x0f, 0x10, 0x00, 0x0d, 0x0f, 0x80, 0x01, 0xdd, 0x04, 0xc8, 0x04, 0x04, 0x08, 0x00, 0x04,
  0x30, 0x06, 0x0f, 0x08, 0x00, 0x0d, 0x0c, 0x18, 0x05, 0x0f, 0x10, 0x00, 0x3d, 0x0c, 0xd8, 0x05,
  0x0c, 0x10, 0x00, 0x0f, 0x70, 0x00, 0x05, 0x04, 0xd0, 0x05, 0x0f, 0x20, 0x00, 0x05, 0x0f, 0x18,
  0x00, 0x0d, 0x0f, 0x68, 0x00, 0x15, 0x0c, 0x48, 0x00, 0x04, 0x78, 0x00, 0x0c, 0x08, 0x00, 0x04,
  0x48, 0x01, 0x0c, 0x30, 0x00, 0x0f, 0x10, 0x00, 0x3d, 0x0c, 0xb8, 0x00, 0x0c, 0x10, 0x00, 0x0c,
  0x70, 0x00, 0x0c, 0xa8, 0x00, 0x04, 0x10, 0x00, 0x0c, 0x28, 0x00, 0x0f, 0x10, 0x00, 0x05, 0x0c,
  0x60, 0x00, 0x0c, 0x10, 0x00, 0x0f, 0x38, 0x00, 0x05, 0x0c, 0x18, 0x00, 0x0f, 0x78, 0x00, 0x1d,
  0x04, 0xa8, 0x02, 0x04, 0x08, 0x00, 0x0f, 0xb0, 0x03, 0xdd, 0x0f, 0x02, 0x00, 0x8d, 0x0f, 0x60,
  0x05, 0xfd, 0x0f, 0x02, 0x00, 0xed, 0x0f, 0x10, 0x02, 0x0d, 0x0c, 0x20, 0x00, 0x0f, 0x30, 0x01,
  0xdd, 0x04, 0xc8, 0x04, 0x04, 0x08, 0x00, 0x04, 0x30, 0x06, 0x0f, 0x08, 0x00, 0x0d, 0x0c, 0x48,
  0x05, 0x0f, 0x10, 0x00, 0x3d, 0x0c, 0xd0, 0x05, 0x0c, 0x10, 0x00, 0x0c, 0x70, 0x00, 0x04, 0xc8,
  0x05, 0x0c, 0x08, 0x00, 0x0c, 0x28, 0x00, 0x0f, 0x10, 0x00, 0x05, 0x0c, 0x60, 0x00, 0x0c, 0x10,
  0x00, 0x0f, 0x38, 0x00, 0x05, 0x0c, 0x18, 0x00, 0x04, 0x80, 0x00, 0x04, 0x18, 0x00, 0x04, 0x48,
  0x01, 0x04, 0x10, 0x00, 0x0f, 0x08, 0x00, 0x45, 0x0c, 0xb0, 0x00, 0x0c, 0x10, 0x00, 0x0c, 0x78,
  0x00, 0x04, 0xa8, 0x00, 0x0c, 0x08, 0x00, 0x0c, 0x28, 0x00, 0x0f, 0x10, 0x00, 0x05, 0x0c, 0x60,
  0x00, 0x0c, 0x10, 0x00, 0x0f, 0x38, 0x00, 0x05, 0x0c, 0x18, 0x00, 0x04, 0x80, 0x00, 0x0c, 0x18,
  0x00, 0x0f, 0x10, 0x00, 0x05, 0x04, 0xa8, 0x02, 0x04, 0x08, 0x00, 0x0f, 0xb0, 0x03, 0xdd, 0x0f,
  0x02, 0x00, 0x8d, 0x0c, 0x50, 0x05, 0x0c, 0x10, 0x00, 0x0f, 0xc0, 0x00, 0x8d, 0x0f, 0x02, 0x00,
  0xff, 0x3e, 0x0c, 0x00, 0x02, 0x0f, 0x10, 0x00, 0x0d, 0x0f, 0x80, 0x01, 0xdd, 0x04, 0xc8, 0x04,
  0x04, 0x08, 0x00, 0x04, 0x30, 0x06, 0x0f, 0x08, 0x00, 0x0d, 0x0f, 0x20, 0x05, 0x05, 0x0f, 0x18,
  0x00, 0x35, 0x0c, 0xd0, 0x05, 0x0c, 0x10, 0x00, 0x0c, 0x68, 0x00, 0x04, 0xc8, 0x05, 0x0c, 0x08,
  0x00, 0x0c, 0x28, 0x00, 0x0f, 0x10, 0x00, 0x05, 0x0c, 0x60, 0x00, 0x0c, 0x10, 0x00, 0x0f, 0x38,
  0x00, 0x05, 0x0c, 0x18, 0x00, 0x04, 0x80, 0x00, 0x04, 0x18, 0x00, 0x0c, 0x48, 0x01, 0x04, 0x18,
  0x00, 0x0f, 0x08, 0x00, 0x45, 0x0f, 0xb8, 0x00, 0x1d, 0x0c, 0xb0, 0x00, 0x0f, 0x98, 0x00, 0x15,
  0x0c, 0x68, 0x00, 0x0c, 0x10, 0x00, 0x0f, 0x48, 0x00, 0x15, 0x0f, 0x28, 0x00, 0x1d, 0x04, 0xa8,
  0x02, 0x04, 0x08, 0x00, 0x0f, 0xb0, 0x03, 0xdd, 0x0f, 0x02, 0x00, 0x85, 0x0f, 0x58, 0x05, 0x0d,
  0x0c, 0x20, 0x00, 0x0f, 0xc8, 0x00, 0x85, 0x0f, 0x02, 0x00, 0xff, 0x46, 0x0c, 0x00, 0x02, 0x0c,
  0x10, 0x00, 0x0f, 0x78, 0x01, 0xe5, 0x04, 0xc8, 0x04, 0x04, 0x08, 0x00, 0x0c, 0x30, 0x06, 0x0f,
  0x10, 0x00, 0x0d, 0x0f, 0x40, 0x05, 0x1d, 0x0f, 0x30, 0x00, 0x1d, 0x0f, 0xd8, 0x05, 0x1d, 0x0f,
  0x50, 0x06, 0x7d, 0x0c, 0x40, 0x01, 0x0f, 0x00, 0x01, 0x1d, 0x0f, 0x30, 0x00, 0x1d, 0x0f, 0x30,
  0x01, 0xad, 0x0f, 0xf0, 0x00, 0x0d, 0x04, 0xa8, 0x02, 0x04, 0x08, 0x00, 0x0f, 0xb8, 0x03, 0xe5,
  0x0f, 0x02, 0x00, 0x7d, 0x0c, 0x50, 0x05, 0x0f, 0x10, 0x00, 0x0d, 0x0f, 0xc0, 0x00, 0x7d, 0x0f,
  0x02, 0x00, 0xff, 0x4e, 0x0f, 0x10, 0x02, 0xff, 0x06, 0x04, 0xc8, 0x04, 0x04, 0x08, 0x00, 0x0c,
  0x30, 0x06, 0x0f, 0x10, 0x00, 0x0d, 0x0f, 0x30, 0x05, 0x0d, 0x0f, 0x20, 0x00, 0x2d, 0x0f, 0x50,
  0x06, 0xad, 0x0c, 0x40, 0x01, 0x0f, 0x10, 0x01, 0x2d, 0x0f, 0x40, 0x00, 0x7d, 0x0f, 0xa0, 0x01,
  0x1d, 0x0f, 0xc0, 0x00, 0x25, 0x04, 0xa0, 0x02, 0x04, 0x08, 0x00, 0x0f, 0x30, 0x05, 0xff, 0x4e,
  0x0f, 0x02, 0x00, 0x1d, 0x0f, 0x60, 0x05, 0x0d, 0x0c, 0x20, 0x00, 0x0f, 0x60, 0x00, 0x1d, 0x0f,
  0x02, 0x00, 0xff, 0xb6, 0x0f, 0x08, 0x02, 0xff, 0x06, 0x04, 0xd8, 0x04, 0x04, 0x08, 0x00, 0x0c,
  0x38, 0x06, 0x0f, 0x10, 0x00, 0x05, 0x0f, 0x50, 0x05, 0x25, 0x0f, 0x38, 0x00, 0x85, 0x0f, 0x50,
  0x06, 0x3d, 0x0c, 0x38, 0x01, 0x0f, 0xf8, 0x00, 0x85, 0x0f, 0x98, 0x00, 0x25, 0x0f, 0x30, 0x01,
  0x3d, 0x0f, 0x88, 0x00, 0x05, 0x04, 0x98, 0x02, 0x04, 0x08, 0x00, 0x0f, 0x90, 0x05, 0xff, 0x7e,
  0x0c, 0x58, 0x05, 0x0f, 0x10, 0x00, 0x0d, 0x0f, 0xc0, 0x01, 0xff, 0x7e, 0x0f, 0x02, 0x00, 0x55,
  0x0c, 0x18, 0x02, 0x0f, 0x78, 0x00, 0x55, 0x0f, 0x02, 0x00, 0x8d, 0x04, 0xd8, 0x04, 0x04, 0x08,
  0x00, 0x0c, 0x38, 0x06, 0x0f, 0x10, 0x00, 0x05, 0x0f, 0x30, 0x05, 0x05, 0x0f, 0x18, 0x00, 0xa5,
  0x0f, 0x50, 0x06, 0x3d, 0x0f, 0x38, 0x01, 0xd5, 0x0f, 0xf0, 0x01, 0x45, 0x04, 0x90, 0x02, 0x0c,
  0x08, 0x00, 0x0f, 0x50, 0x03, 0x8d, 0x0f, 0x02, 0x00, 0xe5, 0x0c, 0x60, 0x05, 0x0c, 0x10, 0x00,
  0x0f, 0x18, 0x01, 0xe5, 0x0f, 0x02, 0x00, 0xff, 0xff, 0x0f, 0x0c, 0xe0, 0x04, 0x04, 0x10, 0x00,
  0x0f, 0x40, 0x06, 0x05, 0x0c, 0x18, 0x00, 0x0f, 0x80, 0x05, 0x45, 0x0f, 0x58, 0x00, 0xad, 0x0c,
  0x28, 0x01, 0x04, 0x10, 0x00, 0x0f, 0xd8, 0x00, 0xad, 0x0f, 0xc0, 0x00, 0x55, 0x04, 0x88, 0x02,
  0x0c, 0x08, 0x00, 0x0f, 0xd0, 0x04, 0xff, 0x86, 0x0c, 0x70, 0x07, 0x0c, 0x10, 0x00, 0x0f, 0xb8,
  0x01, 0xff, 0x86, 0x0f, 0x02, 0x00, 0xff, 0x6e, 0x0c, 0xe0, 0x04, 0x04, 0x10, 0x00, 0x04, 0x30,
  0x06, 0x0f, 0x08, 0x00, 0x0d, 0x0f, 0x90, 0x05, 0x55, 0x0f, 0x68, 0x00, 0x9d, 0x0f, 0x38, 0x01,
  0x05, 0x0f, 0xc8, 0x00, 0x9d, 0x0f, 0xb0, 0x00, 0x55, 0x0c, 0x80, 0x52, 0x04, 0x88, 0x02, 0x04,
  0x08, 0x00, 0x0f, 0x28, 0x04, 0xff, 0x6e, 0x0f, 0x02, 0x00, 0x15, 0x0f, 0x78, 0x07, 0xff, 0xff,
  0xff, 0x18, 0x0c, 0x02, 0x00, 0x04, 0xe8, 0x04, 0x04, 0x08, 0x00, 0x0f, 0x40, 0x06, 0x05, 0x0c,
  0x18, 0x00, 0x0f, 0xa0, 0x05, 0x55, 0x0f, 0x68, 0x00, 0x9d, 0x0c, 0x28, 0x01, 0x04, 0x10, 0x00,
  0x0f, 0xc8, 0x00, 0x9d, 0x0f, 0xb0, 0x00, 0x55, 0x0f, 0x80, 0x07, 0xff, 0xff, 0xff, 0xff, 0xff,
  0xff, 0x5b, 0x04, 0x88, 0x07, 0x04, 0x08, 0x00, 0x0f, 0xe0, 0x06, 0x55, 0x0f, 0x68, 0x00, 0x7d,
  0x04, 0x30, 0x36, 0x04, 0x78, 0x07, 0x04, 0xa0, 0x00, 0x04, 0x00, 0x0a, 0x04, 0x08, 0x00, 0x0c,
  0x28, 0x0a, 0x0f, 0x02, 0x00, 0xff, 0xff, 0xff, 0xff, 0xd1, 0x04, 0xf8, 0x04, 0x04, 0x20, 0x06,
  0x0f, 0x08, 0x00, 0x1d, 0x04, 0x48, 0x05, 0x0f, 0x08, 0x00, 0xdd, 0x0c, 0x50, 0x06, 0x0f, 0x38,
  0x01, 0x15, 0x0f, 0x28, 0x01, 0xdd, 0x04, 0xf0, 0x00, 0x0c, 0x30, 0x01, 0x04, 0x18, 0x00, 0x04,
  0x80, 0x02, 0x04, 0x08, 0x00, 0x0f, 0x70, 0x07, 0xff, 0xff, 0xff, 0xff, 0xd1, 0x0c, 0x02, 0x00,
  0x04, 0xf8, 0x04, 0x0f, 0x40, 0x06, 0x15, 0x0c, 0x28, 0x00, 0x04, 0x48, 0x05, 0x0f, 0x08, 0x00,
  0xdd, 0x0c, 0x50, 0x06, 0x0c, 0x18, 0x01, 0x0f, 0x10, 0x00, 0x1d, 0x0f, 0x40, 0x01, 0xbd, 0x04,
  0xe8, 0x0e, 0x04, 0x28, 0x01, 0x0c, 0x08, 0x00, 0x0c, 0xf0, 0x00, 0x04, 0x88, 0x02, 0x0f, 0x08,
  0x00, 0x05, 0x0c, 0xb8, 0x02, 0x0f, 0x02, 0x00, 0xff, 0xff, 0xff, 0xff, 0xb1, 0x0c, 0xe8, 0x04,
  0x0f, 0x30, 0x06, 0x1d, 0x0f, 0x30, 0x00, 0x0d, 0x0c, 0x60, 0x05, 0x0f, 0x10, 0x00, 0xad, 0x0f,
  0x50, 0x06, 0x0d, 0x0f, 0x10, 0x01, 0x0d, 0x0f, 0x20, 0x00, 0x0d, 0x0f, 0x20, 0x01, 0xad, 0x0c,
  0xc0, 0x00, 0x0f, 0x30, 0x01, 0x0d, 0x0c, 0x30, 0x00, 0x0c, 0x90, 0x02, 0x0c, 0x10, 0x00, 0x0f,
  0x70, 0x07, 0xff, 0xff, 0xff, 0xff, 0xb1, 0x0c, 0x02, 0x00, 0x0c, 0xe0, 0x04, 0x0f, 0x20, 0x06,
  0x0d, 0x0f, 0x20, 0x00, 0x1d, 0x0c, 0x60, 0x05, 0x0f, 0x10, 0x00, 0xad, 0x0f, 0x50, 0x06, 0x0d,
  0x0f, 0x20, 0x01, 0x1d, 0x0c, 0x30, 0x00, 0x0f, 0x20, 0x01, 0xb5, 0x04, 0x28, 0x01, 0x0c, 0xd0,
  0x00, 0x04, 0x00, 0x0f, 0x0c, 0x18, 0x00, 0x04, 0x10, 0x00, 0x0c, 0x90, 0x02, 0x0f, 0x10, 0x00,
  0x0d, 0x0c, 0xd0, 0x02, 0x0f, 0x02, 0x00, 0xff, 0xff, 0xff, 0xff, 0x91, 0x0f, 0xd0, 0x04, 0x0d,
  0x0c, 0x10, 0x06, 0x0f, 0x10, 0x00, 0x2d, 0x04, 0x58, 0x05, 0x0f, 0x08, 0x00, 0xa5, 0x04, 0x48,
  0x06, 0x04, 0x08, 0x00, 0x0c, 0xc8, 0x00, 0x0c, 0x50, 0x06, 0x0f, 0x30, 0x01, 0xff, 0x1e, 0x0c,
  0x50, 0x01, 0x0f, 0xa0, 0x02, 0x0d, 0x0c, 0x20, 0x00, 0x0f, 0x70, 0x07, 0xff, 0xff, 0xff, 0xff,
  0x91, 0x0c, 0x02, 0x00, 0x0c, 0xc0, 0x04, 0x0c, 0x10, 0x00, 0x0f, 0x40, 0x06, 0x2d, 0x0c, 0x40,
  0x00, 0x0c, 0x60, 0x05, 0x0f, 0x10, 0x00, 0x9d, 0x04, 0x78, 0x07, 0x04, 0x08, 0x00, 0x0c, 0xc0,
  0x00, 0x0f, 0x80, 0x07, 0x35, 0x0c, 0x58, 0x00, 0x0f, 0x10, 0x00, 0x95, 0x04, 0x18, 0x01, 0x0f,
  0x20, 0xa7, 0x0d, 0x0f, 0xd0, 0x00, 0x25, 0x0c, 0xa0, 0x02, 0x0f, 0x10, 0x00, 0x0d, 0x0c, 0xf0,
  0x02, 0x0f, 0x02, 0x00, 0xff, 0xff, 0xff, 0xff, 0x71, 0x0f, 0xb0, 0x04, 0x0d, 0x0c, 0x30, 0x07,
  0x0f, 0x10, 0x00, 0x35, 0x0f, 0x70, 0x05, 0x25, 0x0f, 0x38, 0x00, 0x6d, 0x0f, 0x50, 0x06, 0x2d,
  0x0f, 0x40, 0x01, 0x25, 0x0f, 0xf8, 0x00, 0x6d, 0x0f, 0x80, 0x00, 0x25, 0x0f, 0x30, 0x01, 0x2d,
  0x0f, 0x78, 0x00, 0x0d, 0x0f, 0xc0, 0x02, 0x0d, 0x0c, 0x20, 0x00, 0x0f, 0x70, 0x07, 0xff, 0xff,
  0xff, 0xff, 0x71, 0x0c, 0x02, 0x00, 0x0c, 0xa0, 0x04, 0x0c, 0x10, 0x00, 0x0f, 0x30, 0x06, 0x25,
  0x0f, 0x38, 0x00, 0x0d, 0x0f, 0x58, 0x05, 0x0d, 0x0f, 0x20, 0x00, 0x85, 0x0f, 0x50, 0x06, 0x2d,
  0x0f, 0x18, 0x01, 0x0d, 0x04, 0x20, 0x00, 0x0f, 0x00, 0x01, 0x85, 0x0f, 0x98, 0x00, 0x0d, 0x04,
  0x20, 0x01, 0x04, 0x08, 0x00, 0x0c, 0xf8, 0x0e, 0x0c, 0x10, 0x00, 0x0f, 0x50, 0x00, 0x0d, 0x0f,
  0x20, 0x00, 0x1d, 0x0c, 0xc0, 0x02, 0x0f, 0x10, 0x00, 0x0d, 0x0c, 0x10, 0x03, 0x0f, 0x02, 0x00,
  0xff, 0xff, 0xff, 0xff, 0x51, 0x0f, 0x90, 0x04, 0x0d, 0x04, 0x00, 0x06, 0x0f, 0x08, 0x00, 0x3d,
  0x0f, 0x48, 0x05, 0x1d, 0x0f, 0x30, 0x00, 0x75, 0x04, 0x48, 0x06, 0x04, 0x08, 0x00, 0x0c, 0x40,
  0x06, 0x0c, 0x10, 0x00, 0x0f, 0xb8, 0x00, 0x0d, 0x0f, 0x58, 0x01, 0x15, 0x0f, 0x48, 0x00, 0x0d,
  0x0f, 0x20, 0x00, 0x85, 0x04, 0x28, 0x01, 0x04, 0x08, 0x00, 0x0c, 0x20, 0x01, 0x0c, 0x10, 0x00,
  0x0f, 0xc8, 0x00, 0x3d, 0x0f, 0xe0, 0x02, 0x0d, 0x0c, 0x20, 0x00, 0x0f, 0x70, 0x07, 0xff, 0xff,
  0xff, 0xff, 0x51, 0x0c, 0x02, 0x00, 0x0c, 0x80, 0x04, 0x0c, 0x10, 0x00, 0x0f, 0x20, 0x06, 0x15,
  0x0f, 0x28, 0x00, 0x1d, 0x0f, 0x68, 0x05, 0x3d, 0x0f, 0x50, 0x00, 0x55, 0x04, 0x48, 0x06, 0x04,
  0x08, 0x00, 0x0c, 0x40, 0x06, 0x0c, 0x10, 0x00, 0x0f, 0x98, 0x00, 0x0d, 0x04, 0x38, 0x01, 0x0f,
  0x28, 0x00, 0x0d, 0x0f, 0x20, 0x00, 0x95, 0x04, 0x18, 0x01, 0x04, 0x08, 0x00, 0x0c, 0xb8, 0x00,
  0x0c, 0x20, 0x01, 0x0c, 0x10, 0x00, 0x0c, 0x30, 0x00, 0x0f, 0x10, 0x00, 0x3d, 0x0c, 0xe0, 0x02,
  0x0f, 0x10, 0x00, 0x0d, 0x0c, 0x30, 0x03, 0x0f, 0x02, 0x00, 0xff, 0xff, 0xff, 0xff, 0x31, 0x0f,
  0x70, 0x04, 0x0d, 0x04, 0x10, 0x06, 0x0f, 0x08, 0x00, 0x2d, 0x0f, 0x38, 0x05, 0x3d, 0x0f, 0x50,
  0x00, 0x65, 0x04, 0x48, 0x06, 0x04, 0x08, 0x00, 0x0c, 0x88, 0x00, 0x0c, 0x40, 0x06, 0x0c, 0x10,
  0x00, 0x0c, 0x30, 0x00, 0x0c, 0x10, 0x00, 0x04, 0x68, 0x01, 0x0c, 0x18, 0x00, 0x0f, 0x10, 0x00,
  0xa5, 0x04, 0x28, 0x01, 0x04, 0x08, 0x00, 0x0c, 0xc8, 0x00, 0x0c, 0x20, 0x01, 0x0c, 0x10, 0x00,
  0x0c, 0x30, 0x00, 0x0f, 0x10, 0x00, 0x3d, 0x0f, 0x00, 0x03, 0x0d, 0x0c, 0x20, 0x00, 0x0f, 0x70,
  0x07, 0xff, 0xff, 0xff, 0xff, 0x31, 0x0c, 0x02, 0x00, 0x0c, 0x60, 0x04, 0x0c, 0x10, 0x00, 0x04,
  0x10, 0x06, 0x0f, 0x08, 0x00, 0x2d, 0x0f, 0x38, 0x05, 0x3d, 0x0f, 0x50, 0x00, 0x65, 0x04, 0x48,
  0x06, 0x04, 0x08, 0x00, 0x0c, 0x88, 0x00, 0x0c, 0x40, 0x06, 0x0c, 0x10, 0x00, 0x0c, 0x30, 0x00,
  0x0f, 0x10, 0x00, 0xbd, 0x04, 0x18, 0x01, 0x04, 0x08, 0x00, 0x0f, 0xe0, 0x00, 0x15, 0x0f, 0x28,
  0x01, 0x6d, 0x0c, 0xf8, 0x02, 0x0f, 0x10, 0x00, 0x0d, 0x0c, 0x48, 0x03, 0x0f, 0x02, 0x00, 0xff,
  0xff, 0xff, 0xff, 0x21, 0x0f, 0x60, 0x04, 0x05, 0x0f, 0x68, 0x07, 0xf5, 0x04, 0x38, 0x06, 0x04,
  0x48, 0x06, 0x04, 0x08, 0x00, 0x04, 0x18, 0x00, 0x0f, 0x08, 0x00, 0x0d, 0x0f, 0x50, 0x06, 0x6d,
  0x0f, 0xa0, 0x00, 0x0d, 0x0f, 0x20, 0x00, 0x45, 0x04, 0x28, 0x01, 0x04, 0x08, 0x00, 0x0f, 0x68,
  0x00, 0x15, 0x0f, 0x30, 0x01, 0x6d, 0x0f, 0x10, 0x03, 0x05, 0x0f, 0x18, 0x00, 0x05, 0x0f, 0x70,
  0x07, 0xff, 0xff, 0xff, 0xff, 0x21, 0x0c, 0x02, 0x00, 0x0f, 0x58, 0x04, 0x05, 0x0f, 0x80, 0x07,
  0xff, 0xff, 0x1f, 0x04, 0x68, 0x07, 0x04, 0x08, 0x00, 0x0f, 0x70, 0x07, 0x15, 0x0f, 0x28, 0x00,
  0x9d, 0x0f, 0x30, 0x03, 0x05, 0x0c, 0x58, 0x03, 0x0f, 0x02, 0x00, 0xff, 0xff, 0xff, 0xff, 0x11,
  0x0f, 0x48, 0x04, 0x05, 0x0f, 0x78, 0x07, 0xf5, 0x04, 0x48, 0x06, 0x04, 0x08, 0x00, 0x0f, 0x28,
  0x06, 0x9d, 0x0f, 0xb0, 0x00, 0x5d, 0x04, 0x28, 0x01, 0x04, 0x08, 0x00, 0x0f, 0x80, 0x00, 0x5d,
  0x0f, 0x70, 0x00, 0x55, 0x0f, 0x38, 0x03, 0x05, 0x0f, 0x70, 0x07, 0xff, 0xff, 0xff, 0xff, 0x11,
  0x0c, 0x02, 0x00, 0x0f, 0x48, 0x04, 0x05, 0x0f, 0x80, 0x07, 0xff, 0xff, 0x17, 0x04, 0x68, 0x07,
  0x04, 0x08, 0x00, 0x0c, 0x00, 0x07, 0x0f, 0xf0, 0xd9, 0x0d, 0x0c, 0x30, 0x00, 0x0f, 0x10, 0x00,
  0x9d, 0x0f, 0x40, 0x03, 0x05, 0x0c, 0x68, 0x03, 0x0f, 0x02, 0x00, 0xff, 0xff, 0xff, 0xff, 0x01,
  0x0f, 0x38, 0x04, 0x05, 0x0f, 0x78, 0x07, 0xed, 0x04, 0x48, 0x06, 0x04, 0x08, 0x00, 0x0c, 0x10,
  0x06, 0x0f, 0x50, 0x06, 0xcd, 0x0c, 0xf0, 0x00, 0x0f, 0x10, 0x00, 0x0d, 0x04, 0x28, 0x01, 0x04,
  0x08, 0x00, 0x0c, 0x30, 0x00, 0x0f, 0x30, 0x01, 0xcd, 0x0f, 0x48, 0x03, 0x05, 0x0f, 0x70, 0x07,
  0xff, 0xff, 0xff, 0xff, 0x01, 0x0c, 0x02, 0x00, 0x0f, 0x38, 0x04, 0x05, 0x0f, 0x80, 0x07, 0xff,
  0xff, 0x07, 0x04, 0x60, 0x07, 0x0c, 0x08, 0x00, 0x0c, 0x70, 0x07, 0x04, 0x10, 0x00, 0x04, 0x78,
  0x07, 0x0c, 0x08, 0x00, 0x04, 0x20, 0x00, 0x0f, 0x08, 0x00, 0xbd, 0x0f, 0x50, 0x03, 0x05, 0x0c,
  0x78, 0x03, 0x0f, 0x02, 0x00, 0xff, 0xff, 0xff, 0xf0, 0x0f, 0x28, 0x04, 0x05, 0x0f, 0x78, 0x07,
  0xdd, 0x0c, 0x48, 0x06, 0x04, 0x10, 0x00, 0x0f, 0x18, 0x06, 0x05, 0x0c, 0x48, 0x06, 0x04, 0x10,
  0x00, 0x0f, 0x30, 0x00, 0x05, 0x0f, 0x18, 0x00, 0xbd, 0x04, 0x20, 0x01, 0x0c, 0x08, 0x00, 0x0f,
  0xe8, 0x00, 0x05, 0x04, 0x20, 0x01, 0x0c, 0x08, 0x00, 0x0f, 0x30, 0x00, 0x05, 0x0f, 0x18, 0x00,
  0xad, 0x0f, 0x58, 0x03, 0x05, 0x0f, 0x70, 0x07, 0xff, 0xff, 0xff, 0xf0, 0x0c, 0x02, 0x00, 0x0f,
  0x28, 0x04, 0x05, 0x0f, 0x80, 0x07, 0xff, 0xf6, 0x0c, 0x60, 0x07, 0x04, 0x10, 0x00, 0x0f, 0x20,
  0x07, 0x25, 0x04, 0x80, 0x07, 0x0f, 0x40, 0x00, 0x25, 0x0f, 0x38, 0x00, 0x45, 0x3f, 0x26, 0x71,
  0xdf, 0x04, 0x00, 0x02, 0x0f, 0x70, 0x00, 0x2d, 0x0f, 0x60, 0x03, 0x05, 0x0c, 0x88, 0x03, 0x0f,
  0x02, 0x00, 0xff, 0xff, 0xff, 0xe0, 0x0f, 0x18, 0x04, 0x05, 0x0f, 0x78, 0x07, 0x2d, 0x04, 0x40,
  0x00, 0x0f, 0xb8, 0x04, 0x2d, 0x0f, 0x40, 0x00, 0x45, 0x04, 0x40, 0x06, 0x0c, 0x08, 0x00, 0x0f,
  0x70, 0x00, 0x25, 0x0f, 0x50, 0x06, 0x85, 0x0f, 0xd0, 0x00, 0x25, 0x0c, 0x38, 0x00, 0x0c, 0x28,
  0x01, 0x04, 0x10, 0x00, 0x0c, 0x28, 0x00, 0x0f, 0x10, 0x00, 0x15, 0x0f, 0x30, 0x01, 0x85, 0x0f,
  0x7c, 0x07, 0x01, 0x0f, 0x80, 0x07, 0xff, 0xff, 0xff, 0xff, 0xff, 0xff, 0x57, 0x04, 0x50, 0x07,
  0x0f, 0x08, 0x00, 0x05, 0x0f, 0xc0, 0xc3, 0x3d, 0x0f, 0xa8, 0x07, 0x15, 0x0f, 0x28, 0x00, 0x55,
  0x0f, 0x78, 0x07, 0x05, 0x0c, 0x18, 0x00, 0x0f, 0x90, 0x00, 0x2d, 0x0f, 0xf0, 0x0a, 0x05, 0x0f,
  0xf8, 0x0e, 0xff, 0xff, 0xff, 0xff, 0xc1, 0x0f, 0x48, 0x06, 0x05, 0x04, 0x18, 0x00, 0x0f, 0x50,
  0x06, 0xcd, 0x0f, 0x28, 0x06, 0x1d, 0x04, 0x18, 0x01, 0x0f, 0x08, 0x00, 0x05, 0x0f, 0x30, 0x01,
  0xcd, 0x0c, 0x68, 0x07, 0x0f, 0x10, 0x00, 0x05, 0x0f, 0x58, 0x01, 0x1d, 0x0c, 0x30, 0x00, 0x0f,
  0x80, 0x07, 0xff, 0xff, 0xff, 0xff, 0xff, 0xba, 0x0f, 0x28, 0x07, 0x05, 0x0f, 0x18, 0x00, 0x25,
  0x0c, 0x28, 0x06, 0x04, 0x10, 0x00, 0x0c, 0x78, 0x07, 0x0c, 0x10, 0x00, 0x04, 0x28, 0x00, 0x0f,
  0x08, 0x00, 0xad, 0x0f, 0x70, 0x07, 0x05, 0x0c, 0x18, 0x00, 0x0f, 0xe8, 0x00, 0x35, 0x0f, 0x88,
  0x07, 0xff, 0xff, 0xff, 0xe8, 0x0f, 0xf8, 0x03, 0x05, 0x04, 0xb0, 0x1d, 0x0f, 0x08, 0x00, 0x35,
  0x0f, 0xa8, 0x04, 0x05, 0x0f, 0x20, 0x06, 0x25, 0x0f, 0x38, 0x00, 0x1d, 0x0f, 0x80, 0x00, 0x05,
  0x0c, 0x40, 0x06, 0x0c, 0x10, 0x00, 0x0f, 0x38, 0x00, 0x05, 0x0f, 0x18, 0x00, 0x7d, 0x0f, 0x10,
  0x01, 0x1d, 0x0f, 0x30, 0x00, 0x0d, 0x0f, 0xe0, 0x00, 0x05, 0x0c, 0x20, 0x01, 0x0c, 0x10, 0x00,
  0x0f, 0x38, 0x00, 0x05, 0x0f, 0x18, 0x00, 0x9d, 0x0c, 0x68, 0x07, 0x0f, 0x10, 0x00, 0x05, 0x0f,
  0xd8, 0x00, 0x35, 0x0f, 0x88, 0x03, 0x05, 0x0f, 0x88, 0x16, 0xff, 0xff, 0xff, 0xd0, 0x0f, 0xf8,
  0x03, 0x05, 0x0f, 0x78, 0x07, 0x35, 0x04, 0x48, 0x00, 0x0f, 0xa8, 0x04, 0x05, 0x0f, 0x08, 0x06,
  0x0d, 0x0f, 0x20, 0x00, 0x35, 0x0f, 0x80, 0x00, 0x05, 0x0c, 0x40, 0x06, 0x0c, 0x10, 0x00, 0x0f,
  0x38, 0x00, 0x05, 0x0f, 0x18, 0x00, 0xad, 0x0c, 0x40, 0x96, 0x0f, 0xd0, 0x00, 0x15, 0x0c, 0x20,
  0x01, 0x0c, 0x10, 0x00, 0x0f, 0x48, 0x00, 0x15, 0x0f, 0x28, 0x00, 0x8d, 0x0f, 0x70, 0x07, 0x05,
  0x0c, 0x18, 0x00, 0x0f, 0xc8, 0x00, 0x3d, 0x0f, 0x90, 0x03, 0x05, 0x0f, 0x88, 0x07, 0xff, 0xff,
  0xff, 0xc0, 0x0c, 0xe8, 0x03, 0x0f, 0xe8, 0x06, 0x15, 0x04, 0xb8, 0x05, 0x0f, 0x30, 0x00, 0x15,
  0x0f, 0x28, 0x00, 0x0d, 0x0f, 0xc0, 0x04, 0x35, 0x04, 0x98, 0x00, 0x0f, 0x50, 0x00, 0x1d, 0x0c,
  0x40, 0x06, 0x0c, 0x10, 0x00, 0x0f, 0x50, 0x00, 0x1d, 0x0f, 0x30, 0x00, 0x95, 0x0f, 0x30, 0x01,
  0xff, 0x0e, 0x0c, 0x68, 0x07, 0x0f, 0x10, 0x00, 0x05, 0x0f, 0xf0, 0x01, 0x3d, 0x0c, 0x98, 0x03,
  0x04, 0x10, 0x00, 0x0f, 0x80, 0x07, 0xff, 0xff, 0xff, 0xff, 0xff, 0xba, 0x04, 0x78, 0x07, 0x0c,
  0x08, 0x00, 0x0f, 0x48, 0x06, 0x1d, 0x0f, 0xa8, 0x08, 0xd5, 0x0f, 0x78, 0x07, 0x55, 0x0c, 0x80,
  0x01, 0x04, 0x78, 0x07, 0x04, 0x08, 0x00, 0x0f, 0x80, 0x07, 0xff, 0xff, 0xff, 0xd0, 0x04, 0x28,
  0x16, 0x0f, 0x08, 0x00, 0x05, 0x0c, 0xb0, 0x05, 0x04, 0x10, 0x00, 0x0f, 0x30, 0x00, 0x05, 0x04,
  0x18, 0x00, 0x0c, 0x58, 0x04, 0x0c, 0x10, 0x00, 0x0f, 0xf8, 0x39, 0x2d, 0x04, 0x88, 0x00, 0x0c,
  0x08, 0x00, 0x0c, 0x68, 0x00, 0x0f, 0x10, 0x00, 0x0d, 0x0f, 0x50, 0x06, 0xd5, 0x0c, 0x28, 0x01,
  0x04, 0x10, 0x00, 0x0f, 0x20, 0x01, 0x0d, 0x0c, 0x20, 0x00, 0x0f, 0x30, 0x01, 0xd5, 0x0f, 0x80,
  0x07, 0xff, 0xff, 0xff, 0xff, 0xff, 0xff, 0x43, 0x04, 0x48, 0x07, 0x0f, 0x78, 0x07, 0x25, 0x04,
  0x40, 0x00, 0x0f, 0x08, 0x00, 0xff, 0x56, 0x04, 0x00, 0x0f, 0x04, 0x08, 0x00, 0x0f, 0x08, 0x0f,
  0xff, 0xff, 0xff, 0xb0, 0x04, 0xc8, 0x03, 0x04, 0x08, 0x00, 0x04, 0xa8, 0x0e, 0x0f, 0x08, 0x00,
  0x15, 0x04, 0xb8, 0x05, 0x0f, 0x30, 0x00, 0x0d, 0x0f, 0xa0, 0x05, 0x0d, 0x04, 0xf8, 0x0e, 0x0c,
  0x08, 0x00, 0x0f, 0x38, 0x00, 0x0d, 0x0f, 0x20, 0x00, 0x05, 0x04, 0x98, 0x00, 0x0f, 0x20, 0x00,
  0x05, 0x0f, 0x18, 0x00, 0xfd, 0x0f, 0x30, 0x01, 0xff, 0x1e, 0x0f, 0x40, 0x02, 0x65, 0x04, 0xa8,
  0x03, 0x04, 0x08, 0x00, 0x0f, 0x80, 0x07, 0xff, 0xff, 0xff, 0xff, 0xff, 0xba, 0x0f, 0x50, 0x06,
  0x65, 0x0f, 0x78, 0x00, 0xff, 0x1e, 0x04, 0x78, 0x07, 0x04, 0x08, 0x00, 0x0f, 0x80, 0x07, 0xff,
  0xff, 0xff, 0xb8, 0x0c, 0x98, 0x2c, 0x0f, 0xd0, 0x0e, 0x0d, 0x0f, 0x20, 0x00, 0x1d, 0x0f, 0x68,
  0x05, 0x15, 0x04, 0x00, 0x0f, 0x0f, 0x30, 0x00, 0x15, 0x0f, 0x28, 0x00, 0xff, 0xff, 0xdf, 0x04,
  0x78, 0x07, 0x04, 0x08, 0x00, 0x0f, 0x80, 0x07, 0xff, 0xff, 0xff, 0xff, 0xff, 0xff, 0xff, 0xff,
  0xff, 0xff, 0xff, 0x40, 0x0c, 0xd0, 0x0e, 0x0c, 0x10, 0x0f, 0x04, 0x10, 0x00, 0x0c, 0x28, 0x00,
  0x0f, 0x10, 0x00, 0x15, 0x0f, 0xa8, 0x0e, 0xff, 0xff, 0xdf, 0x0f, 0xf0, 0x02, 0x45, 0x04, 0xf8,
  0x0e, 0x04, 0x08, 0x00, 0x0f, 0x00, 0x0f, 0xff, 0xff, 0xff, 0xb8, 0x0c, 0x48, 0x07, 0x04, 0x70,
  0x07, 0x0c, 0x08, 0x00, 0x0c, 0x28, 0x00, 0x0f, 0x10, 0x00, 0x15, 0x0f, 0x90, 0x04, 0x45, 0x0f,
  0x58, 0x00, 0xff, 0xff, 0xdf, 0x04, 0x78, 0x07, 0x0c, 0x08, 0x00, 0x0f, 0x88, 0x07, 0xff, 0xff,
  0xff, 0xa0, 0x0c, 0xc0, 0x03, 0x0f, 0x48, 0x07, 0x05, 0x04, 0x18, 0x2b, 0x04, 0x20, 0x00, 0x0c,
  0x90, 0x07, 0x04, 0x10, 0x00, 0x04, 0x20, 0x00, 0x0f, 0x08, 0x00, 0x05, 0x0f, 0x28, 0x07, 0xff,
  0xff, 0xdf, 0x0f, 0xf0, 0x02, 0x45, 0x0c, 0xb8, 0x03, 0x04, 0x10, 0x00, 0x0f, 0x80, 0x07, 0xff,
  0xff, 0xff, 0xff, 0xff, 0xff, 0xff, 0x5c, 0x04, 0xd8, 0x07, 0x04, 0x78, 0x07, 0x04, 0x08, 0x00,
  0x0f, 0x80, 0x07, 0xff, 0xff, 0xff, 0xc0, 0x04, 0xf8, 0x0e, 0x0c, 0x08, 0x00, 0x0c, 0xe0, 0x0e,
  0x04, 0x20, 0x00, 0x04, 0x08, 0x0f, 0x0c, 0x08, 0x00, 0x0c, 0x30, 0x00, 0x04, 0x40, 0x04, 0x0f,
  0x08, 0x00, 0xff, 0xff, 0xff, 0x30, 0x04, 0x78, 0x07, 0x04, 0x08, 0x00, 0x0f, 0x80, 0x07, 0xff,
  0xff, 0xff, 0xff, 0xff, 0xff, 0xff, 0xff, 0xff, 0xff, 0xff, 0x48, 0x04, 0xb8, 0x0e, 0x04, 0xe0,
  0x0e, 0x04, 0x10, 0x00, 0x04, 0x08, 0x00, 0x04, 0x18, 0x00, 0x0c, 0x08, 0x00, 0x04, 0x20, 0x00,
  0x04, 0x08, 0x00, 0x0c, 0x10, 0x0f, 0x0c, 0x10, 0x00, 0x0f, 0x08, 0x0f, 0xff, 0xff, 0xff, 0x28,
  0x04, 0xf8, 0x0e, 0x04, 0x08, 0x00, 0x0f, 0x00, 0x0f, 0xff, 0xff, 0xff, 0xc0, 0x04, 0x40, 0x07,
  0x04, 0x60, 0x07, 0x04, 0x10, 0x00, 0x04, 0x08, 0x00, 0x04, 0x18, 0x00, 0x0c, 0x08, 0x00, 0x04,
  0x20, 0x00, 0x04, 0x08, 0x00, 0x0c, 0x70, 0x07, 0x0c, 0x10, 0x00, 0x0f, 0x80, 0x07, 0xff, 0xff,
  0xff, 0x08, 0x0c, 0x28, 0x03, 0x0c, 0x10, 0x00, 0x04, 0x78, 0x07, 0x04, 0x08, 0x00, 0x0f, 0x80,
  0x07, 0xff, 0xff, 0xff, 0xc8, 0x04, 0x48, 0x07, 0x0f, 0x08, 0x00, 0x05, 0x04, 0x80, 0x07, 0x0f,
  0x20, 0x00, 0x05, 0x0f, 0x18, 0x00, 0x05, 0x04, 0x78, 0x07, 0x0c, 0x58, 0x04, 0x0f, 0x10, 0x00,
  0x05, 0x04, 0x30, 0x00, 0x0f, 0x08, 0x00, 0xff, 0xff, 0xd7, 0x0f, 0x08, 0x03, 0x05, 0x04, 0x18,
  0x00, 0x04, 0x78, 0x07, 0x04, 0x08, 0x00, 0x0f, 0x80, 0x07, 0xff, 0xff, 0xff, 0xff, 0xff, 0x82,
  0x04, 0xa8, 0x05, 0x0f, 0x08, 0x00, 0x05, 0x0f, 0xc8, 0x08, 0xff, 0x5e, 0x0f, 0x88, 0x01, 0x05,
  0x0f, 0x18, 0x00, 0x05, 0x0f, 0xa0, 0x01, 0x05, 0x04, 0x70, 0x07, 0x0c, 0x08, 0x00, 0x0f, 0x80,
  0x07, 0xff, 0xff, 0xff, 0x58, 0x3f, 0x6e, 0x69, 0xb1, 0x04, 0x00, 0x0a, 0x0f, 0x88, 0x03, 0x15,
  0x0c, 0xc0, 0x03, 0x0f, 0xa8, 0x0e, 0x05, 0x0f, 0x18, 0x00, 0x45, 0x0f, 0x60, 0x04, 0x05, 0x0f,
  0x18, 0x00, 0x05, 0x0f, 0xa8, 0x04, 0x05, 0x04, 0x18, 0x00, 0x0f, 0x38, 0x00, 0x05, 0x0f, 0x18,
  0x00, 0xe5, 0x04, 0x18, 0x01, 0x0f, 0x08, 0x00, 0x05, 0x0f, 0x18, 0x01, 0xe5, 0x0f, 0xf8, 0x00,
  0x65, 0x0f, 0x88, 0x01, 0x05, 0x0f, 0x18, 0x00, 0x05, 0x0f, 0xa8, 0x00, 0x05, 0x0c, 0xb8, 0x03,
  0x04, 0x10, 0x00, 0x0f, 0xf8, 0x03, 0x15, 0x0f, 0x02, 0x00, 0xff, 0xff, 0xff, 0x30, 0x0f, 0x7c,
  0x07, 0x09, 0x0f, 0x80, 0x07, 0xff, 0xfa, 0x0f, 0xc0, 0x05, 0x05, 0x04, 0x18, 0x00, 0x0f, 0xf8,
  0x05, 0x05, 0x04, 0x18, 0x00, 0x04, 0x28, 0x00, 0x0f, 0x08, 0x00, 0xff, 0x0e, 0x04, 0x30, 0x01,
  0x0f, 0x08, 0x00, 0x0d, 0x0c, 0x48, 0x01, 0x0f, 0x28, 0xf8, 0x25, 0x04, 0x70, 0x07, 0x0c, 0x08,
  0x00, 0x0f, 0x58, 0x07, 0xff, 0xff, 0xff, 0x30, 0x0f, 0x02, 0x00, 0x15, 0x0f, 0x80, 0x07, 0xbd,
  0x0f, 0x38, 0x85, 0x35, 0x0f, 0x00, 0x05, 0x1d, 0x0c, 0x10, 0x05, 0x0f, 0x10, 0x00, 0xdd, 0x0f,
  0x30, 0x01, 0xff, 0x1e, 0x0f, 0x20, 0x02, 0x05, 0x0f, 0x48, 0x01, 0x0d, 0x04, 0x20, 0x00, 0x0c,
  0x40, 0x00, 0x0f, 0x80, 0x07, 0xff, 0xff, 0xff, 0xff, 0xff, 0xf2, 0x0c, 0x10, 0x06, 0x0c, 0x10,
  0x00, 0x04, 0x38, 0x06, 0x0f, 0x08, 0x00, 0x15, 0x0c, 0x40, 0x00, 0x0f, 0x10, 0x00, 0xb5, 0x0f,
  0x00, 0x01, 0x0d, 0x0f, 0xe8, 0x00, 0x1d, 0x0c, 0x78, 0x07, 0x0c, 0x10, 0x00, 0x0f, 0x50, 0x00,
  0x0d, 0x0f, 0xf8, 0x0e, 0xff, 0x86, 0x39, 0xf8, 0xbe, 0xb8, 0x04, 0x00, 0x0f, 0x50, 0x0d, 0x15,
  0x0f, 0x02, 0x00, 0xff, 0x96, 0x04, 0xf8, 0x0e, 0x0c, 0xb0, 0x03, 0x0c, 0x10, 0x00, 0x04, 0x28,
  0x00, 0x0f, 0xd8, 0x01, 0x15, 0x04, 0xd0, 0x03, 0x0f, 0xe8, 0x1d, 0x45, 0x04, 0x58, 0x00, 0x0c,
  0x58, 0x04, 0x0c, 0xf8, 0x0e, 0x0c, 0x10, 0x00, 0x0c, 0x30, 0x00, 0x0f, 0x10, 0x00, 0x2d, 0x0f,
  0x48, 0x05, 0x0d, 0x0c, 0x20, 0x00, 0x0f, 0x70, 0x00, 0x2d, 0x0f, 0x40, 0x00, 0xad, 0x0c, 0x10,
  0x01, 0x0f, 0x10, 0x00, 0x0d, 0x0f, 0xf0, 0x00, 0xad, 0x0f, 0xc0, 0x00, 0x05, 0x0f, 0xf8, 0x00,
  0x3d, 0x0c, 0xb0, 0x03, 0x0c, 0x10, 0x00, 0x0f, 0x88, 0x00, 0x05, 0x04, 0x18, 0x00, 0x04, 0xb0,
  0x03, 0x04, 0x08, 0x00, 0x0f, 0xe8, 0x03, 0x15, 0x0f, 0x02, 0x00, 0xff, 0x4e, 0x08, 0x7c, 0x07,
  0x0f, 0x80, 0x07, 0xff, 0xff, 0xff, 0xff, 0x35, 0x04, 0xf0, 0x05, 0x04, 0x60, 0x36, 0x04, 0x10,
  0x00, 0x0f, 0x08, 0x00, 0x05, 0x0f, 0xa8, 0x06, 0x0d, 0x04, 0x20, 0x00, 0x0f, 0x50, 0x00, 0x15,
  0x0f, 0x68, 0x00, 0x0d, 0x04, 0xa8, 0x81, 0x04, 0x58, 0x00, 0x0f, 0x08, 0x00, 0x45, 0x0f, 0x88,
  0x00, 0x05, 0x0f, 0x18, 0x00, 0x25, 0x0c, 0x70, 0x07, 0x0c, 0x10, 0x00, 0x0f, 0x58, 0x00, 0x0d,
  0x04, 0x78, 0x07, 0x04, 0x08, 0x00, 0x0f, 0x58, 0x07, 0xff, 0x4e, 0x0f, 0x02, 0x00, 0x0d, 0x0c,
  0x78, 0x07, 0x0c, 0x10, 0x00, 0x0f, 0x40, 0x00, 0x0d, 0x0f, 0x02, 0x00, 0xff, 0x96, 0x04, 0xd8,
  0x0e, 0x0c, 0xb0, 0x03, 0x0c, 0x10, 0x00, 0x04, 0x28, 0x00, 0x0f, 0xd8, 0x01, 0x15, 0x04, 0xc8,
  0x03, 0x04, 0x08, 0x00, 0x04, 0xb0, 0x0e, 0x0f, 0x08, 0x00, 0x45, 0x04, 0x60, 0x04, 0x0c, 0xf0,
  0x0e, 0x0c, 0x10, 0x00, 0x04, 0x28, 0x00, 0x0f, 0x08, 0x00, 0x3d, 0x0f, 0x00, 0x06, 0x15, 0x0f,
  0xd0, 0x05, 0x15, 0x0f, 0x50, 0x00, 0x15, 0x0f, 0xc8, 0x00, 0x05, 0x04, 0x68, 0x00, 0x0f, 0x50,
  0x06, 0x3d, 0x0f, 0x70, 0x00, 0x05, 0x0f, 0x18, 0x00, 0x1d, 0x0f, 0xe0, 0x00, 0x15, 0x04, 0xc8,
  0x00, 0x0f, 0x08, 0x00, 0x0d, 0x0f, 0x50, 0x00, 0x15, 0x0f, 0xa8, 0x00, 0x05, 0x04, 0x60, 0x00,
  0x0f, 0x30, 0x01, 0x3d, 0x04, 0x58, 0x00, 0x0c, 0x08, 0x00, 0x0f, 0x88, 0x00, 0x05, 0x0f, 0x18,
  0x00, 0x25, 0x0c, 0xb0, 0x03, 0x0c, 0x10, 0x00, 0x0f, 0x58, 0x00, 0x0d, 0x04, 0xa8, 0x03, 0x04,
  0x08, 0x00, 0x0f, 0xe8, 0x03, 0x15, 0x0f, 0x02, 0x00, 0xff, 0x46, 0x0c, 0x70, 0x07, 0x0c, 0x10,
  0x00, 0x0f, 0x78, 0x01, 0xff, 0x46, 0x0f, 0x02, 0x00, 0x5d, 0x04, 0x58, 0x07, 0x0c, 0xb0, 0x03,
  0x0c, 0x10, 0x00, 0x04, 0x28, 0x00, 0x0f, 0xa0, 0x00, 0x15, 0x04, 0xc8, 0x03, 0x04, 0x08, 0x00,
  0x0f, 0x78, 0x07, 0x45, 0x04, 0x58, 0x00, 0x04, 0x60, 0x04, 0x0c, 0x70, 0x07, 0x0c, 0x10, 0x00,
  0x04, 0x28, 0x00, 0x0f, 0x08, 0x00, 0x3d, 0x0f, 0x00, 0x06, 0x15, 0x0c, 0x88, 0x05, 0x0f, 0x10,
  0x00, 0x05, 0x0f, 0x50, 0x00, 0x15, 0x0f, 0xc8, 0x00, 0x05, 0x04, 0x58, 0x00, 0x0f, 0x50, 0x06,
  0x3d, 0x0f, 0x70, 0x00, 0x05, 0x0f, 0x18, 0x00, 0x15, 0x04, 0xd8, 0x00, 0x0c, 0x08, 0x00, 0x0f,
  0x40, 0x00, 0x15, 0x0c, 0x28, 0x00, 0x0c, 0x48, 0x00, 0x04, 0x10, 0x00, 0x04, 0x00, 0x01, 0x0f,
  0x08, 0x00, 0x15, 0x04, 0x28, 0x01, 0x0c, 0x08, 0x00, 0x0c, 0x70, 0x00, 0x0f, 0x10, 0x00, 0x8d,
  0x0c, 0xb8, 0x03, 0x0f, 0xb0, 0x00, 0x0d, 0x04, 0xa0, 0x03, 0x0c, 0x08, 0x00, 0x0f, 0xe8, 0x03,
  0x15, 0x0f, 0x02, 0x00, 0xff, 0x3e, 0x0c, 0x68, 0x07, 0x0f, 0x10, 0x00, 0x0d, 0x0f, 0x80, 0x01,
  0xff, 0x3e, 0x0f, 0x02, 0x00, 0x5d, 0x04, 0x58, 0x07, 0x0c, 0xb8, 0x03, 0x0c, 0x10, 0x00, 0x04,
  0x28, 0x00, 0x0f, 0xa0, 0x00, 0x15, 0x0c, 0xd0, 0x03, 0x04, 0x10, 0x00, 0x04, 0x30, 0x07, 0x0f,
  0x08, 0x00, 0x3d, 0x0c, 0x68, 0x04, 0x0f, 0x78, 0x07, 0x5d, 0x04, 0xf8, 0x05, 0x04, 0x08, 0x00,
  0x0c, 0x90, 0x00, 0x0f, 0x10, 0x00, 0x15, 0x04, 0x40, 0x00, 0x0c, 0x08, 0x00, 0x0f, 0x48, 0x06,
  0x15, 0x04, 0x28, 0x00, 0x0c, 0x48, 0x06, 0x04, 0x10, 0x00, 0x0f, 0x88, 0x00, 0x15, 0x0f, 0x28,
  0x00, 0x45, 0x0c, 0xd8, 0x00, 0x04, 0x10, 0x00, 0x0f, 0x70, 0x00, 0x25, 0x04, 0x40, 0x00, 0x0c,
  0x08, 0x00, 0x04, 0x08, 0x01, 0x0f, 0x08, 0x00, 0x15, 0x04, 0x20, 0x01, 0x0c, 0x08, 0x00, 0x0f,
  0x98, 0x00, 0x25, 0x0f, 0x38, 0x00, 0x65, 0x0c, 0xb8, 0x03, 0x0f, 0x88, 0x00, 0x0d, 0x04, 0x98,
  0x03, 0x0c, 0x08, 0x00, 0x0f, 0xe8, 0x03, 0x15, 0x0f, 0x02, 0x00, 0xff, 0x3e, 0x0f, 0x70, 0x07,
  0x0d, 0x0c, 0x20, 0x00, 0x0f, 0x80, 0x01, 0xff, 0x3e, 0x0f, 0x02, 0x00, 0x5d, 0x04, 0x58, 0x07,
  0x0c, 0xb8, 0x03, 0x0c, 0x10, 0x00, 0x04, 0x28, 0x00, 0x0f, 0xa0, 0x00, 0x15, 0x0c, 0xd0, 0x03,
  0x04, 0x10, 0x00, 0x0f, 0x78, 0x07, 0x3d, 0x04, 0x50, 0x00, 0x0c, 0x68, 0x04, 0x0f, 0x80, 0x07,
  0xff, 0x86, 0x04, 0xa8, 0x01, 0x04, 0x30, 0x07, 0x04, 0x10, 0x00, 0x0f, 0x08, 0x00, 0x2d, 0x0f,
  0x50, 0x00, 0x35, 0x04, 0x80, 0x07, 0x0f, 0x90, 0x00, 0x2d, 0x0f, 0x80, 0x02, 0x55, 0x0f, 0xa8,
  0x00, 0x2d, 0x04, 0x98, 0x03, 0x04, 0x08, 0x00, 0x0f, 0xe0, 0x03, 0x15, 0x0f, 0x02, 0x00, 0xff,
  0x46, 0x0c, 0x60, 0x07, 0x0f, 0x10, 0x00, 0x0d, 0x0f, 0x88, 0x01, 0xff, 0x46, 0x0f, 0x02, 0x00,
  0x4d, 0x04, 0x50, 0x07, 0x0c, 0x68, 0x07, 0x0f, 0x10, 0x00, 0x0d, 0x04, 0x38, 0x00, 0x0f, 0xa0,
  0x00, 0x15, 0x04, 0xd8, 0x03, 0x0c, 0x08, 0x00, 0x04, 0x38, 0x07, 0x0f, 0x08, 0x00, 0x3d, 0x0f,
  0x90, 0x04, 0x2d, 0x0f, 0x40, 0x00, 0x25, 0x0f, 0x00, 0x06, 0x35, 0x04, 0x80, 0x00, 0x0f, 0x50,
  0x00, 0x35, 0x0f, 0x50, 0x06, 0x3d, 0x04, 0xa0, 0x00, 0x0f, 0x08, 0x00, 0x2d, 0x0f, 0xe0, 0x00,
  0x35, 0x04, 0x88, 0x00, 0x0f, 0x50, 0x00, 0x35, 0x0f, 0x30, 0x01, 0x3d, 0x04, 0x88, 0x07, 0x04,
  0xa8, 0x00, 0x0f, 0x08, 0x00, 0x7d, 0x0c, 0x98, 0x03, 0x0f, 0xd8, 0x03, 0x15, 0x0f, 0x02, 0x00,
  0xff, 0x46, 0x0f, 0x70, 0x07, 0x0d, 0x0c, 0x20, 0x00, 0x0f, 0x88, 0x01, 0xff, 0x46, 0x0f, 0x02,
  0x00, 0x4d, 0x04, 0x48, 0x07, 0x0f, 0x70, 0x07, 0x0d, 0x0c, 0x20, 0x00, 0x04, 0x38, 0x00, 0x0f,
  0xa0, 0x00, 0x15, 0x0c, 0xe0, 0x03, 0x04, 0x10, 0x00, 0x0f, 0x78, 0x07, 0x3d, 0x04, 0x50, 0x00,
  0x0f, 0xe0, 0x04, 0x65, 0x0f, 0x00, 0x06, 0x35, 0x04, 0xc0, 0x00, 0x0f, 0x50, 0x00, 0x35, 0x0f,
  0x50, 0x06, 0x3d, 0x04, 0xa0, 0x00, 0x0f, 0x08, 0x00, 0xff, 0x06, 0x04, 0x70, 0x07, 0x0f, 0x08,
  0x00, 0x05, 0x0f, 0x38, 0x01, 0x75, 0x04, 0x88, 0x03, 0x0c, 0x08, 0x00, 0x0f, 0xd8, 0x03, 0x15,
  0x0f, 0x02, 0x00, 0xff, 0x4e, 0x0c, 0x68, 0x07, 0x0c, 0x10, 0x00, 0x0f, 0x80, 0x01, 0xff, 0x4e,
  0x0f, 0x02, 0x00, 0x4d, 0x04, 0x48, 0x07, 0x0c, 0x60, 0x07, 0x0f, 0x10, 0x00, 0x0d, 0x04, 0x38,
  0x00, 0x0f, 0xa0, 0x00, 0x15, 0x0c, 0xe0, 0x03, 0x04, 0x10, 0x00, 0x04, 0x30, 0x07, 0x0f, 0x08,
  0x00, 0x3d, 0x0f, 0xe0, 0x04, 0x75, 0x0f, 0x88, 0x00, 0xb5, 0x0c, 0x48, 0x06, 0x0f, 0xd8, 0x00,
  0xb5, 0x0f, 0xc8, 0x00, 0x45, 0x0c, 0x30, 0x01, 0x0c, 0x10, 0x00, 0x0f, 0x78, 0x00, 0x45, 0x0f,
  0x58, 0x00, 0x1d, 0x04, 0x88, 0x03, 0x0c, 0x08, 0x00, 0x0f, 0xd8, 0x03, 0x15, 0x0f, 0x02, 0x00,
  0xff, 0x4e, 0x0c, 0x70, 0x07, 0x0c, 0x10, 0x00, 0x0f, 0x80, 0x01, 0xff, 0x4e, 0x0f, 0x02, 0x00,
  0x4d, 0x04, 0x48, 0x07, 0x0f, 0x70, 0x07, 0x0d, 0x0c, 0x20, 0x00, 0x04, 0x38, 0x00, 0x0f, 0xa0,
  0x00, 0x15, 0x0c, 0xe0, 0x03, 0x04, 0x10, 0x00, 0x0f, 0x78, 0x07, 0x3d, 0x04, 0x50, 0x00, 0x0f,
  0x88, 0x04, 0x1d, 0x0f, 0x30, 0x00, 0xff, 0x0e, 0x0f, 0x40, 0x06, 0x85, 0x0f, 0xb8, 0x01, 0x85,
  0x0c, 0x30, 0x01, 0x0c, 0x10, 0x00, 0x0f, 0xb8, 0x00, 0x6d, 0x04, 0x80, 0x03, 0x0c, 0x08, 0x00,
  0x0f, 0xd0, 0x03, 0x15, 0x0f, 0x02, 0x00, 0xff, 0x5e, 0x0f, 0x78, 0x07, 0xff, 0xf6, 0x04, 0x88,
  0x07, 0x04, 0x80, 0x07, 0x04, 0x08, 0x00, 0x0f, 0x90, 0x03, 0x15, 0x0c, 0xf0, 0x03, 0x04, 0x10,
  0x00, 0x04, 0x38, 0x07, 0x0f, 0x08, 0x00, 0x35, 0x0f, 0xe0, 0x04, 0x6d, 0x0f, 0x80, 0x00, 0xbd,
  0x0f, 0x40, 0x06, 0x7d, 0x0f, 0x60, 0x01, 0x8d, 0x0c, 0x30, 0x01, 0x0c, 0x10, 0x00, 0x0f, 0xc0,
  0x00, 0x6d, 0x04, 0x78, 0x03, 0x0c, 0x08, 0x00, 0x0f, 0xc8, 0x03, 0x15, 0x0f, 0x02, 0x00, 0xff,
  0x5e, 0x0f, 0x80, 0x07, 0xff, 0xff, 0xff, 0xff, 0xff, 0x22, 0x04, 0x60, 0x07, 0x0f, 0x78, 0x07,
  0xff, 0xff, 0x2f, 0x0f, 0x02, 0x00, 0xff, 0xc6, 0x04, 0xb8, 0x0e, 0x04, 0xd0, 0x0e, 0x0f, 0x08,
  0x00, 0x1d, 0x04, 0x40, 0x00, 0x04, 0x08, 0x00, 0x0f, 0x28, 0x02, 0x1d, 0x0c, 0x78, 0x0b, 0x04,
  0x10, 0x00, 0x0f, 0x00, 0x0f, 0x35, 0x04, 0x48, 0x00, 0x04, 0x08, 0x05, 0x0f, 0x08, 0x00, 0xff,
  0x36, 0x04, 0x50, 0x06, 0x0f, 0x50, 0x01, 0xff, 0x16, 0x04, 0x30, 0x01, 0x04, 0x08, 0x00, 0x0f,
  0x38, 0x01, 0x6d, 0x04, 0x68, 0x03, 0x0c, 0x08, 0x00, 0x0f, 0xc0, 0x03, 0x1d, 0x0f, 0x02, 0x00,
  0xff, 0xff, 0xff, 0x30, 0x04, 0x38, 0x07, 0x0f, 0x78, 0x07, 0x1d, 0x04, 0x30, 0x00, 0x04, 0x40,
  0x00, 0x04, 0x08, 0x00, 0x0f, 0x90, 0x03, 0x1d, 0x0c, 0x00, 0x04, 0x04, 0x10, 0x00, 0x04, 0x38,
  0x07, 0x0f, 0x08, 0x00, 0x35, 0x0f, 0xf0, 0x04, 0x6d, 0x0f, 0x80, 0x00, 0xbd, 0x0f, 0x48, 0x06,
  0x75, 0x0f, 0x58, 0x01, 0xbd, 0x0f, 0xd0, 0x00, 0x4d, 0x04, 0x60, 0x03, 0x0c, 0x08, 0x00, 0x0f,
  0xb8, 0x03, 0x1d, 0x0f, 0x02, 0x00, 0xff, 0xff, 0xff, 0x38, 0x04, 0x38, 0x07, 0x04, 0x50, 0x07,
  0x0f, 0x08, 0x00, 0x25, 0x04, 0x48, 0x00, 0x04, 0x98, 0x03, 0x04, 0x10, 0x00, 0x0c, 0x08, 0x00,
  0x04, 0x20, 0x00, 0x0c, 0x02, 0x00, 0x04, 0x10, 0x04, 0x0f, 0x70, 0x07, 0x35, 0x0c, 0x48, 0x00,
  0x0f, 0xd8, 0x04, 0x4d, 0x0f, 0x60, 0x00, 0xff, 0xff, 0x97, 0x04, 0x68, 0x03, 0x0c, 0x08, 0x00,
  0x0c, 0x90, 0x03, 0x0f, 0x02, 0x00, 0xff, 0xff, 0xff, 0x58, 0x04, 0x20, 0x07, 0x0f, 0x78, 0x07,
  0x25, 0x04, 0x38, 0x00, 0x04, 0x48, 0x00, 0x04, 0xb8, 0x03, 0x04, 0x10, 0x00, 0x0c, 0x08, 0x00,
  0x04, 0x20, 0x00, 0x0c, 0x02, 0x00, 0x04, 0x10, 0x04, 0x0c, 0x38, 0x07, 0x0f, 0x10, 0x00, 0x35,
  0x0f, 0x20, 0x07, 0xff, 0x76, 0x3f, 0x26, 0x71, 0xdf, 0x04, 0x00, 0x02, 0x0f, 0xa0, 0x01, 0xff,
  0x56, 0x04, 0x68, 0x03, 0x04, 0x08, 0x00, 0x0c, 0x88, 0x03, 0x0f, 0x02, 0x00, 0xff, 0xff, 0xff,
  0x60, 0x04, 0x20, 0x07, 0x04, 0x48, 0x07, 0x0f, 0x08, 0x00, 0x25, 0x04, 0x48, 0x00, 0x04, 0xc0,
  0x03, 0x04, 0x10, 0x00, 0x0c, 0x08, 0x00, 0x04, 0x20, 0x00, 0x04, 0x02, 0x00, 0x04, 0x08, 0x04,
  0x04, 0x08, 0x00, 0x0f, 0x70, 0x07, 0x35, 0x0f, 0x48, 0x00, 0x0d, 0x0f, 0xf0, 0x05, 0x35, 0x0f,
  0x4c, 0x06, 0x01, 0x0f, 0x50, 0x06, 0xff, 0x0a, 0x0f, 0x30, 0x01, 0xff, 0x1e, 0x0f, 0xa8, 0x02,
  0x35, 0x04, 0x48, 0x00, 0x04, 0x68, 0x03, 0x04, 0x08, 0x00, 0x04, 0x88, 0x03, 0x0f, 0x02, 0x00,
  0xff, 0xff, 0xff, 0x68, 0x04, 0x20, 0x07, 0x0f, 0x78, 0x07, 0x25, 0x04, 0x38, 0x00, 0x04, 0x48,
  0x00, 0x04, 0xc8, 0x03, 0x04, 0x10, 0x00, 0x0c, 0x08, 0x00, 0x04, 0x20, 0x00, 0x04, 0x02, 0x00,
  0x04, 0x08, 0x04, 0x04, 0x08, 0x00, 0x0f, 0x38, 0x07, 0x0d, 0x0f, 0x20, 0x00, 0x35, 0x04, 0x90,
  0x04, 0x0f, 0x08, 0x00, 0x2d, 0x0f, 0x50, 0x06, 0xff, 0x16, 0x0f, 0x28, 0x01, 0x05, 0x0c, 0x18,
  0x00, 0x0f, 0x90, 0x01, 0x2d, 0x0f, 0x40, 0x00, 0xfd, 0x0c, 0x70, 0x62, 0x04, 0x68, 0x03, 0x04,
  0x08, 0x00, 0x04, 0x88, 0x03, 0x0f, 0x02, 0x00, 0xff, 0xff, 0xff, 0x68, 0x04, 0x20, 0x07, 0x04,
  0x48, 0x07, 0x0c, 0x08, 0x00, 0x04, 0x20, 0x00, 0x04, 0x08, 0x00, 0x0c, 0x20, 0x00, 0x04, 0x10,
  0x00, 0x04, 0x20, 0x00, 0x04, 0x08, 0x00, 0x04, 0x18, 0x00, 0x0c, 0x08, 0x00, 0x04, 0x20, 0x00,
  0x04, 0x00, 0x04, 0x0f, 0x50, 0x07, 0x35, 0x0f, 0x48, 0x00, 0x2d, 0x0f, 0xb8, 0x05, 0x1d, 0x0c,
  0x38, 0x06, 0x0f, 0x10, 0x00, 0x05, 0x0f, 0x58, 0x00, 0x1d, 0x0f, 0x30, 0x00, 0xc5, 0x0f, 0x20,
  0x01, 0x05, 0x0c, 0x18, 0x00, 0x0f, 0x00, 0x01, 0xc5, 0x0f, 0xd8, 0x00, 0x65, 0x0f, 0x80, 0x07,
  0xff, 0xff, 0xff, 0xff, 0xff, 0xd2, 0x0f, 0xf8, 0x08, 0x05, 0x0c, 0x70, 0x06, 0x0c, 0x68, 0x07,
  0x0f, 0x10, 0x00, 0x05, 0x0c, 0x38, 0x00, 0x0f, 0x10, 0x00, 0xff, 0x1e, 0x0c, 0x70, 0x07, 0x0f,
  0x40, 0x01, 0x05, 0x04, 0x00, 0x0b, 0x0c, 0x08, 0x00, 0x0f, 0x08, 0x0f, 0xff, 0xff, 0xff, 0x60,
  0x04, 0x90, 0x0e, 0x0c, 0xa8, 0x0e, 0x04, 0x10, 0x00, 0x04, 0x20, 0x00, 0x04, 0x08, 0x00, 0x04,
  0x18, 0x00, 0x0c, 0x08, 0x00, 0x04, 0x20, 0x00, 0x04, 0x08, 0x00, 0x0c, 0x20, 0x00, 0x04, 0x10,
  0x00, 0x04, 0x20, 0x00, 0x0f, 0xb8, 0x05, 0x05, 0x0f, 0x18, 0x00, 0x85, 0x0c, 0xc8, 0x04, 0x0f,
  0x40, 0x06, 0x05, 0x0c, 0x18, 0x00, 0x0c, 0x38, 0x00, 0x0f, 0x10, 0x00, 0xbd, 0x0f, 0xb0, 0x01,
  0x05, 0x0c, 0xe8, 0x00, 0x0c, 0x18, 0x01, 0x0f, 0x10, 0x00, 0x05, 0x0c, 0x38, 0x00, 0x0f, 0x10,
  0x00, 0xff, 0x1e, 0x0f, 0x80, 0x07, 0xff, 0xff, 0xff, 0xff, 0xff, 0xfa, 0x0c, 0x98, 0x07, 0x0f,
  0x70, 0x07, 0x05, 0x0c, 0x18, 0x00, 0x0f, 0x70, 0x07, 0x55, 0x0c, 0x78, 0x00, 0x04, 0x10, 0x00,
  0x0f, 0x80, 0x00, 0x55, 0x0f, 0x68, 0x00, 0x2d, 0x0c, 0x68, 0x07, 0x04, 0x10, 0x00, 0x0f, 0x58,
  0x00, 0x15, 0x0c, 0xf8, 0x0e, 0x0f, 0x10, 0x00, 0x05, 0x0f, 0x10, 0x0f, 0xff, 0xff, 0xff, 0x50,
  0x04, 0x90, 0x0e, 0x04, 0xa0, 0x0e, 0x0c, 0x08, 0x00, 0x04, 0x20, 0x00, 0x04, 0x08, 0x00, 0x0c,
  0x20, 0x00, 0x04, 0x10, 0x00, 0x04, 0x20, 0x00, 0x04, 0x08, 0x00, 0x04, 0x18, 0x00, 0x0c, 0x08,
  0x00, 0x04, 0x20, 0x00, 0x0c, 0xa0, 0x05, 0x04, 0x10, 0x00, 0x04, 0x08, 0x05, 0x0c, 0x08, 0x00,
  0x04, 0x20, 0x00, 0x0f, 0x08, 0x00, 0x75, 0x0c, 0xa0, 0x00, 0x0f, 0x10, 0x00, 0x05, 0x0f, 0x10,
  0x05, 0x15, 0x0f, 0x28, 0x00, 0x2d, 0x0f, 0x80, 0x00, 0x65, 0x0f, 0x90, 0x01, 0x15, 0x0f, 0xa0,
  0x00, 0x05, 0x0c, 0x18, 0x00, 0x0f, 0x08, 0x01, 0x2d, 0x0f, 0x40, 0x00, 0x15, 0x0c, 0x78, 0x00,
  0x04, 0x10, 0x00, 0x0f, 0x40, 0x00, 0x15, 0x0f, 0x28, 0x00, 0x6d, 0x04, 0x70, 0x07, 0x0c, 0x08,
  0x00, 0x0f, 0x98, 0x00, 0x15, 0x0f, 0x70, 0x07, 0x05, 0x0c, 0x18, 0x00, 0x0f, 0x80, 0x07, 0xff,
  0xff, 0xff, 0xff, 0xff, 0xba, 0x04, 0xa8, 0x07, 0x04, 0xe8, 0x06, 0x0c, 0x08, 0x00, 0x04, 0x20,
  0x00, 0x0f, 0x08, 0x00, 0x15, 0x0f, 0x68, 0x06, 0x15, 0x0c, 0x28, 0x00, 0x0c, 0x78, 0x00, 0x0f,
  0x10, 0x00, 0x05, 0x0c, 0x38, 0x00, 0x0f, 0x10, 0x00, 0x6d, 0x04, 0x70, 0x4c, 0x04, 0x08, 0x00,
  0x0f, 0x90, 0x00, 0x35, 0x0c, 0x70, 0x07, 0x0f, 0x10, 0x00, 0x0d, 0x0f, 0x90, 0x07, 0xff, 0xff,
  0xff, 0x40, 0x04, 0x90, 0x0e, 0x0f, 0xa8, 0x0e, 0x05, 0x0c, 0x70, 0x03, 0x0f, 0x30, 0x00, 0x0d,
  0x0c, 0x48, 0x00, 0x0f, 0x10, 0x00, 0x05, 0x04, 0x48, 0x00, 0x04, 0x70, 0x05, 0x0f, 0x08, 0x05,
  0x05, 0x0c, 0x18, 0x00, 0x0f, 0x78, 0x04, 0x35, 0x04, 0x48, 0x00, 0x04, 0x80, 0x00, 0x0f, 0x08,
  0x00, 0x25, 0x0c, 0xa0, 0x00, 0x04, 0x10, 0x00, 0x0f, 0x50, 0x00, 0x1d, 0x04, 0x90, 0x00, 0x0f,
  0x08, 0x00, 0x1d, 0x04, 0x70, 0x00, 0x0f, 0x08, 0x00, 0x0d, 0x0f, 0x58, 0x00, 0x1d, 0x0f, 0x30,
  0x00, 0x15, 0x0f, 0xe8, 0x00, 0x1d, 0x0f, 0xa8, 0x00, 0x05, 0x0f, 0x48, 0x00, 0x1d, 0x0f, 0xa0,
  0x00, 0x15, 0x0c, 0x28, 0x00, 0x0f, 0x80, 0x00, 0x05, 0x0c, 0x18, 0x00, 0x0c, 0x38, 0x00, 0x0f,
  0x10, 0x00, 0x6d, 0x04, 0x78, 0x07, 0x04, 0x08, 0x00, 0x0f, 0x90, 0x00, 0x35, 0x0f, 0x70, 0x07,
  0x0d, 0x0c, 0x20, 0x00, 0x0c, 0x10, 0x04, 0x0f, 0x02, 0x00, 0xff, 0xff, 0xff, 0x30, 0x04, 0x08,
  0x07, 0x0c, 0x28, 0x07, 0x04, 0x18, 0x00, 0x0c, 0x60, 0x03, 0x04, 0x18, 0x00, 0x0f, 0x30, 0x00,
  0x05, 0x0c, 0x18, 0x00, 0x0f, 0x10, 0x00, 0x05, 0x04, 0x48, 0x00, 0x04, 0x78, 0x05, 0x0c, 0x00,
  0x05, 0x0f, 0x10, 0x00, 0x05, 0x0f, 0x78, 0x04, 0x35, 0x04, 0x48, 0x00, 0x04, 0x80, 0x00, 0x0f,
  0x08, 0x00, 0x25, 0x0f, 0xa8, 0x00, 0x05, 0x0f, 0x50, 0x00, 0x1d, 0x04, 0x90, 0x00, 0x0f, 0x08,
  0x00, 0x1d, 0x0f, 0x80, 0x00, 0x05, 0x0c, 0x18, 0x00, 0x0f, 0x58, 0x00, 0x1d, 0x0f, 0x30, 0x00,
  0x2d, 0x0f, 0x00, 0x01, 0x1d, 0x0f, 0x30, 0x00, 0x1d, 0x0f, 0xa0, 0x00, 0x25, 0x0c, 0x18, 0x01,
  0x0f, 0x10, 0x00, 0x05, 0x0f, 0x60, 0x00, 0x25, 0x0f, 0x38, 0x00, 0x2d, 0x0c, 0x50, 0x16, 0x04,
  0x70, 0x07, 0x0f, 0x08, 0x00, 0x05, 0x0f, 0x70, 0x00, 0x2d, 0x04, 0x40, 0x00, 0x0c, 0x68, 0x07,
  0x0f, 0x10, 0x00, 0x15, 0x0c, 0x20, 0x04, 0x0f, 0x02, 0x00, 0xff, 0xff, 0xff, 0x20, 0x04, 0x08,
  0x07, 0x0c, 0x28, 0x07, 0x04, 0x18, 0x00, 0x0c, 0x50, 0x03, 0x04, 0x18, 0x00, 0x0f, 0x30, 0x00,
  0x05, 0x0c, 0x18, 0x00, 0x0f, 0x10, 0x00, 0x05, 0x04, 0x48, 0x00, 0x04, 0x78, 0x05, 0x0f, 0x08,
  0x05, 0x05, 0x0c, 0x18, 0x00, 0x04, 0x30, 0x04, 0x0f, 0x08, 0x00, 0x5d, 0x04, 0xa8, 0x00, 0x0f,
  0x08, 0x00, 0x45, 0x0f, 0xd0, 0x00, 0x25, 0x0c, 0x20, 0x01, 0x0f, 0x10, 0x00, 0x05, 0x0f, 0x60,
  0x00, 0x25, 0x0f, 0x38, 0x00, 0x25, 0x0f, 0x28, 0x01, 0x45, 0x04, 0x58, 0x00, 0x0f, 0x98, 0x00,
  0x25, 0x0f, 0x20, 0x01, 0x05, 0x0c, 0x18, 0x00, 0x0f, 0x60, 0x00, 0x25, 0x0f, 0x38, 0x00, 0x2d,
  0x0f, 0x80, 0x07, 0xff, 0xff, 0xff, 0xff, 0xff, 0xff, 0x3b, 0x0f, 0x88, 0x06, 0x2d, 0x0f, 0x40,
  0x00, 0x45, 0x0c, 0x68, 0x07, 0x0f, 0x10, 0x00, 0x05, 0x0f, 0x80, 0x00, 0x45, 0x04, 0x58, 0x00,
  0x0c, 0x68, 0x07, 0x0f, 0xe0, 0x97, 0x05, 0x0f, 0xf8, 0x0e, 0x05, 0x04, 0x18, 0x00, 0x04, 0x50,
  0x00, 0x0f, 0x08, 0x00, 0x4d, 0x0f, 0x10, 0x0f, 0x0d, 0x0c, 0xa8, 0x0b, 0x0f, 0x02, 0x00, 0xff,
  0xff, 0xff, 0x00, 0x04, 0x70, 0x0e, 0x0f, 0x08, 0x00, 0x05, 0x0c, 0xa8, 0x0e, 0x0f, 0x28, 0x00,
  0x05, 0x04, 0x18, 0x00, 0x04, 0x30, 0x00, 0x0c, 0x10, 0x00, 0x04, 0x18, 0x00, 0x0f, 0x08, 0x00,
  0x0d, 0x04, 0x38, 0x00, 0x0f, 0x08, 0x00, 0x1d, 0x0f, 0x68, 0x04, 0x4d, 0x0f, 0x60, 0x00, 0x9d,
  0x0f, 0x40, 0x06, 0x05, 0x0c, 0x18, 0x00, 0x0f, 0xd8, 0x00, 0x9d, 0x0f, 0xb0, 0x00, 0x45, 0x0c,
  0x18, 0x01, 0x0f, 0x10, 0x00, 0x05, 0x0f, 0x80, 0x00, 0x45, 0x04, 0x58, 0x00, 0x0f, 0x80, 0x07,
  0xff, 0xff, 0xff, 0xff, 0xff, 0xff, 0xeb, 0x04, 0x00, 0x07, 0x0f, 0x78, 0x07, 0x55, 0x0c, 0x68,
  0x07, 0x04, 0x10, 0x00, 0x04, 0x88, 0x00, 0x04, 0xf8, 0x0e, 0x0c, 0x08, 0x00, 0x04, 0x20, 0x00,
  0x04, 0x08, 0x00, 0x04, 0xf0, 0x0e, 0x04, 0x08, 0x00, 0x04, 0x18, 0x00, 0x0f, 0x08, 0x00, 0x65,
  0x0f, 0x10, 0x0f, 0x05, 0x0f, 0xf8, 0x0e, 0xff, 0xff, 0xff, 0x00, 0x04, 0x02, 0x00, 0x0f, 0x68,
  0x0e, 0x0d, 0x0c, 0xb0, 0x0e, 0x0f, 0x30, 0x00, 0x15, 0x04, 0x28, 0x00, 0x0c, 0x40, 0x00, 0x0f,
  0x10, 0x00, 0x0d, 0x04, 0x38, 0x00, 0x0f, 0x08, 0x00, 0x1d, 0x0f, 0x70, 0x04, 0x65, 0x0f, 0x78,
  0x00, 0x8d, 0x0f, 0x50, 0x06, 0x65, 0x0f, 0x18, 0x01, 0x8d, 0x0f, 0xa0, 0x00, 0x05, 0x0f, 0x30,
  0x01, 0x65, 0x0f, 0x80, 0x07, 0xff, 0xff, 0xff, 0xff, 0xff, 0xff, 0xfb, 0x0f, 0x98, 0x07, 0x05,
  0x0f, 0x18, 0x00, 0x25, 0x04, 0x58, 0x07, 0x0c, 0x08, 0x00, 0x0f, 0x50, 0x00, 0x15, 0x04, 0x00,
  0x0f, 0x0f, 0x30, 0x00, 0x15, 0x0f, 0x28, 0x00, 0x75, 0x0f, 0x08, 0x0f, 0xff, 0xff, 0xff, 0x10,
  0x0c, 0x60, 0x0e, 0x39, 0xf8, 0xb1, 0xfc, 0x04, 0x00, 0x04, 0x20, 0x00, 0x0c, 0xb0, 0x0e, 0x04,
  0x18, 0x00, 0x08, 0x2c, 0x00, 0x0f, 0x30, 0x00, 0x01, 0x04, 0xc4, 0x0e, 0x04, 0x40, 0x00, 0x0c,
  0x30, 0x00, 0x04, 0x18, 0x00, 0x04, 0x08, 0x00, 0x04, 0x30, 0x00, 0x0c, 0x28, 0x00, 0x0f, 0x10,
  0x00, 0x05, 0x04, 0x30, 0x00, 0x04, 0x08, 0x00, 0x0f, 0x78, 0x04, 0x75, 0x0f, 0x88, 0x00, 0xcd,
  0x0c, 0x48, 0x06, 0x04, 0x10, 0x00, 0x0f, 0xf8, 0x00, 0xcd, 0x0f, 0xe0, 0x00, 0x25, 0x04, 0x20,
  0x01, 0x0c, 0x08, 0x00, 0x0f, 0x50, 0x00, 0x15, 0x0f, 0x80, 0x07, 0xff, 0xff, 0xff, 0xff, 0xff,
  0xff, 0xff, 0x24, 0x0f, 0x68, 0x07, 0x25, 0x0f, 0x90, 0x07, 0x15, 0x0f, 0x28, 0x00, 0x9d, 0x0f,
  0x08, 0x0f, 0xff, 0xff, 0xff, 0x08, 0x04, 0x38, 0x0e, 0x04, 0x08, 0x00, 0x0c, 0x68, 0x0e, 0x04,
  0x18, 0x00, 0x04, 0xa0, 0x0e, 0x04, 0x08, 0x00, 0x04, 0x18, 0x00, 0x0f, 0x30, 0x00, 0x0d, 0x04,
  0x28, 0x00, 0x04, 0x38, 0x00, 0x0c, 0x30, 0x00, 0x04, 0x18, 0x00, 0x04, 0x08, 0x00, 0x04, 0x30,
  0x00, 0x0c, 0x28, 0x00, 0x0f, 0x10, 0x00, 0x05, 0x04, 0x30, 0x00, 0x04, 0x08, 0x00, 0x0f, 0x98,
  0x04, 0x9d, 0x0f, 0xb0, 0x00, 0x95, 0x0f, 0x50, 0x06, 0xfd, 0x0f, 0xb8, 0x01, 0x0d, 0x0f, 0x30,
  0x01, 0xfd, 0x0f, 0x80, 0x07, 0xff, 0xff, 0xff, 0xff, 0xff, 0xff, 0x53, 0x0f, 0x70, 0x07, 0x1d,
  0x0f, 0x68, 0xd3, 0x35, 0x0f, 0x08, 0x08, 0x0d, 0x0f, 0x20, 0x00, 0x7d, 0x0f, 0x88, 0x07, 0xff,
  0xff, 0xff, 0x00, 0x04, 0x38, 0x0e, 0x04, 0x08, 0x00, 0x0c, 0x68, 0x0e, 0x04, 0x18, 0x00, 0x04,
  0xa0, 0x0e, 0x04, 0x08, 0x00, 0x04, 0x18, 0x00, 0x0f, 0x30, 0x00, 0x0d, 0x04, 0x28, 0x00, 0x04,
  0x38, 0x00, 0x0c, 0x30, 0x00, 0x04, 0x18, 0x00, 0x04, 0x08, 0x00, 0x04, 0x30, 0x00, 0x0c, 0x28,
  0x00, 0x0f, 0x10, 0x00, 0x05, 0x04, 0x30, 0x00, 0x04, 0x08, 0x00, 0x0f, 0x70, 0x04, 0x7d, 0x0f,
  0x90, 0x00, 0xa5, 0x0f, 0x50, 0x06, 0xff, 0x16, 0x04, 0xe0, 0x01, 0x0f, 0x30, 0x01, 0xff, 0x16,
  0x0f, 0x80, 0x07, 0xff, 0xff, 0xff, 0xff, 0xff, 0xff, 0x23, 0x0c, 0x58, 0x07, 0x0c, 0x10, 0x00,
  0x0f, 0xc8, 0x0e, 0x1d, 0x04, 0x30, 0x00, 0x0c, 0x08, 0x00, 0x04, 0xc8, 0x07, 0x0f, 0x08, 0x00,
  0xd5, 0x0f, 0x88, 0x07, 0xff, 0xff, 0xf7, 0x04, 0x38, 0x0e, 0x0f, 0x08, 0x00, 0x15, 0x0f, 0xa8,
  0x0e, 0x0d, 0x0c, 0x48, 0x00, 0x04, 0x30, 0x00, 0x04, 0x08, 0x00, 0x0f, 0x20, 0x00, 0x05, 0x0c,
  0x18, 0x00, 0x0f, 0x10, 0x00, 0x15, 0x04, 0x18, 0x0f, 0x04, 0x30, 0x00, 0x0f, 0xc0, 0x04, 0xd5,
  0x0f, 0xe8, 0x00, 0x25, 0x0c, 0x40, 0x06, 0x0c, 0x10, 0x00, 0x04, 0x18, 0x06, 0x0f, 0x60, 0x00,
  0x15, 0x04, 0x30, 0x00, 0x0c, 0x08, 0x00, 0x0f, 0x40, 0x00, 0x15, 0x0f, 0x28, 0x00, 0x8d, 0x0c,
  0x20, 0x01, 0x0c, 0x10, 0x00, 0x04, 0xf8, 0x00, 0x0f, 0xc8, 0x00, 0x15, 0x04, 0x30, 0x00, 0x0c,
  0x08, 0x00, 0x0f, 0x40, 0x00, 0x15, 0x0f, 0x28, 0x00, 0xb5, 0x0f, 0x80, 0x07, 0xff, 0xff, 0xff,
  0xff, 0xff, 0xea, 0x0c, 0x40, 0x07, 0x0f, 0x10, 0x00, 0x0d, 0x0f, 0xf0, 0x06, 0x05, 0x0c, 0x40,
  0x07, 0x04, 0x10, 0x00, 0x0f, 0x30, 0x00, 0x05, 0x0c, 0x18, 0x00, 0x0f, 0x30, 0x00, 0x1d, 0x0c,
  0x40, 0x00, 0x0f, 0x10, 0x00, 0x5d, 0x0f, 0x90, 0x44, 0x45, 0x0f, 0x88, 0x07, 0xff, 0xff, 0xef,
  0x04, 0x38, 0x0e, 0x0f, 0x08, 0x00, 0x15, 0x0c, 0xc8, 0x0e, 0x04, 0x80, 0x0e, 0x04, 0x08, 0x00,
  0x0c, 0x48, 0x00, 0x04, 0x30, 0x00, 0x04, 0x08, 0x00, 0x0f, 0x20, 0x00, 0x05, 0x0c, 0x18, 0x00,
  0x0f, 0x10, 0x00, 0x15, 0x0c, 0x78, 0x00, 0x0f, 0x98, 0x04, 0x5d, 0x0f, 0x70, 0x00, 0x6d, 0x0f,
  0x40, 0x06, 0x0d, 0x0c, 0x20, 0x00, 0x0f, 0xb0, 0x00, 0x05, 0x04, 0x10, 0x06, 0x0c, 0x08, 0x00,
  0x0f, 0x30, 0x00, 0x05, 0x0c, 0x18, 0x00, 0x04, 0x38, 0x00, 0x0c, 0x18, 0x00, 0x0f, 0x10, 0x00,
  0x7d, 0x0c, 0x10, 0x01, 0x0f, 0x10, 0x00, 0x0d, 0x0f, 0xc0, 0x00, 0x05, 0x04, 0xf0, 0x00, 0x0c,
  0x08, 0x00, 0x0f, 0x30, 0x00, 0x05, 0x0c, 0x18, 0x00, 0x04, 0x38, 0x00, 0x0c, 0x18, 0x00, 0x0f,
  0x10, 0x00, 0x85, 0x0f, 0x80, 0x07, 0xff, 0xff, 0xff, 0xff, 0xff, 0xff, 0x0b, 0x0f, 0x40, 0x07,
  0x0d, 0x0c, 0x20, 0x00, 0x04, 0xe0, 0x06, 0x0f, 0x50, 0x06, 0x05, 0x04, 0x18, 0x00, 0x04, 0x28,
  0x00, 0x0f, 0x08, 0x00, 0x0d, 0x0f, 0x48, 0x07, 0x9d, 0x0f, 0xd0, 0x00, 0x0d, 0x0c, 0x20, 0x00,
  0x04, 0x10, 0x01, 0x0f, 0x08, 0x00, 0x0d, 0x0c, 0x38, 0x00, 0x0f, 0x10, 0x00, 0x1d, 0x0f, 0x08,
  0x0f, 0xff, 0xff, 0xe7, 0x04, 0x68, 0x0e, 0x04, 0xa0, 0x0e, 0x0f, 0x08, 0x00, 0x15, 0x0f, 0x38,
  0x00, 0x0d, 0x0f, 0x20, 0x00, 0x05, 0x04, 0x18, 0x00, 0x0c, 0x08, 0x00, 0x0f, 0x78, 0x00, 0x1d,
  0x04, 0x40, 0x00, 0x0c, 0x00, 0x0f, 0x0c, 0x70, 0x05, 0x0f, 0x10, 0x00, 0x25, 0x0f, 0x40, 0x04,
  0x1d, 0x0f, 0x30, 0x00, 0x35, 0x0f, 0xb0, 0x00, 0x1d, 0x0f, 0x78, 0x00, 0x35, 0x04, 0x48, 0x00,
  0x0f, 0x50, 0x06, 0x9d, 0x0f, 0x30, 0x01, 0x25, 0x0f, 0x50, 0x06, 0x35, 0x0f, 0x30, 0x01, 0x9d,
  0x04, 0xe8, 0x01, 0x0f, 0x08, 0x00, 0x15, 0x0f, 0x28, 0x01, 0x0d, 0x04, 0x20, 0x00, 0x0f, 0x50,
  0x00, 0x15, 0x0f, 0x28, 0x00, 0x05, 0x0f, 0x80, 0x07, 0xff, 0xff, 0xff, 0xff, 0xff, 0x4a, 0x0f,
  0x20, 0x07, 0x1d, 0x0f, 0x30, 0x00, 0x1d, 0x0f, 0xd0, 0x05, 0x05, 0x04, 0x08, 0x68, 0x04, 0x20,
  0x06, 0x0c, 0x08, 0x00, 0x04, 0x20, 0x00, 0x0f, 0x08, 0x00, 0x05, 0x04, 0x30, 0x00, 0x0f, 0x60,
  0x00, 0x05, 0x0f, 0x18, 0x00, 0xd5, 0x04, 0x08, 0x01, 0x0c, 0x08, 0x00, 0x0f, 0x00, 0x01, 0x45,
  0x0f, 0x88, 0x07, 0xff, 0xff, 0xdf, 0x04, 0x48, 0x0e, 0x0f, 0x80, 0x0e, 0x15, 0x04, 0x28, 0x00,
  0x0f, 0x38, 0x00, 0x0d, 0x0f, 0x20, 0x00, 0x05, 0x04, 0x18, 0x00, 0x0c, 0x08, 0x00, 0x04, 0x58,
  0x00, 0x0f, 0x08, 0x00, 0x0d, 0x0c, 0x38, 0x00, 0x0c, 0x00, 0x0f, 0x0f, 0x18, 0x04, 0x35, 0x04,
  0x08, 0x06, 0x04, 0xe0, 0x0c, 0x04, 0x10, 0x00, 0x0f, 0x08, 0x00, 0x4d, 0x0f, 0xc0, 0x00, 0x05,
  0x0c, 0x28, 0x06, 0x0f, 0x28, 0x00, 0x05, 0x0f, 0x18, 0x00, 0x7d, 0x0f, 0x30, 0x01, 0x6d, 0x0c,
  0x38, 0x06, 0x04, 0x10, 0x00, 0x0c, 0x50, 0x01, 0x0c, 0x10, 0x00, 0x04, 0x28, 0x00, 0x0f, 0x50,
  0x01, 0x7d, 0x0f, 0x90, 0x00, 0x5d, 0x04, 0x08, 0x01, 0x0c, 0x08, 0x00, 0x0f, 0x88, 0x00, 0x45,
  0x0f, 0x80, 0x07, 0xff, 0xff, 0xff, 0xff, 0xff, 0x42, 0x0f, 0xa8, 0x05, 0x1d, 0x0f, 0x68, 0x60,
  0x2d, 0x04, 0x48, 0x07, 0x04, 0x30, 0x06, 0x04, 0x10, 0x00, 0x0f, 0x08, 0x00, 0x25, 0x04, 0x48,
  0x00, 0x0f, 0xc8, 0x00, 0x1d, 0x0f, 0x30, 0x00, 0xb5, 0x0c, 0x00, 0x01, 0x3f, 0x0b, 0xf1, 0xbf,
  0x04, 0x00, 0x0a, 0x0f, 0xf8, 0x00, 0x35, 0x0c, 0x88, 0x07, 0x04, 0x28, 0x75, 0x0f, 0x02, 0x00,
  0xff, 0xff, 0xb7, 0x04, 0x48, 0x0e, 0x0f, 0x70, 0x0e, 0x0d, 0x0f, 0x20, 0x00, 0x05, 0x04, 0x40,
  0x00, 0x0f, 0x08, 0x00, 0x25, 0x0f, 0x58, 0x00, 0x05, 0x0f, 0x18, 0x00, 0x15, 0x04, 0x78, 0x00,
  0x0f, 0x00, 0x0f, 0x45, 0x04, 0xf8, 0x0e, 0x0c, 0x08, 0x00, 0x0f, 0x60, 0x04, 0x1d, 0x0f, 0x50,
  0x06, 0x35, 0x0f, 0x40, 0x06, 0x05, 0x0f, 0x90, 0x00, 0x1d, 0x0f, 0x30, 0x00, 0x8d, 0x0f, 0x30,
  0x01, 0x35, 0x04, 0x38, 0x06, 0x0f, 0x38, 0x01, 0x05, 0x0f, 0x18, 0x00, 0x15, 0x04, 0x48, 0x00,
  0x0f, 0x38, 0x01, 0x8d, 0x0f, 0xa0, 0x00, 0x45, 0x0c, 0x00, 0x01, 0x0f, 0x7c, 0x07, 0x09, 0x0f,
  0x80, 0x07, 0xff, 0xff, 0xff, 0xff, 0xff, 0xae, 0x04, 0x78, 0x07, 0x0c, 0x08, 0x00, 0x0f, 0x58,
  0x06, 0x1d, 0x04, 0x30, 0x06, 0x0f, 0x60, 0x07, 0x15, 0x0f, 0x28, 0x00, 0x15, 0x04, 0x58, 0x00,
  0x0f, 0x90, 0x00, 0x1d, 0x0f, 0x30, 0x00, 0xbd, 0x0f, 0x80, 0x07, 0x55, 0x0c, 0xb8, 0x18, 0x04,
  0x10, 0x0f, 0x0f, 0x00, 0x0f, 0xff, 0xff, 0xff, 0xd8, 0x04, 0x38, 0x05, 0x04, 0x00, 0x0f, 0x04,
  0x10, 0x00, 0x0f, 0x08, 0x00, 0x15, 0x0c, 0x48, 0x06, 0x04, 0x10, 0x00, 0x0f, 0x40, 0x00, 0x15,
  0x04, 0x28, 0x00, 0x0f, 0x20, 0x06, 0x0d, 0x04, 0x28, 0x00, 0x0f, 0x08, 0x00, 0xad, 0x04, 0x20,
  0x01, 0x0c, 0x08, 0x00, 0x0f, 0xd8, 0x00, 0x1d, 0x04, 0x28, 0x07, 0x0f, 0x38, 0x01, 0x0d, 0x0f,
  0x20, 0x00, 0x1d, 0x04, 0x58, 0x00, 0x0f, 0x90, 0x00, 0x1d, 0x0f, 0x30, 0x00, 0xbd, 0x0f, 0x80,
  0x07, 0xff, 0xff, 0xff, 0xff, 0xff, 0xca, 0x04, 0xa8, 0x06, 0x04, 0x80, 0x07, 0x04, 0x10, 0x00,
  0x0f, 0x08, 0x00, 0x15, 0x04, 0x20, 0x07, 0x0f, 0x58, 0x07, 0x1d, 0x0f, 0x30, 0x00, 0x1d, 0x04,
  0x68, 0x00, 0x0f, 0x98, 0x00, 0x15, 0x0f, 0x28, 0x00, 0xbd, 0x0f, 0x80, 0x07, 0x3d, 0x0c, 0xe8,
  0x0e, 0x04, 0x10, 0x00, 0x04, 0xf0, 0x0e, 0x0c, 0x08, 0x00, 0x0f, 0x00, 0x0f, 0xff, 0xff, 0xaf,
  0x0f, 0x38, 0x1d, 0x05, 0x04, 0x18, 0x00, 0x0f, 0x08, 0x00, 0x15, 0x0f, 0xa8, 0x1d, 0x25, 0x0c,
  0xb0, 0x1d, 0x0f, 0x70, 0x00, 0x15, 0x04, 0x28, 0x00, 0x04, 0x78, 0x00, 0x04, 0x10, 0x00, 0x0c,
  0x50, 0x00, 0x0f, 0xf0, 0x04, 0x7d, 0x0f, 0x50, 0x06, 0x25, 0x0c, 0xc8, 0x00, 0x0c, 0x28, 0x06,
  0x0c, 0x20, 0x00, 0x0f, 0x10, 0x00, 0xb5, 0x0f, 0x30, 0x01, 0x25, 0x04, 0x18, 0x07, 0x0c, 0x28,
  0x01, 0x0f, 0x10, 0x00, 0x3d, 0x04, 0x68, 0x00, 0x0f, 0x70, 0x01, 0xb5, 0x0f, 0xc8, 0x00, 0x1d,
  0x0f, 0x80, 0x07, 0xff, 0xff, 0xff, 0xff, 0xff, 0xd2, 0x0f, 0x10, 0x06, 0x1d, 0x04, 0x10, 0x07,
  0x0f, 0x68, 0x07, 0x3d, 0x0f, 0x50, 0x00, 0x05, 0x04, 0x70, 0x00, 0x0f, 0xa8, 0x00, 0x1d, 0x0f,
  0x30, 0x00, 0xa5, 0x0f, 0x70, 0x07, 0x0d, 0x0f, 0x20, 0x00, 0x05, 0x0f, 0xf0, 0x00, 0x0d, 0x04,
  0xe8, 0x0e, 0x0f, 0x28, 0x00, 0x05, 0x0c, 0xf8, 0x0e, 0x04, 0x10, 0x00, 0x0f, 0x00, 0x0f, 0xff,
  0xff, 0xff, 0xff, 0x21, 0x0f, 0x60, 0x04, 0x05, 0x0f, 0x18, 0x00, 0xff, 0x36, 0x04, 0x10, 0x07,
  0x0f, 0x30, 0x07, 0x05, 0x0f, 0x18, 0x00, 0x3d, 0x04, 0x70, 0x00, 0x0f, 0xc0, 0x01, 0xd5, 0x0f,
  0x60, 0x07, 0x05, 0x0f, 0x18, 0x00, 0x0d, 0x0f, 0x20, 0x01, 0x0d, 0x0f, 0x80, 0x07, 0xff, 0xff,
  0xff, 0xff, 0xff, 0xb2, 0x04, 0x08, 0x07, 0x0f, 0x60, 0x07, 0x3d, 0x0f, 0x50, 0x00, 0x0d, 0x04,
  0x78, 0x00, 0x0f, 0x60, 0x06, 0x0d, 0x0f, 0x20, 0x00, 0xb5, 0x0c, 0x68, 0x07, 0x04, 0xd8, 0x00,
  0x0c, 0x18, 0x00, 0x0c, 0x10, 0x00, 0x04, 0x28, 0x00, 0x04, 0x08, 0x00, 0x0f, 0x20, 0x00, 0x0d,
  0x0f, 0xe8, 0x28, 0x05, 0x04, 0xf8, 0x0e, 0x0c, 0x08, 0x00, 0x0f, 0x08, 0x0f, 0xff, 0xff, 0xa7,
  0x0f, 0x38, 0x1d, 0x05, 0x04, 0x18, 0x00, 0x0f, 0x08, 0x00, 0x15, 0x04, 0x88, 0x1d, 0x0f, 0x08,
  0x00, 0x0d, 0x04, 0x50, 0x00, 0x04, 0xa8, 0x1d, 0x04, 0x08, 0x00, 0x04, 0x18, 0x00, 0x0f, 0x08,
  0x00, 0x1d, 0x04, 0x70, 0x00, 0x04, 0x38, 0x00, 0x0c, 0x50, 0x00, 0x04, 0xf0, 0x03, 0x0f, 0x08,
  0x00, 0xff, 0xce, 0x04, 0x08, 0x07, 0x0f, 0x30, 0x07, 0x0d, 0x0f, 0x20, 0x00, 0x3d, 0x04, 0x78,
  0x00, 0x0f, 0x60, 0x02, 0xd5, 0x0f, 0x38, 0x07, 0x05, 0x0c, 0x18, 0x00, 0x0c, 0x10, 0x00, 0x0c,
  0x20, 0x01, 0x0f, 0x20, 0x00, 0x0d, 0x0f, 0x80, 0x07, 0xff, 0xff, 0xff, 0xff, 0xff, 0xff, 0x1b,
  0x04, 0xd0, 0x07, 0x0f, 0x88, 0x07, 0xd5, 0x0f, 0x38, 0x07, 0x0d, 0x0f, 0x20, 0x00, 0x1d, 0x0f,
  0x30, 0x00, 0x05, 0x04, 0x80, 0x07, 0x04, 0x08, 0x00, 0x04, 0xc0, 0x07, 0x0c, 0xf8, 0x0e, 0x04,
  0x10, 0x00, 0x0f, 0x00, 0x0f, 0xff, 0xff, 0x9f, 0x0c, 0x30, 0x0e, 0x04, 0x38, 0x0e, 0x0f, 0x08,
  0x00, 0x1d, 0x04, 0x48, 0x00, 0x04, 0x08, 0x00, 0x04, 0x90, 0x0e, 0x0f, 0x08, 0x00, 0x05, 0x04,
  0x28, 0x00, 0x0f, 0x68, 0x00, 0x1d, 0x04, 0x30, 0x00, 0x04, 0x40, 0x00, 0x04, 0x08, 0x00, 0x04,
  0x68, 0x00, 0x04, 0x10, 0x00, 0x0c, 0x28, 0x00, 0x04, 0xb8, 0x03, 0x0f, 0x08, 0x00, 0xff, 0xce,
  0x04, 0x00, 0x07, 0x04, 0x10, 0x07, 0x0f, 0x08, 0x00, 0x5d, 0x04, 0x80, 0x00, 0x0f, 0x68, 0x02,
  0xcd, 0x0f, 0x30, 0x07, 0x05, 0x04, 0xf8, 0x00, 0x0f, 0x20, 0x00, 0x1d, 0x0f, 0x30, 0x00, 0x05,
  0x04, 0x78, 0x07, 0x04, 0x08, 0x00, 0x04, 0x60, 0x00, 0x04, 0x70, 0x07, 0x0c, 0x08, 0x00, 0x0f,
  0x80, 0x07, 0xff, 0xff, 0xff, 0xff, 0xff, 0xff, 0x1b, 0x04, 0xa8, 0x07, 0x0c, 0x08, 0x00, 0x04,
  0x60, 0x06, 0x0f, 0x08, 0x00, 0x75, 0x3f, 0x6e, 0x94, 0x37, 0x04, 0x00, 0x02, 0x0c, 0x30, 0x07,
  0x0c, 0x24, 0x00, 0x04, 0xc0, 0x00, 0x04, 0x28, 0x00, 0x04, 0x10, 0x00, 0x0c, 0x28, 0x00, 0x04,
  0x20, 0x00, 0x04, 0x08, 0x00, 0x0f, 0x28, 0x00, 0x05, 0x0c, 0x38, 0x00, 0x04, 0x28, 0x00, 0x0f,
  0x80, 0x07, 0xff, 0xff, 0xff, 0xa0, 0x0c, 0xf0, 0x04, 0x04, 0x10, 0x00, 0x04, 0xd0, 0x03, 0x0f,
  0x08, 0x00, 0xff, 0xae, 0x04, 0xd0, 0x01, 0x0f, 0xf8, 0x0e, 0x5d, 0x04, 0x70, 0x00, 0x04, 0x80,
  0x00, 0x0f, 0x48, 0x02, 0x0d, 0x04, 0x28, 0x00, 0x0c, 0x08, 0x00, 0x0f, 0x38, 0x00, 0x0d, 0x0f,
  0x20, 0x00, 0x5d, 0x0c, 0xf8, 0x06, 0x04, 0x10, 0x00, 0x04, 0x30, 0x07, 0x04, 0x08, 0x00, 0x04,
  0x18, 0x00, 0x04, 0x08, 0x00, 0x04, 0xa8, 0x00, 0x04, 0x20, 0x00, 0x04, 0x10, 0x00, 0x04, 0x20,
  0x00, 0x04, 0x08, 0x00, 0x04, 0x20, 0x00, 0x04, 0x08, 0x00, 0x0f, 0x28, 0x00, 0x05, 0x04, 0x30,
  0x00, 0x04, 0x08, 0x00, 0x04, 0x28, 0x00, 0x0f, 0x80, 0x07, 0xff, 0xff, 0xff, 0xff, 0xff, 0x7a,
  0x04, 0xc8, 0x06, 0x04, 0x08, 0x07, 0x0f, 0x08, 0x00, 0x1d, 0x04, 0x40, 0x00, 0x04, 0x08, 0x00,
  0x0f, 0x40, 0x00, 0x1d, 0x04, 0x30, 0x00, 0x04, 0x40, 0x00, 0x04, 0x20, 0x06, 0x0c, 0x08, 0x00,
  0x04, 0x20, 0x00, 0x04, 0x30, 0x00, 0x0c, 0x08, 0x00, 0x04, 0x20, 0x00, 0x0c, 0x08, 0x00, 0x0c,
  0x48, 0x00, 0x0f, 0x10, 0x00, 0x55, 0x04, 0xf0, 0x06, 0x0c, 0x08, 0x00, 0x04, 0x30, 0x07, 0x04,
  0x08, 0x00, 0x0c, 0x20, 0x00, 0x04, 0xa0, 0x00, 0x04, 0x20, 0x00, 0x04, 0x10, 0x00, 0x0c, 0x28,
  0x00, 0x04, 0x20, 0x00, 0x04, 0x08, 0x00, 0x0f, 0x28, 0x00, 0x05, 0x0c, 0x38, 0x00, 0x04, 0x28,
  0x00, 0x0f, 0x80, 0x07, 0xff, 0xff, 0xb7, 0x04, 0x38, 0x1d, 0x0f, 0x08, 0x00, 0x95, 0x0c, 0xe0,
  0x1d, 0x0f, 0x00, 0x1e, 0x0d, 0x0c, 0xd0, 0x04, 0x0f, 0x10, 0x00, 0x05, 0x04, 0xd8, 0x03, 0x0f,
  0x08, 0x00, 0xcd, 0x0f, 0xe8, 0x01, 0x0d, 0x04, 0x20, 0x01, 0x0f, 0x08, 0x01, 0x95, 0x04, 0xb0,
  0x00, 0x0c, 0xd0, 0x06, 0x0f, 0x10, 0x00, 0x15, 0x04, 0x40, 0x00, 0x04, 0x08, 0x00, 0x0f, 0x38,
  0x00, 0x15, 0x0c, 0x28, 0x00, 0x04, 0x40, 0x00, 0x0f, 0x38, 0x01, 0x05, 0x04, 0x20, 0x00, 0x0c,
  0x38, 0x00, 0x04, 0x10, 0x00, 0x04, 0x20, 0x00, 0x0c, 0x08, 0x00, 0x0f, 0x50, 0x00, 0x05, 0x0f,
  0x18, 0x00, 0x4d, 0x0c, 0xf8, 0x06, 0x04, 0x10, 0x00, 0x04, 0x30, 0x07, 0x04, 0x08, 0x00, 0x04,
  0x18, 0x00, 0x04, 0x08, 0x00, 0x04, 0x98, 0x00, 0x04, 0x20, 0x00, 0x04, 0x10, 0x00, 0x04, 0x20,
  0x00, 0x04, 0x08, 0x00, 0x04, 0x20, 0x00, 0x04, 0x08, 0x00, 0x0f, 0x28, 0x00, 0x05, 0x04, 0x30,
  0x00, 0x04, 0x08, 0x00, 0x04, 0x28, 0x00, 0x0f, 0x80, 0x07, 0xff, 0xff, 0xff, 0xff, 0xff, 0xb2,
  0x04, 0xe8, 0x06, 0x04, 0xd0, 0x05, 0x04, 0x08, 0x00, 0x04, 0x18, 0x00, 0x04, 0x18, 0x07, 0x0f,
  0x08, 0x00, 0x15, 0x04, 0x38, 0x00, 0x04, 0x48, 0x00, 0x04, 0x08, 0x00, 0x04, 0x18, 0x00, 0x0f,
  0x48, 0x00, 0x15, 0x0c, 0x28, 0x00, 0x04, 0x40, 0x00, 0x04, 0x50, 0x00, 0x0f, 0x08, 0x00, 0x75,
  0x04, 0x38, 0x07, 0x04, 0x18, 0x07, 0x04, 0x08, 0x00, 0x0c, 0xa0, 0x00, 0x04, 0x28, 0x00, 0x0f,
  0x18, 0x00, 0x05, 0x0c, 0x20, 0x00, 0x04, 0x48, 0x00, 0x0c, 0x08, 0x00, 0x0c, 0x40, 0x00, 0x0f,
  0x80, 0x07, 0xff, 0xff, 0xff, 0xff, 0xa1, 0x04, 0xf8, 0x0e, 0x04, 0x30, 0x10, 0x0f, 0x08, 0x00,
  0x05, 0x04, 0x28, 0x00, 0x0f, 0xf8, 0x05, 0x85, 0x0c, 0x88, 0x05, 0x04, 0xa8, 0x00, 0x0c, 0xb8,
  0x06, 0x0f, 0x10, 0x00, 0x0d, 0x04, 0x38, 0x00, 0x0f, 0x50, 0x00, 0x85, 0x04, 0xc0, 0x00, 0x0f,
  0xa8, 0x00, 0x05, 0x0c, 0xb8, 0x00, 0x0f, 0x10, 0x00, 0x5d, 0x04, 0x38, 0x07, 0x0f, 0x28, 0x07,
  0x0d, 0x04, 0x28, 0x00, 0x0c, 0xa0, 0x00, 0x04, 0x18, 0x00, 0x04, 0x08, 0x00, 0x04, 0x20, 0x00,
  0x0c, 0x50, 0x00, 0x04, 0x10, 0x00, 0x04, 0x20, 0x00, 0x04, 0x08, 0x00, 0x0f, 0x80, 0x07, 0xff,
  0xff, 0xff, 0xff, 0xff, 0xaa, 0x0f, 0xd0, 0x06, 0x15, 0x04, 0x28, 0x00, 0x04, 0x08, 0x07, 0x0f,
  0x08, 0x00, 0x0d, 0x04, 0x30, 0x00, 0x04, 0x20, 0x06, 0x04, 0x10, 0x00, 0x0f, 0x38, 0x00, 0x0d,
  0x0f, 0x20, 0x00, 0x15, 0x04, 0x50, 0x00, 0x04, 0x60, 0x00, 0x0f, 0x08, 0x00, 0x2d, 0x0c, 0xd8,
  0x33, 0x0f, 0xe8, 0x06, 0x05, 0x0c, 0x68, 0x00, 0x0c, 0x28, 0x00, 0x04, 0x40, 0x07, 0x0f, 0x08,
  0x00, 0x05, 0x04, 0x40, 0x00, 0x04, 0x38, 0x00, 0x0f, 0x08, 0x00, 0x15, 0x04, 0x38, 0x00, 0x04,
  0x08, 0x00, 0x0c, 0x38, 0x00, 0x0f, 0x80, 0x07, 0xff, 0xff, 0xb7, 0x04, 0x50, 0x1d, 0x0f, 0x08,
  0x00, 0x25, 0x0f, 0x48, 0x0d, 0x05, 0x0c, 0x18, 0x00, 0x04, 0x58, 0x0d, 0x0f, 0x68, 0x00, 0x15,
  0x39, 0xba, 0x7b, 0xd7, 0x04, 0x00, 0x0c, 0x40, 0x00, 0x04, 0x10, 0x00, 0x04, 0x68, 0x00, 0x04,
  0x10, 0x00, 0x04, 0x60, 0x00, 0x04, 0x10, 0x00, 0x04, 0xb8, 0x04, 0x0f, 0x08, 0x00, 0x0d, 0x04,
  0xe8, 0x03, 0x0f, 0x08, 0x00, 0xbd, 0x04, 0x08, 0x01, 0x04, 0x28, 0x01, 0x0f, 0x08, 0x00, 0x15,
  0x04, 0x38, 0x00, 0x0f, 0x10, 0x01, 0x8d, 0x04, 0xd8, 0x01, 0x0f, 0xc8, 0x06, 0x3d, 0x0f, 0x58,
  0x00, 0x2d, 0x0f, 0x40, 0x00, 0x1d, 0x0f, 0xc0, 0x00, 0x0d, 0x04, 0x50, 0x00, 0x0f, 0x90, 0x01,
  0x35, 0x0f, 0x80, 0x07, 0xff, 0xff, 0xff, 0xff, 0xff, 0xff, 0x63, 0x0f, 0xc0, 0x06, 0x25, 0x04,
  0x38, 0x00, 0x0f, 0x20, 0x07, 0x15, 0x0f, 0x30, 0x00, 0x15, 0x0f, 0x50, 0x00, 0x0d, 0x0f, 0x20,
  0x00, 0x05, 0x04, 0x60, 0x00, 0x0f, 0x88, 0x07, 0x1d, 0x04, 0xe0, 0x60, 0x04, 0x78, 0x07, 0x04,
  0x08, 0x00, 0x04, 0x48, 0x00, 0x0c, 0x60, 0x0e, 0x0f, 0x10, 0x00, 0x0d, 0x04, 0x38, 0x00, 0x0f,
  0xf8, 0x0e, 0x05, 0x04, 0x18, 0x00, 0x04, 0x28, 0x00, 0x0f, 0x50, 0x00, 0x0d, 0x0c, 0x20, 0x00,
  0x04, 0x38, 0x00, 0x04, 0x08, 0x00, 0x0c, 0x20, 0x00, 0x04, 0x00, 0x0f, 0x0f, 0x78, 0x43, 0xff,
  0xff, 0x9f, 0x04, 0x02, 0x00, 0x04, 0xe0, 0x0c, 0x04, 0x30, 0x0e, 0x0f, 0x08, 0x00, 0x25, 0x0f,
  0x50, 0x0d, 0x1d, 0x0f, 0x68, 0x00, 0x15, 0x0f, 0x00, 0x0f, 0x35, 0x04, 0xc0, 0x03, 0x04, 0xb8,
  0x04, 0x0c, 0x08, 0x00, 0x04, 0x20, 0x00, 0x0f, 0x08, 0x00, 0xbd, 0x04, 0xe0, 0x01, 0x0f, 0xa0,
  0x01, 0x15, 0x0c, 0x28, 0x00, 0x04, 0x40, 0x00, 0x04, 0x08, 0x00, 0x0f, 0x20, 0x01, 0x85, 0x04,
  0xd0, 0x01, 0x0f, 0xb0, 0x06, 0x05, 0x04, 0x18, 0x00, 0x04, 0x28, 0x00, 0x0f, 0xc8, 0x00, 0x1d,
  0x04, 0x38, 0x00, 0x04, 0x48, 0x00, 0x0f, 0x08, 0x00, 0x05, 0x04, 0x28, 0x00, 0x04, 0x08, 0x00,
  0x0f, 0x28, 0x00, 0x05, 0x0f, 0x18, 0x00, 0x2d, 0x04, 0x60, 0x00, 0x0f, 0xc8, 0x00, 0x1d, 0x0f,
  0x80, 0x07, 0xff, 0xff, 0xff, 0xff, 0xff, 0xff, 0xdb, 0x0f, 0x60, 0x07, 0x2d, 0x0f, 0x40, 0x00,
  0x0d, 0x0f, 0x80, 0x07, 0x0d, 0x04, 0x68, 0x07, 0x0c, 0x08, 0x00, 0x0c, 0xb0, 0x07, 0x04, 0x00,
  0x0f, 0x0c, 0x58, 0x0e, 0x0f, 0x10, 0x00, 0x15, 0x04, 0x50, 0x00, 0x04, 0xe8, 0x0e, 0x0f, 0x08,
  0x00, 0x05, 0x0f, 0x50, 0x00, 0x15, 0x0c, 0x28, 0x00, 0x04, 0x60, 0x00, 0x04, 0x08, 0x00, 0x0c,
  0x20, 0x00, 0x0f, 0x00, 0x0f, 0xff, 0xff, 0xff, 0xa0, 0x04, 0xc8, 0x03, 0x0f, 0x08, 0x00, 0xd5,
  0x04, 0xb8, 0x0e, 0x0c, 0xd8, 0x0e, 0x0f, 0x10, 0x00, 0x1d, 0x04, 0x48, 0x00, 0x04, 0x38, 0x01,
  0x04, 0x10, 0x00, 0x0c, 0x08, 0x00, 0x04, 0x20, 0x00, 0x0f, 0x08, 0x00, 0x5d, 0x04, 0x90, 0x06,
  0x0f, 0xb8, 0x06, 0x2d, 0x0f, 0xb8, 0x00, 0x05, 0x0f, 0x60, 0x00, 0x1d, 0x0f, 0x88, 0x00, 0x0d,
  0x0f, 0x20, 0x00, 0x2d, 0x04, 0x90, 0x00, 0x0f, 0xb0, 0x00, 0x05, 0x0c, 0x78, 0x07, 0x04, 0x10,
  0x00, 0x0c, 0x30, 0x00, 0x0f, 0x80, 0x07, 0xff, 0xff, 0xff, 0xff, 0xff, 0xff, 0x23, 0x04, 0x78,
  0x06, 0x0f, 0x08, 0x00, 0x0d, 0x0f, 0xe0, 0x06, 0x05, 0x0f, 0x38, 0x00, 0x0d, 0x0f, 0x20, 0x00,
  0x0d, 0x0f, 0x58, 0x00, 0x15, 0x0f, 0x28, 0x00, 0x05, 0x0f, 0x18, 0x00, 0x35, 0x0f, 0xa8, 0x00,
  0x0d, 0x0f, 0x20, 0x00, 0x15, 0x04, 0x90, 0x07, 0x0c, 0x58, 0x0e, 0x0f, 0x10, 0x00, 0x15, 0x0f,
  0xf0, 0x0e, 0x05, 0x04, 0x18, 0x00, 0x0f, 0x60, 0x00, 0x25, 0x04, 0x38, 0x00, 0x0c, 0x08, 0x00,
  0x0c, 0x98, 0x00, 0x0f, 0x00, 0x0f, 0xff, 0xff, 0xff, 0x50, 0x0c, 0x28, 0x1e, 0x04, 0x70, 0x0d,
  0x04, 0x18, 0x00, 0x04, 0x10, 0x00, 0x04, 0xd0, 0x0d, 0x04, 0x10, 0x00, 0x0c, 0x20, 0x00, 0x0c,
  0xc8, 0x03, 0x0f, 0x10, 0x00, 0xd5, 0x04, 0x10, 0x01, 0x04, 0x20, 0x01, 0x0c, 0x08, 0x00, 0x04,
  0x20, 0x00, 0x04, 0x08, 0x00, 0x0c, 0x20, 0x00, 0x04, 0x10, 0x00, 0x04, 0x20, 0x00, 0x04, 0x08,
  0x00, 0x04, 0x18, 0x00, 0x0c, 0x08, 0x00, 0x04, 0x20, 0x00, 0x0f, 0x60, 0x01, 0x45, 0x0f, 0x58,
  0x06, 0x15, 0x0f, 0xe8, 0x06, 0x05, 0x0f, 0x40, 0x00, 0x15, 0x0f, 0x28, 0x00, 0x05, 0x0f, 0x58,
  0x00, 0x15, 0x0f, 0x28, 0x00, 0x05, 0x0f, 0x18, 0x00, 0x35, 0x0f, 0xa0, 0x00, 0x05, 0x0f, 0x18,
  0x00, 0x1d, 0x04, 0xa8, 0x01, 0x0c, 0xd8, 0x06, 0x0f, 0x10, 0x00, 0x15, 0x04, 0x68, 0x07, 0x0f,
  0x08, 0x00, 0x05, 0x0f, 0x60, 0x00, 0x25, 0x04, 0x38, 0x00, 0x0c, 0x08, 0x00, 0x0c, 0x98, 0x00,
  0x0f, 0x80, 0x07, 0xff, 0xff, 0xff, 0xff, 0xff, 0x5a, 0x04, 0x58, 0x06, 0x3f, 0x2a, 0x20, 0xb3,
  0x04, 0x00, 0x0a, 0x04, 0x28, 0x00, 0x0f, 0xe8, 0x06, 0x05, 0x04, 0x20, 0x00, 0x0f, 0x44, 0x00,
  0x09, 0x0f, 0x1c, 0x00, 0x01, 0x04, 0x38, 0x00, 0x0f, 0x58, 0x00, 0x0d, 0x0c, 0x28, 0x00, 0x04,
  0x10, 0x00, 0x0f, 0x08, 0x00, 0x05, 0x0f, 0x50, 0x00, 0x05, 0x0f, 0x18, 0x00, 0x05, 0x04, 0x48,
  0x00, 0x0f, 0xa4, 0x00, 0x01, 0x0f, 0x14, 0x00, 0x21, 0x04, 0xe0, 0x06, 0x0c, 0xd8, 0x06, 0x0f,
  0x10, 0x00, 0x15, 0x0f, 0x78, 0x07, 0x05, 0x04, 0x18, 0x00, 0x0f, 0x60, 0x00, 0x25, 0x04, 0x38,
  0x00, 0x0c, 0x08, 0x00, 0x0c, 0x98, 0x00, 0x04, 0x48, 0x2a, 0x0f, 0x02, 0x00, 0xff, 0xff, 0xa7,
  0x04, 0xb0, 0x0c, 0x04, 0x30, 0x0e, 0x0f, 0x08, 0x00, 0x25, 0x0c, 0x08, 0x0d, 0x0f, 0x10, 0x00,
  0x05, 0x0f, 0x70, 0x00, 0x2d, 0x0c, 0x40, 0x00, 0x04, 0x10, 0x00, 0x04, 0x70, 0x00, 0x04, 0x10,
  0x00, 0x04, 0xc8, 0x00, 0x04, 0x10, 0x00, 0x0c, 0xc8, 0x03, 0x0f, 0x10, 0x00, 0x5d, 0x04, 0x38,
  0x05, 0x0c, 0x58, 0x05, 0x0f, 0x88, 0x00, 0x4d, 0x04, 0x00, 0x01, 0x04, 0x20, 0x01, 0x04, 0x08,
  0x00, 0x04, 0x18, 0x00, 0x0c, 0x80, 0x00, 0x04, 0x18, 0x00, 0x04, 0x28, 0x00, 0x04, 0x08, 0x00,
  0x0f, 0x18, 0x00, 0x05, 0x04, 0x20, 0x00, 0x0c, 0x08, 0x00, 0x04, 0x30, 0x00, 0x0c, 0x60, 0x00,
  0x0f, 0x88, 0x1c, 0x05, 0x0c, 0x28, 0x00, 0x0c, 0x10, 0x00, 0x04, 0x40, 0x01, 0x0f, 0x64, 0x06,
  0x0d, 0x04, 0x28, 0x00, 0x0c, 0x68, 0x01, 0x04, 0x10, 0x00, 0x04, 0x20, 0x00, 0x0f, 0x48, 0x00,
  0x0d, 0x0c, 0x20, 0x00, 0x04, 0x38, 0x00, 0x04, 0x48, 0x00, 0x0c, 0x08, 0x00, 0x04, 0x20, 0x00,
  0x04, 0x08, 0x00, 0x04, 0x20, 0x00, 0x04, 0x10, 0x00, 0x0f, 0x08, 0x00, 0x05, 0x04, 0x28, 0x00,
  0x0f, 0x08, 0x00, 0x15, 0x04, 0x48, 0x00, 0x0c, 0xa0, 0x00, 0x0f, 0x10, 0x00, 0x25, 0x04, 0x68,
  0x01, 0x0c, 0xd8, 0x06, 0x0f, 0x10, 0x00, 0x15, 0x04, 0x68, 0x07, 0x0f, 0x08, 0x00, 0x05, 0x0f,
  0x60, 0x00, 0x25, 0x04, 0x38, 0x00, 0x0c, 0x08, 0x00, 0x0c, 0x98, 0x00, 0x0f, 0x78, 0x07, 0xff,
  0xff, 0xa7, 0x04, 0x02, 0x00, 0x04, 0x28, 0x05, 0x04, 0xb0, 0x06, 0x0f, 0x08, 0x00, 0x25, 0x0c,
  0x80, 0x05, 0x0f, 0x10, 0x00, 0x05, 0x0f, 0x70, 0x00, 0x2d, 0x0c, 0x40, 0x00, 0x04, 0x10, 0x00,
  0x04, 0x70, 0x00, 0x04, 0x10, 0x00, 0x04, 0xc8, 0x00, 0x04, 0x10, 0x00, 0x0c, 0xc8, 0x03, 0x0f,
  0x10, 0x00, 0x5d, 0x04, 0x38, 0x05, 0x0c, 0x68, 0x05, 0x0f, 0x88, 0x00, 0x4d, 0x04, 0x00, 0x01,
  0x04, 0x20, 0x01, 0x04, 0x08, 0x00, 0x04, 0x18, 0x00, 0x0c, 0x80, 0x00, 0x04, 0x18, 0x00, 0x04,
  0x28, 0x00, 0x04, 0x08, 0x00, 0x0f, 0x18, 0x00, 0x05, 0x04, 0x20, 0x00, 0x0c, 0x08, 0x00, 0x04,
  0x30, 0x00, 0x0c, 0x60, 0x00, 0x0f, 0x80, 0x07, 0x1d, 0x04, 0x38, 0x01, 0x0f, 0x60, 0x06, 0x15,
  0x04, 0x30, 0x00, 0x0c, 0x68, 0x01, 0x04, 0x10, 0x00, 0x04, 0x20, 0x00, 0x0f, 0x50, 0x00, 0x15,
  0x04, 0x28, 0x00, 0x04, 0x38, 0x00, 0x04, 0x48, 0x00, 0x04, 0x08, 0x00, 0x04, 0x18, 0x00, 0x04,
  0x08, 0x00, 0x04, 0x18, 0x00, 0x04, 0x08, 0x00, 0x04, 0x18, 0x00, 0x04, 0x48, 0x00, 0x0c, 0x08,
  0x00, 0x04, 0x20, 0x00, 0x04, 0x30, 0x00, 0x0f, 0x08, 0x00, 0x05, 0x04, 0x28, 0x00, 0x04, 0x40,
  0x00, 0x04, 0x38, 0x25, 0x0f, 0x08, 0x00, 0x15, 0x04, 0x38, 0x00, 0x0c, 0x08, 0x00, 0x04, 0xa0,
  0x01, 0x0c, 0xd8, 0x06, 0x0f, 0x10, 0x00, 0x15, 0x0f, 0x78, 0x07, 0x05, 0x04, 0x18, 0x00, 0x0f,
  0x60, 0x00, 0x25, 0x04, 0x38, 0x00, 0x0c, 0x08, 0x00, 0x0c, 0x98, 0x00, 0x04, 0xc8, 0x04, 0x0f,
  0x02, 0x00, 0xff, 0xff, 0xa7, 0x04, 0x28, 0x05, 0x04, 0xb0, 0x06, 0x0f, 0x08, 0x00, 0x25, 0x0c,
  0x80, 0x05, 0x0f, 0x10, 0x00, 0x05, 0x0f, 0x70, 0x00, 0x2d, 0x0c, 0x40, 0x00, 0x04, 0x10, 0x00,
  0x04, 0x70, 0x00, 0x04, 0x10, 0x00, 0x04, 0xc8, 0x00, 0x04, 0x10, 0x00, 0x0c, 0xc8, 0x03, 0x0f,
  0x10, 0x00, 0x55, 0x04, 0x38, 0x05, 0x0f, 0x58, 0x05, 0x05, 0x04, 0x18, 0x00, 0x0f, 0x90, 0x00,
  0x2d, 0x04, 0xe8, 0x00, 0x0f, 0x08, 0x00, 0x05, 0x04, 0x20, 0x01, 0x04, 0x08, 0x00, 0x0f, 0x28,
  0x00, 0x05, 0x04, 0x18, 0x00, 0x0c, 0x28, 0x00, 0x04, 0x10, 0x00, 0x0f, 0x08, 0x00, 0x15, 0x04,
  0x48, 0x00, 0x0f, 0x08, 0x00, 0x05, 0x0f, 0xf0, 0x00, 0x15, 0x04, 0x40, 0x01, 0x0c, 0x38, 0x06,
  0x0f, 0x10, 0x00, 0x05, 0x04, 0x30, 0x00, 0x04, 0x58, 0x01, 0x0c, 0x08, 0x00, 0x04, 0x20, 0x00,
  0x0f, 0x40, 0x00, 0x05, 0x0f, 0x18, 0x00, 0x05, 0x04, 0x38, 0x00, 0x0f, 0x50, 0x00, 0x05, 0x0f,
  0x20, 0x00, 0x0d, 0x0f, 0x58, 0x00, 0x1d, 0x0f, 0x68, 0x00, 0x05, 0x04, 0x48, 0x00, 0x0f, 0x78,
  0x07, 0x15, 0x04, 0x28, 0x00, 0x04, 0x38, 0x00, 0x0c, 0x08, 0x00, 0x04, 0x88, 0x01, 0x0c, 0xd8,
  0x06, 0x0f, 0x10, 0x00, 0x15, 0x04, 0x68, 0x07, 0x0f, 0x08, 0x00, 0x05, 0x0f, 0x60, 0x00, 0x25,
  0x04, 0x38, 0x00, 0x0c, 0x08, 0x00, 0x0c, 0x98, 0x00, 0x0f, 0x78, 0x07, 0xff, 0xff, 0xa7, 0x04,
  0x02, 0x00, 0x04, 0x20, 0x05, 0x04, 0xb0, 0x06, 0x0f, 0x08, 0x00, 0x25, 0x0f, 0x98, 0x05, 0x1d,
  0x0f, 0x68, 0x00, 0x25, 0x0c, 0xb0, 0x00, 0x04, 0x10, 0x00, 0x04, 0x80, 0x00, 0x04, 0x10, 0x00,
  0x04, 0x60, 0x00, 0x04, 0x10, 0x00, 0x0c, 0xc8, 0x03, 0x0f, 0x10, 0x00, 0x55, 0x0f, 0x98, 0x05,
  0x05, 0x0c, 0x60, 0x05, 0x0f, 0x90, 0x00, 0x2d, 0x04, 0xe8, 0x00, 0x0f, 0x08, 0x00, 0x05, 0x04,
  0x20, 0x01, 0x04, 0x08, 0x00, 0x0f, 0x28, 0x00, 0x05, 0x04, 0x18, 0x00, 0x0c, 0x28, 0x00, 0x04,
  0x10, 0x00, 0x0f, 0x08, 0x00, 0x15, 0x04, 0x48, 0x00, 0x0f, 0x08, 0x00, 0x05, 0x0f, 0xf0, 0x00,
  0x0d, 0x04, 0x38, 0x01, 0x0c, 0x30, 0x06, 0x0f, 0x10, 0x00, 0x15, 0x04, 0x40, 0x00, 0x0c, 0x68,
  0x01, 0x04, 0x18, 0x00, 0x0f, 0x48, 0x00, 0x15, 0x04, 0x28, 0x00, 0x04, 0x38, 0x00, 0x0f, 0x50,
  0x00, 0x05, 0x0f, 0x20, 0x00, 0x0d, 0x04, 0x48, 0x00, 0x0c, 0x08, 0x00, 0x0f, 0x38, 0x00, 0x05,
  0x0f, 0x68, 0x00, 0x05, 0x04, 0x50, 0x07, 0x3f, 0xfc, 0xdb, 0xcb, 0x04, 0x00, 0x1a, 0x04, 0x38,
  0x00, 0x0c, 0x80, 0x00, 0x04, 0x88, 0x01, 0x0c, 0xd8, 0x06, 0x0f, 0x10, 0x00, 0x15, 0x0f, 0x78,
  0x07, 0x05, 0x04, 0x18, 0x00, 0x0f, 0x60, 0x00, 0x25, 0x04, 0x38, 0x00, 0x0c, 0x08, 0x00, 0x0c,
  0x98, 0x00, 0x04, 0xc8, 0x04, 0x0f, 0x02, 0x00, 0xff, 0xff, 0xa7, 0x04, 0x20, 0x05, 0x04, 0xb0,
  0x06, 0x0f, 0x08, 0x00, 0x25, 0x0f, 0x98, 0x05, 0x1d, 0x0f, 0x68, 0x00, 0x25, 0x0c, 0xb0, 0x00,
  0x04, 0x10, 0x00, 0x04, 0x80, 0x00, 0x04, 0x10, 0x00, 0x04, 0x60, 0x00, 0x04, 0x10, 0x00, 0x0c,
  0xc8, 0x03, 0x0f, 0x10, 0x00, 0x4d, 0x0f, 0x58, 0x05, 0x15, 0x04, 0x68, 0x05, 0x04, 0x30, 0x00,
  0x0f, 0x98, 0x00, 0x1d, 0x04, 0xe0, 0x00, 0x04, 0x08, 0x00, 0x04, 0xf8, 0x00, 0x04, 0x08, 0x00,
  0x04, 0x18, 0x00, 0x04, 0x20, 0x01, 0x04, 0x08, 0x00, 0x04, 0x18, 0x00, 0x04, 0x28, 0x00, 0x04,
  0x08, 0x00, 0x04, 0x18, 0x00, 0x0c, 0x28, 0x00, 0x04, 0x10, 0x00, 0x04, 0x28, 0x00, 0x04, 0x08,
  0x00, 0x04, 0x18, 0x00, 0x04, 0x08, 0x00, 0x04, 0x40, 0x00, 0x04, 0x20, 0x00, 0x0f, 0x08, 0x00,
  0x05, 0x0f, 0xe8, 0x00, 0x0d, 0x04, 0x10, 0x01, 0x0c, 0x30, 0x06, 0x0f, 0x10, 0x00, 0x15, 0x04,
  0x40, 0x00, 0x04, 0x60, 0x01, 0x04, 0x08, 0x00, 0x04, 0x18, 0x00, 0x0f, 0x48, 0x00, 0x15, 0x04,
  0x28, 0x00, 0x04, 0x38, 0x00, 0x04, 0x48, 0x00, 0x04, 0x08, 0x00, 0x04, 0x18, 0x00, 0x04, 0x08,
  0x00, 0x04, 0x18, 0x00, 0x04, 0x08, 0x00, 0x04, 0x18, 0x00, 0x04, 0x48, 0x00, 0x0c, 0x08, 0x00,
  0x04, 0x20, 0x00, 0x04, 0x30, 0x00, 0x0f, 0x08, 0x00, 0x05, 0x04, 0x28, 0x00, 0x04, 0x48, 0x07,
  0x0f, 0x7c, 0x07, 0x19, 0x0f, 0x80, 0x07, 0xff, 0xff, 0xff, 0xff, 0xff, 0xff, 0x67, 0x04, 0xe8,
  0x06, 0x04, 0xb8, 0x06, 0x04, 0xd8, 0x06, 0x04, 0x10, 0x00, 0x04, 0x20, 0x00, 0x0f, 0x08, 0x00,
  0x15, 0x04, 0x38, 0x00, 0x0c, 0x48, 0x00, 0x0c, 0x18, 0x00, 0x04, 0x20, 0x00, 0x04, 0x08, 0x00,
  0x04, 0x20, 0x00, 0x0f, 0x08, 0x00, 0x05, 0x04, 0x28, 0x00, 0x0f, 0x08, 0x00, 0x05, 0x04, 0x38,
  0x00, 0x04, 0x78, 0x07, 0x04, 0x08, 0x00, 0x0f, 0x80, 0x07, 0x2d, 0x04, 0x58, 0x00, 0x04, 0x08,
  0x09, 0x0c, 0x58, 0x0e, 0x0f, 0x10, 0x00, 0x15, 0x04, 0xe8, 0x0e, 0x0f, 0x08, 0x00, 0x05, 0x0f,
  0x60, 0x00, 0x25, 0x04, 0x38, 0x00, 0x0c, 0x08, 0x00, 0x0c, 0x98, 0x00, 0x0f, 0xf8, 0x0e, 0xff,
  0xff, 0x7f, 0x04, 0xa0, 0x03, 0x0f, 0x08, 0x00, 0x2d, 0x0f, 0xb8, 0x0c, 0x05, 0x0f, 0x18, 0x00,
  0x05, 0x04, 0x00, 0x0d, 0x0f, 0x08, 0x00, 0x0d, 0x0f, 0x20, 0x0d, 0x15, 0x0f, 0x68, 0x00, 0x05,
  0x0c, 0x40, 0x00, 0x04, 0x10, 0x00, 0x04, 0x78, 0x00, 0x04, 0x10, 0x00, 0x04, 0x40, 0x00, 0x04,
  0x10, 0x00, 0x04, 0xf8, 0x23, 0x0f, 0x08, 0x00, 0x35, 0x0c, 0x18, 0x04, 0x0c, 0x10, 0x00, 0x0f,
  0x50, 0x05, 0x05, 0x0f, 0x18, 0x00, 0x0d, 0x0c, 0x48, 0x00, 0x0c, 0x28, 0x05, 0x0c, 0x20, 0x00,
  0x04, 0xe0, 0x00, 0x0f, 0x08, 0x00, 0x15, 0x0f, 0x28, 0x01, 0x05, 0x0c, 0x30, 0x01, 0x04, 0x50,
  0x00, 0x04, 0x30, 0x00, 0x04, 0x08, 0x00, 0x04, 0x18, 0x00, 0x04, 0x08, 0x00, 0x0f, 0x18, 0x00,
  0x05, 0x04, 0x20, 0x00, 0x0f, 0x08, 0x00, 0x05, 0x0c, 0xc8, 0x00, 0x0c, 0x10, 0x00, 0x04, 0xf8,
  0x00, 0x0f, 0x20, 0x07, 0x15, 0x0f, 0x28, 0x00, 0x05, 0x04, 0x48, 0x00, 0x04, 0x78, 0x01, 0x04,
  0x10, 0x00, 0x0f, 0x30, 0x00, 0x05, 0x0f, 0x18, 0x00, 0x05, 0x04, 0x38, 0x00, 0x0c, 0x48, 0x00,
  0x0c, 0x18, 0x00, 0x04, 0x20, 0x00, 0x04, 0x08, 0x00, 0x04, 0x20, 0x00, 0x0f, 0x08, 0x00, 0x05,
  0x04, 0x28, 0x00, 0x0f, 0x08, 0x00, 0x05, 0x04, 0x38, 0x00, 0x0c, 0xd0, 0x03, 0x0f, 0x80, 0x07,
  0xff, 0xff, 0xff, 0xff, 0xff, 0xff, 0x33, 0x0c, 0x08, 0x09, 0x04, 0x68, 0x06, 0x0f, 0x08, 0x00,
  0x85, 0x0c, 0x20, 0x07, 0x0c, 0xa8, 0x00, 0x0c, 0x20, 0x00, 0x0f, 0x10, 0x00, 0x05, 0x04, 0x38,
  0x00, 0x0f, 0x20, 0x00, 0x05, 0x04, 0x18, 0x00, 0x0c, 0x70, 0x07, 0x04, 0x10, 0x00, 0x0f, 0x78,
  0x07, 0x1d, 0x0c, 0x30, 0x00, 0x04, 0x48, 0x00, 0x04, 0x08, 0x00, 0x04, 0xf8, 0x08, 0x0c, 0x58,
  0x0e, 0x0f, 0x10, 0x00, 0x15, 0x0f, 0xf8, 0x0e, 0x05, 0x04, 0x18, 0x00, 0x0f, 0x60, 0x00, 0x25,
  0x04, 0x38, 0x00, 0x0c, 0x08, 0x00, 0x0c, 0x98, 0x00, 0x0f, 0x00, 0x0f, 0xff, 0xff, 0x5f, 0x04,
  0x38, 0x03, 0x0f, 0x08, 0x00, 0x05, 0x0c, 0x70, 0x03, 0x0f, 0x10, 0x00, 0x25, 0x0c, 0x60, 0x00,
  0x04, 0x20, 0x0d, 0x0f, 0x08, 0x00, 0x05, 0x04, 0x08, 0x0d, 0x0f, 0x08, 0x00, 0x0d, 0x04, 0x10,
  0x0d, 0x0f, 0x48, 0x00, 0x05, 0x0f, 0x18, 0x00, 0x0d, 0x0c, 0x40, 0x00, 0x04, 0x10, 0x00, 0x04,
  0x78, 0x00, 0x04, 0x10, 0x00, 0x04, 0x48, 0x00, 0x04, 0x10, 0x00, 0x0c, 0xc8, 0x03, 0x0c, 0x10,
  0x00, 0x04, 0xf0, 0x00, 0x0c, 0x18, 0x00, 0x0f, 0x10, 0x00, 0x05, 0x0c, 0x40, 0x06, 0x0c, 0x10,
  0x00, 0x04, 0x48, 0x05, 0x04, 0x08, 0x00, 0x04, 0x78, 0x05, 0x04, 0x28, 0x00, 0x04, 0x18, 0x00,
  0x0c, 0x08, 0x00, 0x0f, 0x20, 0x00, 0x0d, 0x0c, 0x48, 0x00, 0x04, 0xe0, 0x00, 0x04, 0x00, 0x01,
  0x0f, 0x08, 0x00, 0x15, 0x0f, 0x38, 0x00, 0x0d, 0x0f, 0x20, 0x00, 0x05, 0x04, 0x18, 0x00, 0x0c,
  0x08, 0x00, 0x0f, 0x78, 0x00, 0x1d, 0x04, 0xe8, 0x00, 0x04, 0x08, 0x00, 0x04, 0xd8, 0x00, 0x0f,
  0x08, 0x00, 0x85, 0x0c, 0xa8, 0x01, 0x0c, 0xa8, 0x00, 0x0c, 0x20, 0x00, 0x0f, 0x10, 0x00, 0x05,
  0x04, 0x38, 0x00, 0x0f, 0x20, 0x00, 0x05, 0x04, 0x18, 0x00, 0x04, 0x90, 0x02, 0x0c, 0x08, 0x00,
  0x0f, 0xd0, 0x03, 0x25, 0x04, 0x38, 0x00, 0x0c, 0x50, 0x00, 0x04, 0xe0, 0x02, 0x0c, 0xd8, 0x06,
  0x0f, 0x10, 0x00, 0x15, 0x04, 0x68, 0x07, 0x0f, 0x08, 0x00, 0x05, 0x0f, 0x60, 0x00, 0x25, 0x04,
  0x38, 0x00, 0x0c, 0x08, 0x00, 0x0c, 0x98, 0x00, 0x0f, 0x80, 0x07, 0xff, 0xff, 0xff, 0xff, 0xff,
  0x2a, 0x0c, 0x58, 0x05, 0x0f, 0x98, 0x06, 0x15, 0x04, 0xa0, 0x06, 0x0f, 0x08, 0x00, 0x25, 0x04,
  0x68, 0x00, 0x04, 0x08, 0x00, 0x0f, 0x48, 0x00, 0x2d, 0x0f, 0x40, 0x00, 0x15, 0x0f, 0x70, 0x00,
  0x0d, 0x04, 0x20, 0x00, 0x04, 0x08, 0x00, 0x04, 0x28, 0x07, 0x04, 0x38, 0x07, 0x0f, 0x08, 0x00,
  0x35, 0x04, 0x58, 0x00, 0x04, 0x08, 0x00, 0x04, 0x88, 0x01, 0x0c, 0xd8, 0x06, 0x0f, 0x10, 0x00,
  0x15, 0x0f, 0x78, 0x07, 0x05, 0x04, 0x18, 0x00, 0x0f, 0x60, 0x00, 0x25, 0x04, 0x38, 0x00, 0x0c,
  0x08, 0x00, 0x0c, 0x98, 0x00, 0x0f, 0x80, 0x07, 0xff, 0xff, 0x47, 0x04, 0x20, 0x03, 0x0f, 0x08,
  0x00, 0x0d, 0x0f, 0x98, 0x03, 0x35, 0x0f, 0x48, 0x00, 0x0d, 0x0f, 0x88, 0x00, 0x05, 0x04, 0x68,
  0x0e, 0x0f, 0x00, 0x0d, 0x1d, 0x04, 0x38, 0x00, 0x0f, 0x08, 0x00, 0x1d, 0x04, 0x78, 0x0d, 0x04,
  0x38, 0x00, 0x04, 0x10, 0x00, 0x04, 0x80, 0x00, 0x04, 0x10, 0x00, 0x0c, 0x20, 0x00, 0x0c, 0xc8,
  0x03, 0x04, 0x10, 0x00, 0x0f, 0xd8, 0x00, 0x05, 0x04, 0x20, 0x00, 0x0f, 0x78, 0xee, 0x25, 0x0c,
  0x98, 0x05, 0x04, 0x50, 0x00, 0x0c, 0x08, 0x00, 0x0c, 0x28, 0x00, 0x04, 0x80, 0x05, 0x0c, 0x18,
  0x00, 0x0c, 0x10, 0x00, 0x04, 0x28, 0x00, 0x04, 0xf8, 0x00, 0x0f, 0x08, 0x00, 0x1d, 0x04, 0x28,
  0x01, 0x0f, 0x08, 0x00, 0x25, 0x0f, 0x70, 0x00, 0x1d, 0x0c, 0x30, 0x00, 0x0c, 0x08, 0x01, 0x04,
  0xd0, 0x00, 0x0c, 0xe8, 0x00, 0x0f, 0x10, 0x00, 0x3d, 0x04, 0x68, 0x00, 0x04, 0x08, 0x00, 0x0f,
  0x60, 0x00, 0x25, 0x0f, 0x40, 0x00, 0x1d, 0x0f, 0x30, 0x00, 0x0d, 0x04, 0x20, 0x00, 0x04, 0x08,
  0x00, 0x04, 0x98, 0x02, 0x0f, 0x98, 0x03, 0x0d, 0x0f, 0x20, 0x00, 0x1d, 0x04, 0x58, 0x00, 0x04,
  0x08, 0x00, 0x04, 0x88, 0x01, 0x0c, 0xd8, 0x06, 0x0f, 0x10, 0x00, 0x15, 0x04, 0x68, 0x07, 0x0f,
  0x08, 0x00, 0x05, 0x0f, 0x60, 0x00, 0x25, 0x04, 0x38, 0x00, 0x0c, 0x08, 0x00, 0x0c, 0x98, 0x00,
  0x0f, 0x80, 0x07, 0xff, 0xff, 0xff, 0xff, 0xff, 0x32, 0x04, 0x70, 0x06, 0x0f, 0x08, 0x07, 0x25,
  0x0f, 0x38, 0x00, 0x25, 0x04, 0x78, 0x00, 0x04, 0x08, 0x00, 0x0f, 0x48, 0x00, 0x0d, 0x04, 0x28,
  0x00, 0x04, 0x08, 0x00, 0x0f, 0x30, 0x00, 0x0d, 0x04, 0x20, 0x00, 0x0f, 0x30, 0x00, 0x05, 0x04,
  0x18, 0x00, 0x04, 0x08, 0x00, 0x04, 0x30, 0x00, 0x04, 0x08, 0x00, 0x04, 0x20, 0x07, 0x0f, 0x60,
  0x07, 0x1d, 0x0f, 0x30, 0x00, 0x15, 0x04, 0x60, 0x00, 0x04, 0xe0, 0x06, 0x0c, 0xd8, 0x06, 0x0f,
  0x10, 0x00, 0x15, 0x0f, 0x78, 0x07, 0x05, 0x04, 0x18, 0x00, 0x0f, 0x60, 0x00, 0x25, 0x04, 0x38,
  0x00, 0x0c, 0x08, 0x00, 0x0c, 0x98, 0x00, 0x0f, 0x80, 0x07, 0xff, 0xff, 0x57, 0x0f, 0x58, 0x03,
  0x15, 0x0f, 0x28, 0x00, 0x4d, 0x04, 0xb8, 0x03, 0x04, 0x08, 0x00, 0x04, 0x68, 0x0e, 0x0c, 0xe0,
  0x0c, 0x0c, 0x10, 0x00, 0x04, 0x30, 0x00, 0x0f, 0x08, 0x00, 0x2d, 0x04, 0xb0, 0x0d, 0x04, 0x78,
  0x00, 0x04, 0x10, 0x00, 0x04, 0x70, 0x00, 0x04, 0x10, 0x00, 0x0c, 0x20, 0x00, 0x0c, 0xc8, 0x03,
  0x0c, 0x10, 0x00, 0x04, 0x98, 0x00, 0x04, 0x18, 0x00, 0x04, 0xf8, 0x0e, 0x0c, 0x08, 0x00, 0x04,
  0x20, 0x00, 0x0c, 0x08, 0x00, 0x0c, 0x38, 0x2b, 0x04, 0x48, 0x05, 0x04, 0x08, 0x00, 0x0c, 0x20,
  0x00, 0x04, 0x10, 0x00, 0x04, 0x20, 0x00, 0x0c, 0x88, 0x05, 0x0c, 0x10, 0x00, 0x04, 0x28, 0x00,
  0x04, 0x08, 0x00, 0x04, 0x40, 0x00, 0x0f, 0x08, 0x00, 0x05, 0x04, 0x40, 0x00, 0x04, 0x10, 0x01,
  0x0c, 0x08, 0x00, 0x04, 0x30, 0x01, 0x0f, 0x08, 0x00, 0x0d, 0x04, 0x38, 0x00, 0x04, 0x50, 0x01,
  0x04, 0x08, 0x00, 0x04, 0x18, 0x00, 0x0f, 0x08, 0x00, 0x1d, 0x04, 0x70, 0x00, 0x04, 0x40, 0x01,
  0x04, 0xa8, 0x00, 0x04, 0xd8, 0x00, 0x0f, 0x08, 0x00, 0x55, 0x04, 0x78, 0x00, 0x04, 0x08, 0x00,
  0x0f, 0x78, 0x00, 0x0d, 0x04, 0x28, 0x00, 0x04, 0x08, 0x00, 0x0f, 0x30, 0x00, 0x0d, 0x04, 0x20,
  0x00, 0x0f, 0x30, 0x00, 0x05, 0x04, 0x18, 0x00, 0x04, 0x08, 0x00, 0x04, 0x30, 0x00, 0x04, 0x08,
  0x00, 0x04, 0x90, 0x02, 0x0f, 0xd0, 0x03, 0x45, 0x04, 0x60, 0x00, 0x04, 0x88, 0x01, 0x0c, 0xd8,
  0x06, 0x0f, 0x10, 0x00, 0x15, 0x04, 0x68, 0x07, 0x0f, 0x08, 0x00, 0x05, 0x0f, 0x60, 0x00, 0x25,
  0x04, 0x38, 0x00, 0x0c, 0x08, 0x00, 0x0c, 0x98, 0x00, 0x0f, 0x80, 0x07, 0xff, 0xff, 0xff, 0xff,
  0xff, 0x2a, 0x0f, 0x78, 0x06, 0x05, 0x04, 0x80, 0x06, 0x0f, 0x08, 0x00, 0x4d, 0x04, 0x80, 0x00,
  0x0f, 0x08, 0x00, 0x1d, 0x0f, 0x98, 0x00, 0x05, 0x0f, 0x48, 0x00, 0x35, 0x04, 0x18, 0x07, 0x04,
  0x08, 0x00, 0x0f, 0x80, 0x07, 0x0d, 0x04, 0x28, 0x00, 0x0c, 0x08, 0x00, 0x0f, 0x38, 0x00, 0x0d,
  0x04, 0x20, 0x00, 0x04, 0xe0, 0x06, 0x0c, 0xd8, 0x06, 0x0f, 0x10, 0x00, 0x15, 0x0f, 0x78, 0x07,
  0x05, 0x04, 0x18, 0x00, 0x0f, 0x60, 0x00, 0x25, 0x04, 0x38, 0x00, 0x0c, 0x08, 0x00, 0x0c, 0x98,
  0x00, 0x0f, 0x80, 0x07, 0xff, 0xff, 0x3f, 0x0c, 0x48, 0x03, 0x04, 0x10, 0x00, 0x04, 0x30, 0x03,
  0x0f, 0x08, 0x00, 0x15, 0x04, 0x38, 0x00, 0x0f, 0x08, 0x00, 0x0d, 0x0f, 0x50, 0x00, 0x15, 0x0f,
  0x28, 0x00, 0x05, 0x0f, 0x60, 0x00, 0x0d, 0x04, 0x20, 0x00, 0x0f, 0x40, 0x00, 0x05, 0x0f, 0x18,
  0x00, 0x15, 0x04, 0x48, 0x00, 0x04, 0x70, 0x0d, 0x0c, 0x88, 0x0d, 0x04, 0x58, 0x0d, 0x0f, 0x20,
  0x00, 0x05, 0x0c, 0xc8, 0x03, 0x0f, 0x10, 0x00, 0x15, 0x04, 0x00, 0x0f, 0x0f, 0x30, 0x00, 0x05,
  0x0f, 0x80, 0x0e, 0x0d, 0x04, 0xb0, 0x05, 0x0f, 0x28, 0x00, 0x05, 0x04, 0x20, 0x00, 0x04, 0xc0,
  0x05, 0x04, 0x10, 0x00, 0x04, 0x30, 0x00, 0x0c, 0x18, 0x00, 0x04, 0x10, 0x00, 0x04, 0x20, 0x00,
  0x0f, 0x08, 0x00, 0x0d, 0x04, 0x28, 0x01, 0x04, 0x08, 0x00, 0x04, 0x20, 0x01, 0x04, 0x08, 0x00,
  0x04, 0x38, 0x01, 0x0f, 0x08, 0x00, 0x05, 0x04, 0x28, 0x00, 0x04, 0x40, 0x00, 0x0f, 0x08, 0x00,
  0x1d, 0x04, 0x40, 0x00, 0x04, 0x08, 0x00, 0x04, 0x68, 0x00, 0x04, 0xc8, 0x00, 0x04, 0xf0, 0x00,
  0x0f, 0x08, 0x00, 0x5d, 0x04, 0x80, 0x00, 0x0f, 0x08, 0x00, 0x1d, 0x0f, 0xa8, 0x00, 0x05, 0x0f,
  0x48, 0x00, 0x35, 0x04, 0xe8, 0x02, 0x04, 0x08, 0x00, 0x0f, 0x20, 0x03, 0x0d, 0x04, 0x28, 0x00,
  0x0c, 0x08, 0x00, 0x0f, 0x38, 0x00, 0x0d, 0x04, 0x20, 0x00, 0x04, 0xd8, 0x02, 0x0c, 0xd8, 0x06,
  0x0f, 0x10, 0x00, 0x15, 0x04, 0x68, 0x07, 0x0f, 0x08, 0x00, 0x05, 0x0f, 0x60, 0x00, 0x25, 0x04,
  0x38, 0x00, 0x0c, 0x08, 0x00, 0x0c, 0x98, 0x00, 0x0f, 0x80, 0x07, 0xff, 0xff, 0xff, 0xff, 0xff,
  0x32, 0x0f, 0xb8, 0x06, 0x1d, 0x0f, 0x30, 0x00, 0xcd, 0x0f, 0x48, 0x07, 0x1d, 0x04, 0x30, 0x00,
  0x04, 0x18, 0x01, 0x04, 0x10, 0x00, 0x04, 0x60, 0x07, 0x0f, 0x08, 0x00, 0x0d, 0x04, 0xe0, 0x06,
  0x0c, 0xd8, 0x06, 0x0f, 0x10, 0x00, 0x15, 0x0f, 0x78, 0x07, 0x05, 0x04, 0x18, 0x00, 0x0f, 0x60,
  0x00, 0x25, 0x04, 0x38, 0x00, 0x0c, 0x08, 0x00, 0x04, 0x98, 0x00, 0x04, 0x18, 0x00, 0x0f, 0x80,
  0x07, 0xff, 0xff, 0x7f, 0x04, 0x80, 0x03, 0x0c, 0x08, 0x00, 0x0f, 0xa8, 0x02, 0x05, 0x0c, 0x28,
  0x00, 0x04, 0x10, 0x00, 0x0f, 0xb8, 0x03, 0x0d, 0x04, 0x20, 0x00, 0x0f, 0x30, 0x00, 0x1d, 0x04,
  0x38, 0x00, 0x0f, 0x08, 0x00, 0x25, 0x04, 0x70, 0x00, 0x0c, 0x08, 0x00, 0x04, 0x58, 0x0d, 0x04,
  0x68, 0x0d, 0x04, 0xa8, 0x0d, 0x04, 0x10, 0x00, 0x04, 0xb0, 0x03, 0x0f, 0x08, 0x00, 0x35, 0x04,
  0xf0, 0x04, 0x0f, 0x08, 0x00, 0x35, 0x0c, 0x58, 0x0d, 0x04, 0x58, 0x00, 0x04, 0x18, 0x00, 0x04,
  0x10, 0x00, 0x0f, 0x08, 0x00, 0x15, 0x04, 0x18, 0x0f, 0x04, 0x00, 0x01, 0x0f, 0x08, 0x00, 0x65,
  0x0c, 0x88, 0x01, 0x04, 0xa8, 0x01, 0x0f, 0xc8, 0x00, 0x15, 0x0f, 0x28, 0x00, 0xdd, 0x0c, 0xd8,
  0x02, 0x0f, 0x28, 0x03, 0x0d, 0x04, 0x30, 0x00, 0x04, 0x28, 0x01, 0x04, 0x10, 0x00, 0x0f, 0x38,
  0x00, 0x0d, 0x04, 0x20, 0x00, 0x04, 0x10, 0x03, 0x04, 0xd8, 0x06, 0x0f, 0x08, 0x00, 0x1d, 0x04,
  0x68, 0x07, 0x0f, 0x08, 0x00, 0x05, 0x0f, 0x60, 0x00, 0x25, 0x04, 0x38, 0x00, 0x0c, 0x08, 0x00,
  0x04, 0xa0, 0x00, 0x04, 0x18, 0x00, 0x0f, 0xd8, 0x04, 0x05, 0x0f, 0x02, 0x00, 0xff, 0xff, 0x27,
  0x04, 0x40, 0x03, 0x0c, 0x08, 0x00, 0x04, 0x30, 0x03, 0x0f, 0x08, 0x00, 0x0d, 0x0c, 0x38, 0x00,
  0x04, 0x10, 0x00, 0x0f, 0x90, 0x02, 0x05, 0x04, 0x20, 0x00, 0x0c, 0x08, 0x00, 0x0f, 0x68, 0x00,
  0x0d, 0x04, 0x20, 0x00, 0x04, 0x38, 0x00, 0x04, 0x10, 0x00, 0x0f, 0x08, 0x00, 0x4d, 0x04, 0x70,
  0x00, 0x0c, 0x08, 0x00, 0x04, 0xd8, 0x05, 0x04, 0x68, 0x06, 0x0c, 0xf8, 0x05, 0x04, 0xb0, 0x03,
  0x0f, 0x08, 0x00, 0x35, 0x04, 0xf0, 0x04, 0x0f, 0x08, 0x00, 0x35, 0x04, 0x68, 0x07, 0x04, 0x08,
  0x00, 0x04, 0x58, 0x00, 0x0c, 0x10, 0x00, 0x04, 0x18, 0x00, 0x0f, 0x08, 0x00, 0x0d, 0x0f, 0x80,
  0x07, 0x8d, 0x04, 0xa0, 0x00, 0x0f, 0x08, 0x00, 0x5d, 0x04, 0x38, 0x01, 0x04, 0x58, 0x01, 0x0f,
  0x08, 0x00, 0x35, 0x04, 0x58, 0x00, 0x0f, 0xd0, 0x00, 0x2d, 0x0c, 0xd8, 0x02, 0x0f, 0x50, 0x03,
  0x05, 0x0c, 0x28, 0x00, 0x04, 0x78, 0x00, 0x04, 0x88, 0x00, 0x0c, 0x20, 0x00, 0x0f, 0x48, 0x00,
  0x05, 0x04, 0x10, 0x03, 0x04, 0xd8, 0x06, 0x0f, 0x08, 0x00, 0x1d, 0x0f, 0x78, 0x07, 0x05, 0x04,
  0x18, 0x00, 0x0f, 0x60, 0x00, 0x25, 0x04, 0x38, 0x00, 0x0c, 0x08, 0x00, 0x04, 0xa0, 0x00, 0x0f,
  0xd0, 0x04, 0x05, 0x0f, 0x02, 0x00, 0xff, 0xff, 0x07, 0x0c, 0x10, 0x03, 0x0f, 0x10, 0x00, 0x1d,
  0x0f, 0x40, 0x03, 0x05, 0x0c, 0x18, 0x00, 0x0f, 0x58, 0x00, 0x1d, 0x0f, 0x30, 0x00, 0x05, 0x0f,
  0x58, 0x00, 0x15, 0x0c, 0x28, 0x00, 0x0f, 0x10, 0x00, 0x4d, 0x0f, 0xb0, 0x00, 0x05, 0x0f, 0x18,
  0x00, 0x55, 0x04, 0x10, 0x04, 0x0f, 0xb8, 0x05, 0x1d, 0x04, 0x18, 0x05, 0x0f, 0x38, 0x00, 0x45,
  0x04, 0x60, 0x00, 0x04, 0x08, 0x00, 0x04, 0x90, 0x05, 0x04, 0x88, 0x08, 0x04, 0x08, 0x00, 0x04,
  0xa8, 0x08, 0x0f, 0x08, 0x00, 0x0d, 0x0c, 0xc8, 0x08, 0x04, 0x40, 0x00, 0x0f, 0x08, 0x00, 0x05,
  0x0f, 0xa8, 0xb5, 0x1d, 0x04, 0xa0, 0x00, 0x0f, 0x08, 0x00, 0x5d, 0x04, 0x20, 0x01, 0x0f, 0x88,
  0x01, 0x1d, 0x0f, 0x30, 0x00, 0x0d, 0x04, 0x58, 0x00, 0x0f, 0xd0, 0x00, 0x2d, 0x0c, 0xc8, 0x02,
  0x0f, 0x50, 0x03, 0x05, 0x0c, 0x28, 0x00, 0x04, 0x78, 0x00, 0x04, 0x88, 0x00, 0x0c, 0x20, 0x00,
  0x0f, 0x48, 0x00, 0x05, 0x04, 0xd0, 0x02, 0x04, 0xd8, 0x06, 0x0f, 0x08, 0x00, 0x1d, 0x04, 0x68,
  0x07, 0x0f, 0x08, 0x00, 0x05, 0x0f, 0x60, 0x00, 0x25, 0x04, 0x38, 0x00, 0x0c, 0x08, 0x00, 0x04,
  0xa0, 0x00, 0x0f, 0x68, 0x07, 0xff, 0xff, 0x07, 0x0f, 0x02, 0x00, 0x05, 0x0c, 0x10, 0x03, 0x0f,
  0x10, 0x00, 0x1d, 0x0f, 0x40, 0x03, 0x05, 0x0c, 0x18, 0x00, 0x0f, 0x58, 0x00, 0x1d, 0x0f, 0x30,
  0x00, 0x05, 0x0f, 0x58, 0x00, 0x15, 0x0c, 0x28, 0x00, 0x0f, 0x10, 0x00, 0x4d, 0x0f, 0xb0, 0x00,
  0x05, 0x0f, 0x18, 0x00, 0x55, 0x04, 0x10, 0x04, 0x0f, 0x90, 0x05, 0x0d, 0x0c, 0x20, 0x00, 0x04,
  0x18, 0x05, 0x0c, 0x18, 0x00, 0x0f, 0x10, 0x00, 0x0d, 0x0f, 0x38, 0x00, 0x15, 0x04, 0x28, 0x00,
  0x04, 0x08, 0x00, 0x04, 0x90, 0x05, 0x0c, 0x30, 0x07, 0x0f, 0x78, 0x07, 0x0d, 0x04, 0x20, 0x00,
  0x0f, 0x80, 0x07, 0xff, 0x16, 0x0c, 0x70, 0x01, 0x04, 0x78, 0x01, 0x0f, 0x08, 0x00, 0x0d, 0x0f,
  0xb0, 0x02, 0x15, 0x0f, 0x50, 0x03, 0x05, 0x0f, 0x40, 0x00, 0x15, 0x04, 0x28, 0x00, 0x04, 0x48,
  0x00, 0x04, 0x10, 0x00, 0x04, 0x08, 0x00, 0x04, 0xd0, 0x02, 0x04, 0xd8, 0x06, 0x0f, 0x08, 0x00,
  0x1d, 0x0f, 0x78, 0x07, 0x05, 0x04, 0x18, 0x00, 0x0f, 0x60, 0x00, 0x25, 0x04, 0x38, 0x00, 0x0c,
  0x08, 0x00, 0x0f, 0x60, 0x05, 0x05, 0x0f, 0x02, 0x00, 0xff, 0xfe, 0x04, 0xe0, 0x02, 0x04, 0x08,
  0x00, 0x3f, 0xdf, 0x9b, 0x84, 0x04, 0x00, 0x1a, 0x04, 0x38, 0x00, 0x04, 0x08, 0x00, 0x04, 0x40,
  0x03, 0x0f, 0x08, 0x00, 0x0d, 0x0f, 0x64, 0x00, 0x19, 0x0f, 0x68, 0x00, 0x01, 0x0f, 0x70, 0x00,
  0x05, 0x04, 0x18, 0x00, 0x0c, 0x08, 0x00, 0x04, 0x90, 0x00, 0x0c, 0x18, 0x00, 0x0f, 0x88, 0x00,
  0x05, 0x0c, 0x28, 0x00, 0x04, 0x40, 0x00, 0x0f, 0x08, 0x00, 0x0d, 0x04, 0x38, 0x00, 0x0f, 0x58,
  0x00, 0x05, 0x0f, 0x18, 0x00, 0x2d, 0x04, 0x60, 0x00, 0x04, 0x08, 0x00, 0x04, 0x50, 0x00, 0x04,
  0x10, 0x00, 0x04, 0x08, 0x00, 0x0f, 0x58, 0x05, 0x0d, 0x0f, 0x20, 0x00, 0x05, 0x0f, 0x68, 0x07,
  0x15, 0x0f, 0x40, 0x00, 0x05, 0x0f, 0x18, 0x00, 0x05, 0x04, 0x00, 0x06, 0x04, 0x60, 0x00, 0x04,
  0x10, 0x00, 0x04, 0x30, 0x00, 0x0f, 0x80, 0x07, 0x55, 0x0c, 0x68, 0x00, 0x0c, 0xc0, 0x07, 0x04,
  0x10, 0x00, 0x04, 0xe0, 0x07, 0x04, 0xa0, 0x00, 0x0f, 0x08, 0x00, 0x5d, 0x04, 0x20, 0x01, 0x04,
  0x30, 0x01, 0x0f, 0x08, 0x00, 0x2d, 0x04, 0x50, 0x00, 0x0f, 0xc8, 0x00, 0x1d, 0x04, 0x50, 0x02,
  0x0f, 0x08, 0x00, 0x0d, 0x0f, 0x18, 0x03, 0x05, 0x0f, 0x38, 0x00, 0x0d, 0x0c, 0x20, 0x00, 0x04,
  0x48, 0x00, 0x0c, 0x18, 0x00, 0x04, 0xe0, 0x06, 0x0f, 0x78, 0x07, 0x1d, 0x04, 0x30, 0x00, 0x04,
  0x68, 0x07, 0x0f, 0x08, 0x00, 0x05, 0x0f, 0x60, 0x00, 0x25, 0x04, 0x38, 0x00, 0x0c, 0x08, 0x00,
  0x0f, 0x68, 0x07, 0xff, 0xfe, 0x0f, 0x02, 0x00, 0x05, 0x0c, 0xe8, 0x02, 0x04, 0xd0, 0x05, 0x0f,
  0x08, 0x00, 0x15, 0x0c, 0x40, 0x00, 0x04, 0x40, 0x03, 0x0f, 0x08, 0x00, 0x0d, 0x0f, 0x60, 0x00,
  0x15, 0x04, 0x28, 0x00, 0x0c, 0x68, 0x00, 0x04, 0x10, 0x00, 0x0c, 0x68, 0x00, 0x04, 0x18, 0x00,
  0x0c, 0x08, 0x00, 0x04, 0x28, 0x00, 0x0c, 0x18, 0x00, 0x04, 0x60, 0x00, 0x0c, 0x08, 0x00, 0x0c,
  0x28, 0x00, 0x04, 0x40, 0x00, 0x0f, 0x08, 0x00, 0x0d, 0x04, 0x38, 0x00, 0x0c, 0x50, 0x00, 0x0f,
  0x10, 0x00, 0x35, 0x04, 0x60, 0x00, 0x04, 0x08, 0x00, 0x04, 0x58, 0x00, 0x04, 0x10, 0x00, 0x04,
  0x08, 0x00, 0x0f, 0x68, 0x05, 0x1d, 0x04, 0x30, 0x00, 0x0f, 0xe8, 0x05, 0x0d, 0x0f, 0xc8, 0x05,
  0x25, 0x04, 0x38, 0x00, 0x04, 0x60, 0x00, 0x04, 0x10, 0x00, 0x04, 0x78, 0x00, 0x0c, 0x18, 0x07,
  0x04, 0x00, 0x07, 0x0f, 0x08, 0x00, 0x0d, 0x04, 0x30, 0x07, 0x0c, 0x40, 0x00, 0x0f, 0x10, 0x00,
  0x15, 0x0c, 0x40, 0x00, 0x04, 0x10, 0x00, 0x04, 0x78, 0x00, 0x04, 0xa0, 0x00, 0x0f, 0x08, 0x00,
  0x55, 0x04, 0x18, 0x01, 0x04, 0x28, 0x01, 0x0f, 0x08, 0x00, 0x35, 0x04, 0x58, 0x00, 0x0f, 0xc8,
  0x00, 0x15, 0x04, 0x48, 0x02, 0x04, 0x60, 0x02, 0x0f, 0x08, 0x00, 0x05, 0x04, 0x28, 0x00, 0x0f,
  0x18, 0x03, 0x05, 0x0f, 0x38, 0x00, 0x05, 0x04, 0x18, 0x00, 0x04, 0x40, 0x00, 0x04, 0x08, 0x00,
  0x04, 0x48, 0x00, 0x04, 0x10, 0x00, 0x04, 0x08, 0x00, 0x0c, 0xe0, 0x06, 0x0f, 0x10, 0x00, 0x7d,
  0x0f, 0x60, 0x05, 0x05, 0x0f, 0x02, 0x00, 0xff, 0xff, 0x07, 0x04, 0xd8, 0x02, 0x0f, 0x08, 0x00,
  0x45, 0x04, 0x48, 0x03, 0x0f, 0x08, 0x00, 0x05, 0x0f, 0x78, 0x00, 0x9d, 0x04, 0xc8, 0x00, 0x0f,
  0xb8, 0x00, 0x0d, 0x04, 0x58, 0x04, 0x0f, 0x08, 0x00, 0x3d, 0x0f, 0x78, 0x00, 0x05, 0x04, 0x68,
  0x00, 0x0c, 0x20, 0x00, 0x0f, 0x68, 0x05, 0x15, 0x04, 0x28, 0x00, 0x04, 0xa0, 0x05, 0x0f, 0xf0,
  0x05, 0x0d, 0x04, 0x30, 0x00, 0x0f, 0x08, 0x00, 0x25, 0x04, 0x60, 0x00, 0x04, 0x70, 0x00, 0x04,
  0x48, 0x00, 0x0c, 0x30, 0x07, 0x04, 0x00, 0x07, 0x0f, 0x08, 0x00, 0x0d, 0x04, 0x30, 0x07, 0x0c,
  0x40, 0x00, 0x0f, 0x10, 0x00, 0x15, 0x0c, 0x40, 0x00, 0x04, 0x10, 0x00, 0x04, 0x78, 0x00, 0x04,
  0xa0, 0x00, 0x0f, 0x08, 0x00, 0x55, 0x04, 0x18, 0x01, 0x04, 0x28, 0x01, 0x0f, 0x08, 0x00, 0x35,
  0x04, 0x58, 0x00, 0x0f, 0xc8, 0x00, 0x15, 0x04, 0x50, 0x02, 0x04, 0x60, 0x02, 0x0f, 0x08, 0x00,
  0x05, 0x04, 0x28, 0x00, 0x04, 0x20, 0x03, 0x0c, 0x08, 0x00, 0x0f, 0x38, 0x00, 0x05, 0x04, 0x18,
  0x00, 0x04, 0x40, 0x00, 0x04, 0x08, 0x00, 0x04, 0x40, 0x00, 0x04, 0x10, 0x00, 0x04, 0x08, 0x00,
  0x0f, 0x70, 0x07, 0x7d, 0x0c, 0x90, 0x00, 0x0f, 0x68, 0x07, 0xff, 0xff, 0x07, 0x0f, 0x02, 0x00,
  0x05, 0x04, 0xd8, 0x02, 0x0f, 0x08, 0x00, 0x45, 0x04, 0x48, 0x03, 0x0f, 0x08, 0x00, 0x05, 0x0f,
  0x78, 0x00, 0x9d, 0x04, 0xc8, 0x00, 0x0f, 0xb8, 0x00, 0x0d, 0x04, 0x58, 0x04, 0x0f, 0x08, 0x00,
  0x3d, 0x0f, 0x78, 0x00, 0x05, 0x04, 0x68, 0x00, 0x0c, 0x20, 0x00, 0x0f, 0x68, 0x05, 0x15, 0x04,
  0x28, 0x00, 0x04, 0xa0, 0x05, 0x0f, 0xf0, 0x05, 0x0d, 0x04, 0x30, 0x00, 0x0f, 0x08, 0x00, 0x25,
  0x04, 0x60, 0x00, 0x04, 0x70, 0x00, 0x04, 0x48, 0x00, 0x0c, 0x30, 0x07, 0x04, 0x00, 0x07, 0x0f,
  0x08, 0x00, 0x0d, 0x04, 0x30, 0x07, 0x0c, 0x40, 0x00, 0x0f, 0x10, 0x00, 0x15, 0x0c, 0x40, 0x00,
  0x04, 0x10, 0x00, 0x04, 0x78, 0x00, 0x04, 0xa0, 0x00, 0x0f, 0x08, 0x00, 0x55, 0x04, 0x18, 0x01,
  0x04, 0x28, 0x01, 0x0f, 0x08, 0x00, 0x2d, 0x04, 0x50, 0x00, 0x0f, 0xc0, 0x00, 0x1d, 0x04, 0x50,
  0x02, 0x04, 0x60, 0x02, 0x0f, 0x08, 0x00, 0x05, 0x04, 0x28, 0x00, 0x04, 0x20, 0x03, 0x0c, 0x08,
  0x00, 0x0f, 0x38, 0x00, 0x05, 0x04, 0x18, 0x00, 0x04, 0x40, 0x00, 0x04, 0x08, 0x00, 0x04, 0x40,
  0x00, 0x04, 0x10, 0x00, 0x04, 0x08, 0x00, 0x0c, 0xf0, 0x06, 0x0f, 0x10, 0x00, 0x7d, 0x0f, 0x68,
  0x05, 0x05, 0x0f, 0x02, 0x00, 0xff, 0xde, 0x04, 0xb0, 0x02, 0x0c, 0x08, 0x00, 0x04, 0xd8, 0x02,
  0x0f, 0x08, 0x00, 0x3d, 0x0c, 0x68, 0x00, 0x0f, 0x10, 0x00, 0x5d, 0x0c, 0xd0, 0x00, 0x0f, 0x80,
  0x00, 0x2d, 0x0c, 0x50, 0x00, 0x0f, 0x10, 0x00, 0x75, 0x04, 0xb0, 0x04, 0x0f, 0x08, 0x00, 0x05,
  0x0c, 0xf8, 0x00, 0x04, 0x78, 0x05, 0x0f, 0x08, 0x00, 0x75, 0x04, 0x00, 0x06, 0x04, 0x50, 0x06,
  0x04, 0x98, 0x00, 0x04, 0x18, 0x00, 0x0c, 0x30, 0x07, 0x04, 0x00, 0x07, 0x0f, 0x08, 0x00, 0x0d,
  0x04, 0x30, 0x07, 0x0c, 0x40, 0x00, 0x0f, 0x10, 0x00, 0x15, 0x0c, 0x40, 0x00, 0x04, 0x10, 0x00,
  0x04, 0x78, 0x00, 0x04, 0xa0, 0x00, 0x0f, 0x08, 0x00, 0x55, 0x04, 0x18, 0x01, 0x04, 0x28, 0x01,
  0x0f, 0x08, 0x00, 0x2d, 0x04, 0x50, 0x00, 0x0f, 0xc0, 0x00, 0x1d, 0x04, 0x50, 0x02, 0x0f, 0x70,
  0x02, 0x05, 0x04, 0x18, 0x00, 0x04, 0x28, 0x00, 0x0f, 0x28, 0x03, 0x05, 0x04, 0x28, 0x00, 0x0f,
  0x08, 0x00, 0x05, 0x04, 0x40, 0x00, 0x04, 0x08, 0x00, 0x04, 0x48, 0x00, 0x04, 0x10, 0x00, 0x04,
  0x08, 0x00, 0x0f, 0x70, 0x07, 0x7d, 0x0c, 0x90, 0x00, 0x0f, 0x68, 0x07, 0xff, 0xde, 0x0f, 0x02,
  0x00, 0x05, 0x04, 0xb0, 0x02, 0x0c, 0x08, 0x00, 0x04, 0xd8, 0x02, 0x0f, 0x08, 0x00, 0x3d, 0x0c,
  0x68, 0x00, 0x0f, 0x10, 0x00, 0x5d, 0x0c, 0xd0, 0x00, 0x0f, 0x80, 0x00, 0x2d, 0x0c, 0x50, 0x00,
  0x0f, 0x10, 0x00, 0x75, 0x0f, 0xc0, 0x04, 0x05, 0x04, 0x18, 0x00, 0x0c, 0xf8, 0x00, 0x04, 0x78,
  0x05, 0x0f, 0x08, 0x00, 0x75, 0x04, 0x00, 0x06, 0x04, 0x50, 0x06, 0x04, 0x98, 0x00, 0x04, 0x18,
  0x00, 0x0c, 0x30, 0x07, 0x04, 0x00, 0x07, 0x0f, 0x08, 0x00, 0x0d, 0x04, 0x30, 0x07, 0x0c, 0x40,
  0x00, 0x0f, 0x10, 0x00, 0x15, 0x0c, 0x40, 0x00, 0x04, 0x10, 0x00, 0x04, 0x78, 0x00, 0x04, 0xa8,
  0x00, 0x0f, 0x08, 0x00, 0xd5, 0x0c, 0x48, 0x02, 0x0f, 0x10, 0x00, 0x1d, 0x0c, 0x30, 0x03, 0x0f,
  0x40, 0x00, 0x1d, 0x04, 0x30, 0x00, 0x0c, 0x48, 0x00, 0x04, 0x10, 0x00, 0x04, 0x20, 0x00, 0x0f,
  0x08, 0x00, 0x05, 0x0f, 0x28, 0x00, 0x05, 0x04, 0x28, 0x03, 0x0f, 0x08, 0x00, 0x1d, 0x0c, 0x68,
  0x00, 0x04, 0x40, 0x00, 0x04, 0x18, 0x00, 0x0f, 0x88, 0x05, 0x05, 0x0f, 0x02, 0x00, 0xff, 0xd6,
  0x04, 0x08, 0x02, 0x04, 0x08, 0x00, 0x04, 0x20, 0x02, 0x04, 0x08, 0x00, 0x04, 0x18, 0x00, 0x0f,
  0x08, 0x00, 0x45, 0x04, 0x68, 0x00, 0x0f, 0x08, 0x00, 0x0d, 0x0c, 0x80, 0x00, 0x04, 0x28, 0x03,
  0x0f, 0x08, 0x00, 0x3d, 0x0c, 0x68, 0x00, 0x04, 0x10, 0x00, 0x0f, 0xa0, 0x00, 0x0d, 0x0f, 0x20,
  0x00, 0x65, 0x04, 0xa0, 0x00, 0x0c, 0x08, 0x00, 0x0c, 0x18, 0x01, 0x0f, 0xa0, 0x00, 0x0d, 0x0c,
  0x40, 0x00, 0x04, 0xd8, 0x06, 0x0f, 0x08, 0x00, 0x15, 0x04, 0x18, 0x07, 0x0f, 0x08, 0x00, 0x05,
  0x04, 0x80, 0x06, 0x0f, 0x50, 0x00, 0x15, 0x04, 0x28, 0x00, 0x0c, 0x38, 0x00, 0x04, 0x60, 0x00,
  0x0c, 0x18, 0x00, 0x0c, 0x30, 0x07, 0x04, 0x00, 0x07, 0x0f, 0x08, 0x00, 0x0d, 0x04, 0x30, 0x07,
  0x0c, 0x40, 0x00, 0x0f, 0x10, 0x00, 0x15, 0x0c, 0x40, 0x00, 0x04, 0x10, 0x00, 0x04, 0x78, 0x00,
  0x04, 0xa8, 0x00, 0x0f, 0x08, 0x00, 0xd5, 0x0c, 0x48, 0x02, 0x0f, 0x10, 0x00, 0x1d, 0x0c, 0xb8,
  0x02, 0x0f, 0x40, 0x00, 0x1d, 0x04, 0x30, 0x00, 0x0c, 0x48, 0x00, 0x04, 0x10, 0x00, 0x04, 0x20,
  0x00, 0x0f, 0x08, 0x00, 0x05, 0x0f, 0x28, 0x00, 0x05, 0x0f, 0x40, 0x03, 0x0d, 0x0f, 0x20, 0x00,
  0x05, 0x0c, 0x68, 0x00, 0x04, 0x28, 0x00, 0x04, 0x18, 0x00, 0x0f, 0x68, 0x07, 0xff, 0xd6, 0x0f,
  0x02, 0x00, 0x05, 0x04, 0x08, 0x02, 0x04, 0x08, 0x00, 0x04, 0x20, 0x02, 0x04, 0x08, 0x00, 0x04,
  0x18, 0x00, 0x0f, 0x08, 0x00, 0x45, 0x04, 0x68, 0x00, 0x0f, 0x08, 0x00, 0x0d, 0x0c, 0x80, 0x00,
  0x04, 0x28, 0x03, 0x0f, 0x08, 0x00, 0x3d, 0x0c, 0x68, 0x00, 0x04, 0x10, 0x00, 0x0f, 0xa0, 0x00,
  0x0d, 0x0f, 0x20, 0x00, 0x65, 0x04, 0xa0, 0x00, 0x0c, 0x08, 0x00, 0x0c, 0x18, 0x01, 0x0f, 0xa0,
  0x00, 0x0d, 0x0c, 0x40, 0x00, 0x04, 0x00, 0x07, 0x0f, 0x08, 0x00, 0x15, 0x04, 0x18, 0x07, 0x0f,
  0x08, 0x00, 0x05, 0x04, 0x80, 0x06, 0x0f, 0x50, 0x00, 0x15, 0x04, 0x28, 0x00, 0x0c, 0x38, 0x00,
  0x04, 0x60, 0x00, 0x0c, 0x18, 0x00, 0x0c, 0x30, 0x07, 0x04, 0x00, 0x07, 0x0f, 0x08, 0x00, 0x0d,
  0x04, 0x30, 0x07, 0x0c, 0x40, 0x00, 0x0f, 0x10, 0x00, 0x15, 0x0c, 0x40, 0x00, 0x04, 0x10, 0x00,
  0x04, 0x78, 0x00, 0x04, 0xc8, 0x00, 0x0f, 0x08, 0x00, 0x4d, 0x04, 0x10, 0x01, 0x04, 0x20, 0x01,
  0x0f, 0x08, 0x00, 0x35, 0x04, 0x58, 0x00, 0x0f, 0xc0, 0x00, 0x0d, 0x04, 0x40, 0x02, 0x0c, 0x78,
  0x02, 0x0f, 0x10, 0x00, 0x2d, 0x0f, 0x58, 0x00, 0x1d, 0x0f, 0x30, 0x00, 0x0d, 0x04, 0x20, 0x00,
  0x04, 0x08, 0x00, 0x04, 0xa0, 0x00, 0x04, 0x10, 0x00, 0x04, 0x08, 0x00, 0x04, 0x18, 0x00, 0x0f,
  0x08, 0x00, 0x25, 0x04, 0x48, 0x00, 0x0f, 0x78, 0x03, 0x05, 0x04, 0x20, 0x00, 0x0f, 0x98, 0x05,
  0x05, 0x0f, 0x02, 0x00, 0xff, 0xce, 0x04, 0x00, 0x02, 0x0f, 0x20, 0x02, 0x05, 0x0f, 0x18, 0x00,
  0x6d, 0x04, 0xa0, 0x00, 0x0f, 0x08, 0x00, 0x05, 0x0f, 0x18, 0x03, 0x25, 0x0f, 0x38, 0x00, 0x0d,
  0x0f, 0xf8, 0x00, 0x6d, 0x0f, 0x80, 0x00, 0x0d, 0x0f, 0x10, 0x01, 0x05, 0x0c, 0x18, 0x00, 0x0c,
  0xe8, 0x00, 0x0f, 0x58, 0x00, 0x1d, 0x0f, 0x70, 0x05, 0x0d, 0x0c, 0x20, 0x00, 0x0f, 0xf0, 0x05,
  0x0d, 0x0f, 0xc8, 0x05, 0x15, 0x0c, 0x58, 0x00, 0x0c, 0x38, 0x00, 0x04, 0x68, 0x00, 0x0c, 0x18,
  0x00, 0x0c, 0x30, 0x07, 0x04, 0x00, 0x07, 0x0f, 0x08, 0x00, 0x0d, 0x04, 0x30, 0x07, 0x0c, 0x40,
  0x00, 0x0f, 0x10, 0x00, 0x0d, 0x04, 0x08, 0x4b, 0x0c, 0x40, 0x00, 0x04, 0x10, 0x00, 0x04, 0x78,
  0x00, 0x0c, 0xd0, 0x00, 0x0f, 0x10, 0x00, 0x45, 0x04, 0x10, 0x01, 0x04, 0x20, 0x01, 0x0f, 0x08,
  0x00, 0x35, 0x04, 0x58, 0x00, 0x0f, 0xb8, 0x00, 0x0d, 0x04, 0x80, 0x02, 0x0c, 0x78, 0x02, 0x0f,
  0x10, 0x00, 0x2d, 0x0f, 0x58, 0x00, 0x1d, 0x0f, 0x30, 0x00, 0x0d, 0x04, 0x20, 0x00, 0x04, 0x08,
  0x00, 0x04, 0xa0, 0x00, 0x04, 0x10, 0x00, 0x04, 0x08, 0x00, 0x04, 0x18, 0x00, 0x0f, 0x08, 0x00,
  0x25, 0x04, 0x48, 0x00, 0x0f, 0x78, 0x03, 0x05, 0x04, 0x20, 0x00, 0x0f, 0x68, 0x07, 0xff, 0xce,
  0x0f, 0x02, 0x00, 0x05, 0x04, 0x00, 0x02, 0x0f, 0x20, 0x02, 0x05, 0x0f, 0x18, 0x00, 0x6d, 0x04,
  0xa0, 0x00, 0x0f, 0x08, 0x00, 0x05, 0x0f, 0x18, 0x03, 0x25, 0x0f, 0x38, 0x00, 0x0d, 0x0f, 0xf8,
  0x00, 0x6d, 0x0f, 0x80, 0x00, 0x0d, 0x0f, 0x10, 0x01, 0x05, 0x0c, 0x18, 0x00, 0x0c, 0xe8, 0x00,
  0x0f, 0x58, 0x00, 0x1d, 0x0f, 0x70, 0x05, 0x0d, 0x0c, 0x20, 0x00, 0x0f, 0xf0, 0x05, 0x0d, 0x0f,
  0xc8, 0x05, 0x15, 0x0c, 0x58, 0x00, 0x0c, 0x38, 0x00, 0x04, 0x68, 0x00, 0x0c, 0x18, 0x00, 0x0c,
  0x30, 0x07, 0x04, 0x00, 0x07, 0x0f, 0x08, 0x00, 0x0d, 0x04, 0x30, 0x07, 0x0c, 0x40, 0x00, 0x0f,
  0x10, 0x00, 0x0d, 0x0f, 0x80, 0x07, 0xed, 0x0f, 0x70, 0x02, 0x0d, 0x0c, 0x80, 0x02, 0x0f, 0x10,
  0x00, 0x05, 0x0c, 0x48, 0x00, 0x0f, 0x10, 0x00, 0x2d, 0x04, 0x68, 0x00, 0x0f, 0x48, 0x00, 0x15,
  0x04, 0x30, 0x00, 0x0f, 0x08, 0x00, 0x45, 0x0f, 0x78, 0x03, 0x05, 0x04, 0xa0, 0x00, 0x0f, 0xa0,
  0x05, 0x05, 0x0f, 0x02, 0x00, 0xff, 0xbe, 0x04, 0xf0, 0x01, 0x0f, 0x08, 0x00, 0xff, 0xd6, 0x0c,
  0x50, 0x04, 0x0f, 0x08, 0x04, 0x05, 0x04, 0x18, 0x00, 0x0c, 0x18, 0x02, 0x0c, 0x08, 0x07, 0x0f,
  0x10, 0x00, 0x0d, 0x04, 0x18, 0x07, 0x0f, 0x08, 0x00, 0x05, 0x0c, 0x30, 0x07, 0x0f, 0x50, 0x00,
  0x0d, 0x04, 0x20, 0x00, 0x0c, 0x38, 0x00, 0x04, 0x60, 0x00, 0x0c, 0x18, 0x00, 0x0c, 0x30, 0x07,
  0x0f, 0x78, 0x07, 0x0d, 0x04, 0x20, 0x00, 0x0f, 0x80, 0x07, 0xff, 0xff, 0xff, 0xff, 0xff, 0xff,
  0xff, 0xff, 0xa5, 0x04, 0xa8, 0x09, 0x0f, 0xb8, 0x09, 0x05, 0x04, 0x20, 0x00, 0x0f, 0x08, 0x00,
  0x15, 0x04, 0x48, 0x00, 0x0c, 0x08, 0x00, 0x04, 0x40, 0x00, 0x0c, 0x48, 0x0a, 0x0f, 0x10, 0x00,
  0x15, 0x04, 0x40, 0x00, 0x04, 0x08, 0x00, 0x0c, 0x60, 0x00, 0x0f, 0x10, 0x00, 0x3d, 0x04, 0x68,
  0x00, 0x04, 0x08, 0x00, 0x04, 0xa8, 0x00, 0x0f, 0x68, 0x00, 0x05, 0x04, 0x28, 0x00, 0x0f, 0xe8,
  0x0e, 0xff, 0xbe, 0x0f, 0x02, 0x00, 0x05, 0x04, 0xf0, 0x01, 0x0c, 0x08, 0x00, 0x0f, 0x20, 0x02,
  0x05, 0x0f, 0x18, 0x00, 0x6d, 0x04, 0xc0, 0x02, 0x0f, 0x08, 0x00, 0x4d, 0x0f, 0x10, 0x01, 0x85,
  0x0c, 0x98, 0x00, 0x0f, 0x10, 0x00, 0x1d, 0x0c, 0x38, 0x01, 0x0f, 0xd0, 0x01, 0x0d, 0x0c, 0x60,
  0x00, 0x04, 0x80, 0x0e, 0x0f, 0x08, 0x00, 0x15, 0x04, 0x98, 0x0e, 0x0f, 0x08, 0x00, 0x05, 0x0c,
  0xb0, 0x0e, 0x0f, 0x58, 0x00, 0x15, 0x0c, 0x38, 0x00, 0x04, 0x60, 0x00, 0x0c, 0x18, 0x00, 0x0f,
  0x00, 0x0f, 0xff, 0x56, 0x04, 0x28, 0x02, 0x04, 0x50, 0x02, 0x04, 0x10, 0x00, 0x0f, 0x08, 0x00,
  0x25, 0x04, 0x48, 0x00, 0x0c, 0x08, 0x00, 0x04, 0x50, 0x00, 0x0c, 0xc8, 0x02, 0x0f, 0x10, 0x00,
  0x15, 0x04, 0x40, 0x00, 0x04, 0x08, 0x00, 0x0c, 0x60, 0x00, 0x0f, 0x10, 0x00, 0x3d, 0x04, 0x68,
  0x00, 0x04, 0x08, 0x00, 0x04, 0xa8, 0x00, 0x0f, 0x68, 0x00, 0x05, 0x04, 0x28, 0x00, 0x0f, 0xb0,
  0x05, 0x05, 0x0f, 0x02, 0x00, 0xff, 0xbe, 0x04, 0xf0, 0x01, 0x0c, 0x08, 0x00, 0x0f, 0x20, 0x02,
  0x05, 0x0f, 0x18, 0x00, 0x6d, 0x04, 0xc0, 0x02, 0x0f, 0x08, 0x00, 0x4d, 0x0f, 0x10, 0x01, 0x85,
  0x0c, 0x98, 0x00, 0x0f, 0x10, 0x00, 0x1d, 0x0c, 0x38, 0x01, 0x0f, 0xd0, 0x01, 0x0d, 0x0c, 0x60,
  0x00, 0x0f, 0x20, 0x07, 0x15, 0x04, 0x28, 0x00, 0x04, 0x18, 0x07, 0x0f, 0x08, 0x00, 0x05, 0x0c,
  0x30, 0x07, 0x04, 0x38, 0x00, 0x0f, 0x08, 0x00, 0x0d, 0x0c, 0x38, 0x00, 0x04, 0x60, 0x00, 0x0c,
  0x18, 0x00, 0x0f, 0x80, 0x07, 0xff, 0x66, 0x0f, 0x58, 0x02, 0x0d, 0x0f, 0x20, 0x00, 0x25, 0x04,
  0x90, 0x02, 0x0c, 0xc8, 0x02, 0x0f, 0x10, 0x00, 0x15, 0x04, 0x40, 0x00, 0x04, 0x08, 0x00, 0x0f,
  0x88, 0x00, 0x25, 0x0f, 0x38, 0x00, 0x15, 0x04, 0x68, 0x00, 0x04, 0x08, 0x00, 0x04, 0xa8, 0x00,
  0x0f, 0x40, 0x00, 0x05, 0x04, 0x28, 0x00, 0x0f, 0x68, 0x07, 0xff, 0xbe, 0x0f, 0x02, 0x00, 0x05,
  0x04, 0xf0, 0x01, 0x0c, 0x08, 0x00, 0x0f, 0x20, 0x02, 0x05, 0x0f, 0x18, 0x00, 0x6d, 0x04, 0xc0,
  0x02, 0x0f, 0x08, 0x00, 0x4d, 0x0f, 0x10, 0x01, 0x85, 0x0c, 0x98, 0x00, 0x0f, 0x10, 0x00, 0x1d,
  0x0c, 0x38, 0x01, 0x0f, 0xd0, 0x01, 0x0d, 0x0c, 0x60, 0x00, 0x0f, 0x18, 0x07, 0x0d, 0x0c, 0x20,
  0x00, 0x04, 0x18, 0x07, 0x0f, 0x08, 0x00, 0x05, 0x0c, 0x30, 0x07, 0x0c, 0x40, 0x00, 0x0f, 0x10,
  0x00, 0x05, 0x0c, 0x38, 0x00, 0x04, 0x60, 0x00, 0x0c, 0x18, 0x00, 0x0f, 0x80, 0x07, 0xff, 0xff,
  0xff, 0xff, 0xff, 0xff, 0xff, 0xff, 0xd5, 0x04, 0xa0, 0x09, 0x0f, 0xc8, 0x09, 0x0d, 0x0f, 0x20,
  0x00, 0x2d, 0x04, 0x68, 0x00, 0x04, 0x08, 0x00, 0x0c, 0x48, 0x0a, 0x0f, 0x10, 0x00, 0x15, 0x0f,
  0x88, 0x00, 0x2d, 0x0f, 0x40, 0x00, 0x15, 0x04, 0xa8, 0x00, 0x0c, 0x08, 0x00, 0x04, 0xa8, 0x00,
  0x0f, 0x48, 0x00, 0x05, 0x04, 0x30, 0x00, 0x0f, 0x30, 0x0d, 0x05, 0x0f, 0x02, 0x00, 0xff, 0xbe,
  0x04, 0xf0, 0x01, 0x0c, 0x08, 0x00, 0x0f, 0x20, 0x02, 0x05, 0x0f, 0x18, 0x00, 0x6d, 0x04, 0xc0,
  0x02, 0x0f, 0x08, 0x00, 0x4d, 0x0f, 0x10, 0x01, 0x85, 0x0c, 0x98, 0x00, 0x0f, 0x10, 0x00, 0x1d,
  0x0c, 0x38, 0x01, 0x0f, 0xd0, 0x01, 0x0d, 0x0c, 0x60, 0x00, 0x0f, 0x90, 0x0e, 0x05, 0x0f, 0x18,
  0x00, 0x05, 0x04, 0x98, 0x0e, 0x0f, 0x08, 0x00, 0x05, 0x0c, 0xb0, 0x0e, 0x0f, 0x48, 0x00, 0x05,
  0x0c, 0x18, 0x00, 0x0c, 0x38, 0x00, 0x04, 0x60, 0x00, 0x0c, 0x18, 0x00, 0x0f, 0x00, 0x0f, 0xff,
  0x4e, 0x04, 0x20, 0x02, 0x0f, 0x48, 0x02, 0x0d, 0x0f, 0x20, 0x00, 0x2d, 0x04, 0x68, 0x00, 0x04,
  0x08, 0x00, 0x0c, 0xc8, 0x02, 0x0f, 0x10, 0x00, 0x15, 0x0f, 0x88, 0x00, 0x2d, 0x0f, 0x40, 0x00,
  0x15, 0x04, 0xa8, 0x00, 0x0c, 0x08, 0x00, 0x04, 0xa8, 0x00, 0x0f, 0x48, 0x00, 0x05, 0x04, 0x30,
  0x00, 0x0f, 0x68, 0x07, 0xff, 0xbe, 0x0f, 0x02, 0x00, 0x05, 0x04, 0xf0, 0x01, 0x0c, 0x08, 0x00,
  0x0f, 0x20, 0x02, 0x05, 0x0f, 0x18, 0x00, 0x6d, 0x04, 0xc0, 0x02, 0x0f, 0x08, 0x00, 0x4d, 0x0f,
  0x10, 0x01, 0x85, 0x0c, 0x98, 0x00, 0x0f, 0x10, 0x00, 0x1d, 0x0c, 0x38, 0x01, 0x0f, 0xd0, 0x01,
  0x0d, 0x0c, 0x60, 0x00, 0x0c, 0x08, 0x07, 0x0f, 0x10, 0x00, 0x0d, 0x04, 0x18, 0x07, 0x0f, 0x08,
  0x00, 0x05, 0x0c, 0x30, 0x07, 0x0f, 0x50, 0x00, 0x0d, 0x04, 0x20, 0x00, 0x0c, 0x38, 0x00, 0x04,
  0x60, 0x00, 0x0c, 0x18, 0x00, 0x0f, 0x80, 0x07, 0xff, 0x46, 0x0c, 0x18, 0x02, 0x0f, 0x10, 0x00,
  0xff, 0x16, 0x04, 0x80, 0x03, 0x0f, 0x78, 0x03, 0x05, 0x04, 0x48, 0x01, 0x0f, 0xb0, 0x05, 0x05,
  0x0f, 0x02, 0x00, 0xff, 0xbe, 0x04, 0xf0, 0x01, 0x0c, 0x08, 0x00, 0x0f, 0x20, 0x02, 0x05, 0x0f,
  0x18, 0x00, 0x6d, 0x04, 0xc0, 0x02, 0x0f, 0x08, 0x00, 0x4d, 0x0f, 0x10, 0x01, 0x85, 0x0c, 0x98,
  0x00, 0x0f, 0x10, 0x00, 0x1d, 0x0c, 0x38, 0x01, 0x0f, 0xd0, 0x01, 0x0d, 0x0c, 0x60, 0x00, 0x04,
  0x00, 0x07, 0x0f, 0x08, 0x00, 0x15, 0x04, 0x18, 0x07, 0x0f, 0x08, 0x00, 0x05, 0x0c, 0x30, 0x07,
  0x0f, 0x58, 0x00, 0x15, 0x0c, 0x38, 0x00, 0x04, 0x60, 0x00, 0x0c, 0x18, 0x00, 0x0f, 0x80, 0x07,
  0x5d, 0x04, 0x70, 0x00, 0x0c, 0x40, 0x3c, 0x04, 0x10, 0x00, 0x04, 0x60, 0x3c, 0x0f, 0xe8, 0x00,
  0x15, 0x0f, 0x28, 0x00, 0x2d, 0x04, 0x10, 0x01, 0x04, 0x20, 0x01, 0x0f, 0x08, 0x00, 0x35, 0x0c,
  0x18, 0x02, 0x0f, 0x10, 0x00, 0xff, 0x16, 0x04, 0x80, 0x03, 0x0f, 0x78, 0x03, 0x05, 0x04, 0x48,
  0x01, 0x0f, 0x68, 0x07, 0xff, 0xbe, 0x0f, 0x02, 0x00, 0x05, 0x04, 0xf0, 0x01, 0x0c, 0x08, 0x00,
  0x0f, 0x20, 0x02, 0x05, 0x0f, 0x18, 0x00, 0x6d, 0x04, 0xc0, 0x02, 0x0f, 0x08, 0x00, 0x4d, 0x0f,
  0x10, 0x01, 0x85, 0x0c, 0x98, 0x00, 0x0f, 0x10, 0x00, 0x1d, 0x0c, 0x38, 0x01, 0x0f, 0xd0, 0x01,
  0x0d, 0x0c, 0x60, 0x00, 0x0f, 0x10, 0x06, 0x1d, 0x0f, 0xf0, 0x05, 0x0d, 0x04, 0x20, 0x06, 0x0f,
  0x58, 0x00, 0x1d, 0x0c, 0x38, 0x00, 0x04, 0x68, 0x00, 0x0c, 0x18, 0x00, 0x04, 0x10, 0x07, 0x04,
  0x08, 0x00, 0x04, 0x00, 0x07, 0x0f, 0x08, 0x00, 0x0d, 0x04, 0x30, 0x07, 0x04, 0x38, 0x00, 0x0f,
  0x08, 0x00, 0x1d, 0x0c, 0x40, 0x00, 0x04, 0x10, 0x00, 0x04, 0x78, 0x00, 0x0f, 0xf0, 0x00, 0x1d,
  0x0f, 0x30, 0x00, 0x25, 0x04, 0x10, 0x01, 0x04, 0x20, 0x01, 0x0f, 0x08, 0x00, 0x35, 0x0c, 0x18,
  0x02, 0x0f, 0x48, 0x02, 0x0d, 0x0f, 0x20, 0x00, 0x2d, 0x0c, 0xb8, 0x02, 0x0f, 0x10, 0x00, 0x1d,
  0x04, 0xb0, 0x00, 0x0f, 0x88, 0x00, 0x2d, 0x0f, 0x40, 0x00, 0x05, 0x04, 0x60, 0x00, 0x0f, 0x08,
  0x00, 0x0d, 0x04, 0xb8, 0x00, 0x0f, 0x48, 0x00, 0x0d, 0x0f, 0xb0, 0x05, 0x05, 0x0f, 0x02, 0x00,
  0xff, 0xbe, 0x0f, 0x30, 0x02, 0x05, 0x0f, 0x20, 0x02, 0x05, 0x0f, 0x18, 0x00, 0x6d, 0x04, 0xc0,
  0x02, 0x0f, 0x08, 0x00, 0x4d, 0x0c, 0x18, 0x01, 0x0f, 0xf8, 0x00, 0x6d, 0x04, 0x80, 0x00, 0x0c,
  0x98, 0x00, 0x0f, 0x10, 0x00, 0x1d, 0x0c, 0x38, 0x01, 0x04, 0x58, 0x00, 0x0f, 0x08, 0x00, 0x05,
  0x0c, 0x60, 0x00, 0x0f, 0x08, 0x06, 0x1d, 0x0f, 0xf0, 0x05, 0x0d, 0x04, 0x20, 0x06, 0x0f, 0x58,
  0x00, 0x1d, 0x0c, 0x38, 0x00, 0x04, 0x68, 0x00, 0x0c, 0x18, 0x00, 0x0c, 0x38, 0x07, 0x04, 0x00,
  0x07, 0x0f, 0x08, 0x00, 0x0d, 0x04, 0x30, 0x07, 0x0c, 0x40, 0x00, 0x0f, 0x10, 0x00, 0x15, 0x0c,
  0x40, 0x00, 0x04, 0x10, 0x00, 0x04, 0x78, 0x00, 0x0f, 0xf0, 0x00, 0x1d, 0x0f, 0x30, 0x00, 0x25,
  0x04, 0x10, 0x01, 0x04, 0x20, 0x01, 0x0f, 0x08, 0x00, 0x35, 0x0c, 0x18, 0x02, 0x0f, 0x40, 0x02,
  0x05, 0x0f, 0x18, 0x00, 0x35, 0x0c, 0xb8, 0x02, 0x0f, 0x10, 0x00, 0x1d, 0x04, 0xb0, 0x00, 0x0f,
  0x90, 0x00, 0x35, 0x0c, 0x48, 0x00, 0x04, 0x60, 0x00, 0x0f, 0x08, 0x00, 0x0d, 0x04, 0xb8, 0x00,
  0x0c, 0x40, 0x00, 0x04, 0x10, 0x00, 0x04, 0x40, 0x00, 0x0f, 0x68, 0x07, 0xff, 0xbe, 0x0f, 0x02,
  0x00, 0x05, 0x04, 0xf0, 0x01, 0x0c, 0x08, 0x00, 0x04, 0x10, 0x02, 0x0f, 0x08, 0x00, 0x7d, 0x04,
  0xc0, 0x02, 0x0f, 0x08, 0x00, 0x4d, 0x0f, 0x10, 0x01, 0x85, 0x0c, 0x98, 0x00, 0x0f, 0x10, 0x00,
  0x1d, 0x0c, 0x38, 0x01, 0x0f, 0xe0, 0x01, 0x0d, 0x0c, 0x60, 0x00, 0x0f, 0x08, 0x06, 0x1d, 0x0f,
  0xf0, 0x05, 0x0d, 0x04, 0x20, 0x06, 0x0f, 0x58, 0x00, 0x1d, 0x0c, 0x38, 0x00, 0x04, 0x68, 0x00,
  0x0c, 0x18, 0x00, 0x0c, 0x30, 0x07, 0x04, 0x00, 0x07, 0x0f, 0x08, 0x00, 0x0d, 0x04, 0x30, 0x07,
  0x0c, 0x40, 0x00, 0x0f, 0x10, 0x00, 0x15, 0x0c, 0x40, 0x00, 0x04, 0x10, 0x00, 0x80, 0x63, 0x57,
  0xd9, 0xff, 0x63, 0x57, 0xd9, 0xff,
};

const lv_image_dsc_t anewyear_2 = {
  .header.magic = LV_IMAGE_HEADER_MAGIC,
  .header.cf = LV_COLOR_FORMAT_ARGB8888,
  .header.flags = LV_IMAGE_FLAGS_COMPRESSED,
  .header.w = 480,
  .header.h = 800,
  .header.stride = 1920,
  .data_size = sizeof(anewyear_2_map),
  .data = anewyear_2_map,
};
