#ifdef __has_include
    #if __has_include("lvgl.h")
        #ifndef LV_LVGL_H_INCLUDE_SIMPLE
            #define LV_LVGL_H_INCLUDE_SIMPLE
        #endif
    #endif
#endif

#if defined(LV_LVGL_H_INCLUDE_SIMPLE)
    #include "lvgl.h"
#else
    #include "lvgl.h"
#endif

#ifndef LV_ATTRIBUTE_MEM_ALIGN
#define LV_ATTRIBUTE_MEM_ALIGN
#endif

#ifndef LV_ATTRIBUTE_IMAGE_HALLOWEEN_3
#define LV_ATTRIBUTE_IMAGE_HALLOWEEN_3
#endif

static const LV_ATTRIBUTE_MEM_ALIGN LV_ATTRIBUTE_LARGE_CONST LV_ATTRIBUTE_IMAGE_HALLOWEEN_3 uint8_t halloween_3_map[] = {
  0x02, 0x00, 0x00, 0x00, 0x80, 0x63, 0x00, 0x00, 0x00, 0x70, 0x17, 0x00, 0x4f, 0x2d, 0x1d, 0x1f,
  0xff, 0x04, 0x00, 0xff, 0xff, 0xff, 0xff, 0xed, 0x3f, 0x21, 0x7f, 0x84, 0x04, 0x00, 0x22, 0x3f,
  0x64, 0xb8, 0xbc, 0x04, 0x00, 0x02, 0x0f, 0x4c, 0x00, 0x21, 0x0f, 0x34, 0x00, 0x29, 0x0f, 0x84,
  0x00, 0x01, 0x08, 0x14, 0x00, 0x0f, 0x5c, 0x00, 0x29, 0x0f, 0x3c, 0x00, 0x09, 0x08, 0x64, 0x00,
  0x08, 0x0c, 0x00, 0x0f, 0x34, 0x00, 0x09, 0x0f, 0x1c, 0x00, 0x71, 0x0f, 0xec, 0x06, 0xff, 0xff,
  0xff, 0xff, 0xed, 0x0f, 0xfc, 0x04, 0x81, 0x0f, 0x14, 0x06, 0x25, 0x08, 0x74, 0x06, 0x08, 0x0c,
  0x00, 0x0f, 0x50, 0x00, 0x25, 0x0f, 0x38, 0x00, 0x25, 0x08, 0x7c, 0x00, 0x0f, 0x0c, 0x00, 0x01,
  0x0f, 0x58, 0x00, 0x25, 0x0f, 0x38, 0x00, 0x0d, 0x0f, 0x6c, 0x00, 0x01, 0x0f, 0x70, 0x00, 0x49,
  0x0f, 0x90, 0x00, 0x0d, 0x0f, 0x20, 0x00, 0x15, 0x0f, 0x84, 0x02, 0x81, 0x0f, 0x94, 0x00, 0xff,
  0xff, 0xff, 0xff, 0xe5, 0x0f, 0xb0, 0x05, 0x15, 0x0f, 0x28, 0x00, 0x0d, 0x04, 0x88, 0x06, 0x0f,
  0x28, 0x00, 0x0d, 0x0f, 0x20, 0x00, 0x25, 0x0c, 0x60, 0x00, 0x0c, 0x10, 0x00, 0x0c, 0x58, 0x00,
  0x0c, 0x20, 0x00, 0x0c, 0x10, 0x00, 0x0c, 0x30, 0x00, 0x0f, 0x10, 0x00, 0x2d, 0x0f, 0x60, 0x00,
  0x4d, 0x0f, 0xa0, 0x00, 0x2d, 0x0f, 0x40, 0x00, 0x05, 0x0f, 0xf4, 0x06, 0xff, 0xff, 0xff, 0xff,
  0xe5, 0x0f, 0xf4, 0x04, 0x79, 0x0f, 0x98, 0x05, 0x05, 0x0f, 0x18, 0x00, 0x1d, 0x0f, 0x80, 0x06,
  0x4d, 0x0c, 0x60, 0x00, 0x0c, 0x10, 0x00, 0x0c, 0xb0, 0x00, 0x0c, 0x20, 0x00, 0x0c, 0x10, 0x00,
  0x0c, 0x30, 0x00, 0x0f, 0x10, 0x00, 0x2d, 0x0f, 0x60, 0x00, 0x4d, 0x0f, 0xa0, 0x00, 0x2d, 0x0f,
  0x40, 0x00, 0x05, 0x0f, 0x8c, 0x02, 0x79, 0x0f, 0x8c, 0x00, 0xff, 0xff, 0xff, 0xff, 0xdd, 0x0f,
  0x90, 0x05, 0x05, 0x0f, 0x18, 0x00, 0x7d, 0x04, 0xd8, 0x06, 0x0f, 0x08, 0x00, 0x0d, 0x0f, 0xb8,
  0x00, 0x05, 0x0f, 0x38, 0x00, 0x05, 0x0f, 0x30, 0x00, 0x05, 0x0f, 0x18, 0x00, 0xe5, 0x0f, 0xfc,
  0x06, 0xff, 0xff, 0xff, 0xff, 0xdd, 0x0f, 0xec, 0x04, 0x71, 0x0f, 0x68, 0x06, 0x95, 0x0f, 0x40,
  0x07, 0x05, 0x0c, 0x18, 0x00, 0x0f, 0xd0, 0x00, 0x05, 0x0c, 0x28, 0x00, 0x04, 0x10, 0x00, 0x0f,
  0x30, 0x00, 0x05, 0x0f, 0x18, 0x00, 0xe5, 0x0f, 0x94, 0x02, 0x71, 0x0f, 0x84, 0x00, 0xff, 0xff,
  0xff, 0xff, 0xd5, 0x0f, 0x60, 0x06, 0x75, 0x0f, 0x08, 0x07, 0x1d, 0x0c, 0x30, 0x00, 0x0c, 0x10,
  0x00, 0x0f, 0xd8, 0x00, 0x0d, 0x0f, 0x30, 0x00, 0x1d, 0x0f, 0x50, 0x00, 0x0d, 0x0f, 0x20, 0x00,
  0xc5, 0x0f, 0x04, 0x07, 0xff, 0xff, 0xff, 0xff, 0xd5, 0x0f, 0xe4, 0x04, 0x69, 0x0f, 0x38, 0x06,
  0x75, 0x0f, 0x10, 0x07, 0x1d, 0x0c, 0x30, 0x00, 0x0c, 0x10, 0x00, 0x0f, 0xd8, 0x00, 0x0d, 0x0f,
  0x30, 0x00, 0x1d, 0x0f, 0x50, 0x00, 0x0d, 0x0f, 0x20, 0x00, 0xc5, 0x0f, 0x9c, 0x02, 0x69, 0x0f,
  0x7c, 0x00, 0xff, 0xff, 0xff, 0xff, 0xcd, 0x0f, 0x30, 0x06, 0x75, 0x04, 0x08, 0x07, 0x0c, 0x08,
  0x00, 0x0f, 0xa0, 0x00, 0x75, 0x0f, 0x88, 0x00, 0xf5, 0x0f, 0x0c, 0x07, 0xff, 0xff, 0xff, 0xff,
  0xcd, 0x0f, 0xdc, 0x04, 0x61, 0x0f, 0x58, 0x06, 0x75, 0x0c, 0x78, 0x07, 0x04, 0x10, 0x00, 0x0f,
  0xa0, 0x00, 0x75, 0x0f, 0x88, 0x00, 0xf5, 0x0f, 0xa4, 0x02, 0x61, 0x0f, 0x74, 0x00, 0xff, 0xff,
  0xff, 0xff, 0xc5, 0x04, 0x50, 0x06, 0x0f, 0xe8, 0x06, 0x3d, 0x0f, 0x50, 0x00, 0x2d, 0x0f, 0x40,
  0x00, 0x2d, 0x04, 0xd8, 0x00, 0x0f, 0x08, 0x00, 0xff, 0x4e, 0x0f, 0x14, 0x07, 0xff, 0xff, 0xff,
  0xff, 0xc5, 0x0f, 0xd4, 0x04, 0x59, 0x04, 0xa0, 0x06, 0x0f, 0xf0, 0x06, 0x3d, 0x0f, 0x50, 0x00,
  0x2d, 0x0f, 0x40, 0x00, 0x2d, 0x04, 0xd8, 0x00, 0x0f, 0x08, 0x00, 0xff, 0x4e, 0x0f, 0xac, 0x02,
  0x59, 0x0f, 0x6c, 0x00, 0xff, 0xff, 0xff, 0xff, 0xbd, 0x04, 0x98, 0x06, 0x04, 0xe8, 0x06, 0x0f,
  0x08, 0x00, 0x05, 0x04, 0x28, 0x00, 0x0f, 0x08, 0x00, 0x0d, 0x0f, 0x40, 0x00, 0x05, 0x04, 0x18,
  0x00, 0x0c, 0x40, 0x00, 0x0f, 0x18, 0x00, 0x05, 0x0c, 0x28, 0x00, 0x0f, 0x10, 0x00, 0x1d, 0x0f,
  0x58, 0x00, 0x1d, 0x0f, 0x30, 0x00, 0x1d, 0x0c, 0x90, 0x00, 0x0f, 0x40, 0x00, 0x2d, 0x0c, 0x50,
  0x00, 0x0f, 0x10, 0x00, 0xa5, 0x0f, 0x1c, 0x07, 0xff, 0xff, 0xff, 0xff, 0xbd, 0x0f, 0xcc, 0x04,
  0x51, 0x04, 0xe8, 0x05, 0x04, 0x40, 0x06, 0x0f, 0x08, 0x00, 0x05, 0x04, 0x28, 0x00, 0x0f, 0x08,
  0x00, 0x0d, 0x0f, 0x40, 0x00, 0x05, 0x04, 0x18, 0x00, 0x0c, 0x40, 0x00, 0x0f, 0x18, 0x00, 0x05,
  0x0c, 0x28, 0x00, 0x0f, 0x10, 0x00, 0x1d, 0x0f, 0x58, 0x00, 0x1d, 0x0f, 0x30, 0x00, 0x1d, 0x0c,
  0x90, 0x00, 0x0f, 0x40, 0x00, 0x2d, 0x0c, 0x50, 0x00, 0x0f, 0x10, 0x00, 0xa5, 0x0f, 0xb4, 0x02,
  0x51, 0x0f, 0x64, 0x00, 0xff, 0xff, 0xff, 0xff, 0xb5, 0x0f, 0xe0, 0x05, 0x05, 0x04, 0x48, 0x06,
  0x0f, 0x08, 0x00, 0x05, 0x04, 0x38, 0x00, 0x0f, 0x20, 0x00, 0x05, 0x0f, 0x18, 0x00, 0x05, 0x04,
  0x38, 0x00, 0x04, 0x08, 0x00, 0x0f, 0x28, 0x00, 0x15, 0x04, 0x30, 0x00, 0x0f, 0x08, 0x00, 0x0d,
  0x0f, 0x50, 0x00, 0x05, 0x04, 0x18, 0x00, 0x0f, 0x40, 0x00, 0x05, 0x04, 0x20, 0x00, 0x0c, 0x08,
  0x00, 0x0f, 0x30, 0x00, 0x05, 0x0c, 0x18, 0x00, 0x0c, 0x38, 0x00, 0x04, 0x10, 0x00, 0x0c, 0x28,
  0x00, 0x0f, 0x10, 0x00, 0xdd, 0x0f, 0x24, 0x07, 0xff, 0xff, 0xff, 0xff, 0xb5, 0x0f, 0xc4, 0x04,
  0x49, 0x0f, 0x10, 0x06, 0x05, 0x04, 0x40, 0x06, 0x0f, 0x08, 0x00, 0x05, 0x04, 0x38, 0x00, 0x0f,
  0x20, 0x00, 0x05, 0x0f, 0x18, 0x00, 0x05, 0x04, 0x38, 0x00, 0x04, 0x08, 0x00, 0x0f, 0x28, 0x00,
  0x15, 0x04, 0x30, 0x00, 0x0f, 0x08, 0x00, 0x0d, 0x0f, 0x50, 0x00, 0x05, 0x04, 0x18, 0x00, 0x0f,
  0x40, 0x00, 0x05, 0x04, 0x20, 0x00, 0x0c, 0x08, 0x00, 0x0f, 0x30, 0x00, 0x05, 0x0c, 0x18, 0x00,
  0x0c, 0x38, 0x00, 0x04, 0x10, 0x00, 0x0c, 0x28, 0x00, 0x0f, 0x10, 0x00, 0xdd, 0x0f, 0xbc, 0x02,
  0x49, 0x0f, 0x5c, 0x00, 0xff, 0xff, 0xff, 0xff, 0xad, 0x0f, 0x08, 0x06, 0x1d, 0x04, 0x50, 0x06,
  0x0f, 0x08, 0x00, 0x1d, 0x0f, 0x68, 0x00, 0x15, 0x04, 0x58, 0x00, 0x0f, 0x30, 0x00, 0x15, 0x0c,
  0x28, 0x00, 0x04, 0x40, 0x00, 0x0f, 0x08, 0x00, 0x05, 0x0c, 0x30, 0x00, 0x0f, 0x10, 0x00, 0x05,
  0x04, 0x40, 0x00, 0x0f, 0x20, 0x00, 0x05, 0x0f, 0x18, 0x00, 0x0d, 0x0f, 0x40, 0x00, 0x2d, 0x0f,
  0x60, 0x00, 0x0d, 0x0f, 0x20, 0x00, 0xa5, 0x0f, 0x2c, 0x07, 0xff, 0xff, 0xff, 0xff, 0xad, 0x0f,
  0xbc, 0x04, 0x41, 0x0f, 0xc8, 0x05, 0x1d, 0x04, 0x58, 0x06, 0x0f, 0x08, 0x00, 0x1d, 0x0f, 0x68,
  0x00, 0x15, 0x04, 0x58, 0x00, 0x0f, 0x30, 0x00, 0x15, 0x0c, 0x28, 0x00, 0x04, 0x40, 0x00, 0x0f,
  0x08, 0x00, 0x05, 0x0c, 0x30, 0x00, 0x0f, 0x10, 0x00, 0x05, 0x04, 0x40, 0x00, 0x0f, 0x20, 0x00,
  0x05, 0x0f, 0x18, 0x00, 0x0d, 0x0f, 0x40, 0x00, 0x2d, 0x0f, 0x60, 0x00, 0x0d, 0x0f, 0x20, 0x00,
  0xa5, 0x0f, 0xc4, 0x02, 0x41, 0x0f, 0x54, 0x00, 0xff, 0xff, 0xff, 0xff, 0xa5, 0x0f, 0xc0, 0x05,
  0x25, 0x04, 0x58, 0x06, 0x0f, 0x08, 0x00, 0x0d, 0x0c, 0x60, 0x00, 0x04, 0x30, 0x00, 0x0c, 0x18,
  0x00, 0x0f, 0x10, 0x00, 0x45, 0x0f, 0x70, 0x00, 0x4d, 0x0f, 0x60, 0x00, 0x4d, 0x0f, 0x18, 0x01,
  0x45, 0x0f, 0x58, 0x00, 0x75, 0x0f, 0x34, 0x07, 0xff, 0xff, 0xff, 0xff, 0xa5, 0x0f, 0xb4, 0x04,
  0x39, 0x0f, 0x88, 0x05, 0x25, 0x04, 0x78, 0x06, 0x0f, 0x08, 0x00, 0x0d, 0x0c, 0x60, 0x00, 0x04,
  0x30, 0x00, 0x0c, 0x18, 0x00, 0x0f, 0x10, 0x00, 0x45, 0x0f, 0x70, 0x00, 0x4d, 0x0f, 0x60, 0x00,
  0x4d, 0x0f, 0x18, 0x01, 0x45, 0x0f, 0x58, 0x00, 0x75, 0x0f, 0xcc, 0x02, 0x39, 0x0f, 0x4c, 0x00,
  0xff, 0xff, 0xff, 0xff, 0xa5, 0x0f, 0x88, 0x05, 0x2d, 0x0f, 0x80, 0x06, 0x15, 0x04, 0x28, 0x00,
  0x0c, 0x08, 0x00, 0x0f, 0x80, 0x00, 0x2d, 0x04, 0x40, 0x00, 0x04, 0x58, 0x00, 0x04, 0x10, 0x00,
  0x0f, 0x08, 0x00, 0x25, 0x0f, 0x48, 0x00, 0x15, 0x04, 0x28, 0x00, 0x0c, 0x08, 0x00, 0x0f, 0x78,
  0x00, 0x25, 0x0f, 0x38, 0x00, 0xe5, 0x0f, 0x34, 0x07, 0xff, 0xff, 0xff, 0xff, 0xa5, 0x0f, 0xb4,
  0x04, 0x39, 0x0f, 0xf8, 0x05, 0x2d, 0x04, 0x80, 0x06, 0x0f, 0x48, 0x00, 0x0d, 0x04, 0x28, 0x00,
  0x0c, 0x08, 0x00, 0x0f, 0x38, 0x00, 0x0d, 0x0f, 0x20, 0x00, 0x15, 0x04, 0x58, 0x00, 0x0f, 0x30,
  0x00, 0x15, 0x0f, 0x28, 0x00, 0x05, 0x0f, 0x48, 0x00, 0x15, 0x04, 0x28, 0x00, 0x0c, 0x08, 0x00,
  0x0f, 0x58, 0x00, 0x05, 0x0f, 0x18, 0x00, 0xff, 0x06, 0x0f, 0xcc, 0x02, 0x39, 0x0f, 0x4c, 0x00,
  0xff, 0xff, 0xff, 0xff, 0x9d, 0x0f, 0x10, 0x06, 0x65, 0x04, 0xb0, 0x06, 0x0f, 0x80, 0x00, 0x35,
  0x04, 0x50, 0x00, 0x0f, 0x08, 0x00, 0x05, 0x0f, 0x68, 0x00, 0x15, 0x0f, 0x40, 0x00, 0x25, 0x0f,
  0x38, 0x00, 0x25, 0x0f, 0x98, 0x00, 0x15, 0x0f, 0x28, 0x00, 0xd5, 0x0f, 0x3c, 0x07, 0xff, 0xff,
  0xff, 0xff, 0x9d, 0x0f, 0xac, 0x04, 0x31, 0x0f, 0xd8, 0x05, 0x65, 0x04, 0xb0, 0x06, 0x0f, 0x80,
  0x00, 0x35, 0x04, 0x50, 0x00, 0x0f, 0x08, 0x00, 0x05, 0x0f, 0x68, 0x00, 0x15, 0x0f, 0x40, 0x00,
  0x25, 0x0f, 0x38, 0x00, 0x25, 0x0f, 0x98, 0x00, 0x15, 0x0f, 0x28, 0x00, 0xd5, 0x0f, 0xd4, 0x02,
  0x31, 0x0f, 0x44, 0x00, 0xff, 0xff, 0xff, 0xff, 0x95, 0x0f, 0xd0, 0x05, 0x0d, 0x04, 0x50, 0x06,
  0x0f, 0x28, 0x00, 0x0d, 0x0f, 0x20, 0x00, 0x7d, 0x04, 0xb8, 0x00, 0x0f, 0x08, 0x00, 0x05, 0x0f,
  0xb0, 0x00, 0x15, 0x04, 0x40, 0x00, 0x0f, 0x30, 0x00, 0x15, 0x04, 0x28, 0x00, 0x0f, 0x38, 0x00,
  0x25, 0x04, 0x40, 0x00, 0x0f, 0x08, 0x00, 0xf5, 0x0f, 0x44, 0x07, 0xff, 0xff, 0xff, 0xff, 0x95,
  0x0f, 0xa4, 0x04, 0x29, 0x0f, 0xe8, 0x05, 0x0d, 0x0f, 0x48, 0x06, 0xa5, 0x04, 0xb8, 0x00, 0x0f,
  0x08, 0x00, 0x05, 0x0f, 0xf8, 0x00, 0x0d, 0x04, 0x20, 0x00, 0x04, 0x40, 0x00, 0x04, 0x10, 0x00,
  0x0f, 0x08, 0x00, 0x15, 0x0f, 0x38, 0x00, 0x25, 0x0f, 0x60, 0x00, 0x15, 0x0f, 0x28, 0x00, 0xd5,
  0x0f, 0xdc, 0x02, 0x29, 0x0f, 0x3c, 0x00, 0xff, 0xff, 0xff, 0xff, 0x8d, 0x0f, 0xc0, 0x05, 0x0d,
  0x04, 0x40, 0x06, 0x0c, 0x08, 0x00, 0x0f, 0x38, 0x00, 0x0d, 0x0f, 0x20, 0x00, 0x0d, 0x04, 0x50,
  0x00, 0x0f, 0x28, 0x00, 0x0d, 0x0f, 0x20, 0x00, 0x0d, 0x0f, 0x48, 0x00, 0x1d, 0x0f, 0x30, 0x00,
  0x1d, 0x0f, 0x80, 0x00, 0x0d, 0x0f, 0x20, 0x00, 0x05, 0x04, 0x68, 0x00, 0x0c, 0x08, 0x00, 0x0f,
  0x30, 0x00, 0x05, 0x0f, 0x18, 0x00, 0xff, 0x16, 0x0f, 0x4c, 0x07, 0xff, 0xff, 0xff, 0xff, 0x8d,
  0x0f, 0x9c, 0x04, 0x21, 0x0f, 0xf8, 0x05, 0x0d, 0x0c, 0x40, 0x06, 0x04, 0x10, 0x00, 0x0f, 0x38,
  0x00, 0x0d, 0x0f, 0x20, 0x00, 0x0d, 0x0f, 0x48, 0x00, 0x65, 0x0f, 0x78, 0x00, 0x35, 0x0f, 0xe0,
  0x00, 0x15, 0x04, 0x70, 0x00, 0x04, 0x08, 0x00, 0x0f, 0x38, 0x00, 0x0d, 0x0f, 0x20, 0x00, 0xff,
  0x0e, 0x0f, 0xe4, 0x02, 0x21, 0x0f, 0x34, 0x00, 0xff, 0xff, 0xff, 0xff, 0x8d, 0x0f, 0xf0, 0x05,
  0x15, 0x0f, 0x40, 0x06, 0x35, 0x04, 0x48, 0x00, 0x0c, 0x08, 0x00, 0x0f, 0x88, 0x00, 0x15, 0x04,
  0x28, 0x00, 0x0c, 0x40, 0x00, 0x04, 0x10, 0x00, 0x04, 0x20, 0x00, 0x04, 0x08, 0x00, 0x0f, 0x18,
  0x00, 0x05, 0x04, 0x20, 0x00, 0x0f, 0x08, 0x00, 0x4d, 0x0f, 0x80, 0x00, 0x6d, 0x0f, 0xe0, 0x00,
  0x4d, 0x0f, 0x60, 0x00, 0x5d, 0x0f, 0x4c, 0x07, 0xff, 0xff, 0xff, 0xff, 0x8d, 0x0f, 0x9c, 0x04,
  0x21, 0x0f, 0x40, 0x05, 0x15, 0x0f, 0x48, 0x06, 0x35, 0x04, 0x48, 0x00, 0x0c, 0x08, 0x00, 0x0f,
  0x88, 0x00, 0x15, 0x04, 0x28, 0x00, 0x0c, 0x40, 0x00, 0x04, 0x10, 0x00, 0x04, 0x20, 0x00, 0x04,
  0x08, 0x00, 0x0f, 0x18, 0x00, 0x05, 0x04, 0x20, 0x00, 0x0f, 0x08, 0x00, 0x4d, 0x0f, 0x80, 0x00,
  0x6d, 0x0f, 0xe0, 0x00, 0x4d, 0x0f, 0x60, 0x00, 0x5d, 0x0f, 0xe4, 0x02, 0x21, 0x0f, 0x34, 0x00,
  0xff, 0xff, 0xff, 0xff, 0x85, 0x0f, 0x38, 0x05, 0x5d, 0x0c, 0x70, 0x00, 0x0f, 0x98, 0x06, 0x05,
  0x0f, 0x18, 0x00, 0x05, 0x0c, 0x40, 0x00, 0x04, 0x10, 0x00, 0x0f, 0x30, 0x00, 0x05, 0x04, 0x18,
  0x00, 0x0c, 0x08, 0x00, 0x04, 0x38, 0x00, 0x0f, 0x08, 0x00, 0xff, 0xae, 0x0f, 0x54, 0x07, 0xff,
  0xff, 0xff, 0xff, 0x85, 0x0f, 0x94, 0x04, 0x19, 0x0f, 0x80, 0x06, 0x6d, 0x04, 0x18, 0x07, 0x0c,
  0x88, 0x00, 0x0f, 0x18, 0x00, 0x05, 0x0c, 0x28, 0x00, 0x04, 0x10, 0x00, 0x0f, 0x30, 0x00, 0x05,
  0x04, 0x18, 0x00, 0x0c, 0x08, 0x00, 0x04, 0x38, 0x00, 0x0f, 0x08, 0x00, 0xff, 0xae, 0x0f, 0xec,
  0x02, 0x19, 0x0f, 0x2c, 0x00, 0xff, 0xff, 0xff, 0xff, 0x85, 0x0f, 0x80, 0x06, 0x7d, 0x0c, 0x28,
  0x07, 0x04, 0x10, 0x00, 0x0f, 0xa8, 0x00, 0x2d, 0x0f, 0x48, 0x00, 0x35, 0x0f, 0x88, 0x00, 0x1d,
  0x0f, 0x78, 0x00, 0x65, 0x0f, 0xa8, 0x00, 0x1d, 0x0f, 0x30, 0x00, 0xa5, 0x0f, 0x54, 0x07, 0xff,
  0xff, 0xff, 0xff, 0x85, 0x0f, 0x94, 0x04, 0x19, 0x0f, 0x78, 0x05, 0x7d, 0x04, 0xb0, 0x06, 0x0c,
  0x08, 0x00, 0x0f, 0xa8, 0x00, 0x2d, 0x04, 0x50, 0x00, 0x0f, 0x48, 0x00, 0x2d, 0x0f, 0x40, 0x00,
  0x1d, 0x0f, 0x78, 0x00, 0x65, 0x0f, 0xa8, 0x00, 0x1d, 0x0f, 0x30, 0x00, 0xa5, 0x0f, 0xec, 0x02,
  0x19, 0x0f, 0x2c, 0x00, 0xff, 0xff, 0xff, 0xff, 0x7d, 0x0f, 0x70, 0x05, 0x8d, 0x0f, 0xb8, 0x06,
  0xad, 0x04, 0xc0, 0x00, 0x0c, 0x08, 0x00, 0x0f, 0x78, 0x01, 0x8d, 0x0f, 0xa0, 0x00, 0xa5, 0x0f,
  0x5c, 0x07, 0xff, 0xff, 0xff, 0xff, 0x7d, 0x0f, 0x8c, 0x04, 0x11, 0x0f, 0x68, 0x05, 0x8d, 0x04,
  0xb8, 0x06, 0x0f, 0xa8, 0x00, 0x8d, 0x0f, 0xa0, 0x00, 0x05, 0x04, 0xc0, 0x00, 0x0c, 0x08, 0x00,
  0x0f, 0x30, 0x00, 0x05, 0x0f, 0x18, 0x00, 0xff, 0x2e, 0x0f, 0xf4, 0x02, 0x11, 0x0f, 0x24, 0x00,
  0xff, 0xff, 0xff, 0xff, 0x75, 0x0f, 0xe8, 0x05, 0x25, 0x04, 0x48, 0x06, 0x0f, 0x40, 0x00, 0x25,
  0x0f, 0x38, 0x00, 0x1d, 0x0f, 0x70, 0x00, 0x5d, 0x0f, 0xa0, 0x00, 0x1d, 0x0f, 0x30, 0x00, 0x15,
  0x0f, 0xc8, 0x00, 0xb5, 0x0f, 0xf0, 0x00, 0x15, 0x0f, 0x28, 0x00, 0x6d, 0x0f, 0x64, 0x07, 0xff,
  0xff, 0xff, 0xff, 0x75, 0x0f, 0x84, 0x04, 0x09, 0x0f, 0x20, 0x05, 0x25, 0x0f, 0x48, 0x06, 0x5d,
  0x0f, 0x70, 0x00, 0x5d, 0x0f, 0x18, 0x01, 0x25, 0x0f, 0x38, 0x00, 0x0d, 0x0f, 0xc8, 0x00, 0xb5,
  0x0f, 0xe8, 0x00, 0x0d, 0x0f, 0x20, 0x00, 0x75, 0x0f, 0xfc, 0x02, 0x09, 0x0f, 0x1c, 0x00, 0xff,
  0xff, 0xff, 0xff, 0x75, 0x0f, 0x28, 0x05, 0x1d, 0x04, 0x40, 0x06, 0x0c, 0x08, 0x00, 0x0f, 0x48,
  0x00, 0x1d, 0x0f, 0x30, 0x00, 0x15, 0x0c, 0x68, 0x00, 0x04, 0x10, 0x00, 0x0f, 0x40, 0x00, 0x15,
  0x0f, 0x28, 0x00, 0xff, 0xee, 0x0f, 0x64, 0x07, 0xff, 0xff, 0xff, 0xff, 0x75, 0x0f, 0x84, 0x04,
  0x09, 0x0f, 0xa0, 0x06, 0x1d, 0x04, 0x00, 0x07, 0x0c, 0x08, 0x00, 0x0f, 0x48, 0x00, 0x1d, 0x0f,
  0x30, 0x00, 0x15, 0x0c, 0x68, 0x00, 0x04, 0x10, 0x00, 0x0f, 0x40, 0x00, 0x15, 0x0f, 0x28, 0x00,
  0xff, 0xee, 0x0f, 0xfc, 0x02, 0x09, 0x0f, 0x1c, 0x00, 0xff, 0xff, 0xff, 0xff, 0x75, 0x0f, 0xa0,
  0x06, 0x25, 0x0c, 0x08, 0x07, 0x0c, 0x10, 0x00, 0x0f, 0x58, 0x00, 0x05, 0x04, 0x28, 0x00, 0x04,
  0x08, 0x00, 0x0f, 0x28, 0x00, 0x05, 0x04, 0x18, 0x00, 0x04, 0x28, 0x00, 0x0f, 0x08, 0x00, 0x05,
  0x04, 0x28, 0x00, 0x0f, 0x08, 0x00, 0x25, 0x04, 0x58, 0x00, 0x0f, 0x40, 0x00, 0x25, 0x0f, 0x38,
  0x00, 0xff, 0x8e, 0x0f, 0x64, 0x07, 0xff, 0xff, 0xff, 0xff, 0x75, 0x0f, 0x84, 0x04, 0x09, 0x0f,
  0x40, 0x06, 0x25, 0x0c, 0xb8, 0x06, 0x0c, 0x10, 0x00, 0x0f, 0x58, 0x00, 0x05, 0x04, 0x28, 0x00,
  0x04, 0x08, 0x00, 0x0f, 0x28, 0x00, 0x05, 0x04, 0x18, 0x00, 0x04, 0x28, 0x00, 0x0f, 0x08, 0x00,
  0x05, 0x04, 0x28, 0x00, 0x0f, 0x08, 0x00, 0x25, 0x04, 0x58, 0x00, 0x0f, 0x40, 0x00, 0x25, 0x0f,
  0x38, 0x00, 0xff, 0x8e, 0x0f, 0xfc, 0x02, 0x09, 0x0f, 0x1c, 0x00, 0xff, 0xff, 0xff, 0xff, 0x6d,
  0x0f, 0x38, 0x06, 0x2d, 0x04, 0xb8, 0x06, 0x0f, 0x08, 0x00, 0x05, 0x0c, 0x60, 0x00, 0x0f, 0x28,
  0x00, 0x05, 0x04, 0x18, 0x00, 0x0f, 0x30, 0x00, 0x2d, 0x0c, 0x40, 0x00, 0x0f, 0x10, 0x00, 0x0d,
  0x04, 0x78, 0x00, 0x0c, 0x08, 0x00, 0x0f, 0x38, 0x00, 0x0d, 0x0f, 0x20, 0x00, 0xff, 0xa6, 0x0f,
  0x6c, 0x07, 0xff, 0xff, 0xff, 0xff, 0x6d, 0x0f, 0x7c, 0x04, 0x01, 0x0f, 0x48, 0x06, 0x2d, 0x0c,
  0xb8, 0x06, 0x0c, 0x10, 0x00, 0x0c, 0x60, 0x00, 0x0c, 0x20, 0x00, 0x0c, 0x10, 0x00, 0x0f, 0x30,
  0x00, 0x2d, 0x0c, 0x40, 0x00, 0x0f, 0x10, 0x00, 0x0d, 0x0c, 0x80, 0x00, 0x04, 0x10, 0x00, 0x0f,
  0x38, 0x00, 0x0d, 0x0f, 0x20, 0x00, 0xff, 0xa6, 0x0f, 0x04, 0x03, 0x01, 0x0f, 0x14, 0x00, 0xff,
  0xff, 0xff, 0xff, 0x6d, 0x0f, 0x48, 0x06, 0x25, 0x04, 0xa8, 0x06, 0x0f, 0x08, 0x00, 0x05, 0x0f,
  0x58, 0x00, 0x0d, 0x0c, 0x38, 0x00, 0x0f, 0x30, 0x00, 0x1d, 0x0f, 0x40, 0x00, 0x05, 0x04, 0x18,
  0x00, 0x0f, 0x50, 0x00, 0x0d, 0x0c, 0x20, 0x00, 0x0f, 0x38, 0x00, 0x25, 0x0c, 0x48, 0x00, 0x0f,
  0x10, 0x00, 0xff, 0x8e, 0x0f, 0x6c, 0x07, 0xff, 0xff, 0xff, 0xff, 0x6d, 0x0f, 0x7c, 0x04, 0x01,
  0x0f, 0x30, 0x06, 0x25, 0x04, 0xb0, 0x06, 0x0f, 0x08, 0x00, 0x05, 0x0f, 0x58, 0x00, 0x0d, 0x0c,
  0x38, 0x00, 0x0f, 0x30, 0x00, 0x1d, 0x0f, 0x40, 0x00, 0x05, 0x04, 0x18, 0x00, 0x0f, 0x50, 0x00,
  0x0d, 0x0c, 0x20, 0x00, 0x0f, 0x38, 0x00, 0x25, 0x0c, 0x48, 0x00, 0x0f, 0x10, 0x00, 0xff, 0x8e,
  0x0f, 0x04, 0x03, 0x01, 0x0f, 0x14, 0x00, 0xff, 0xff, 0xff, 0xff, 0x65, 0x0f, 0x28, 0x06, 0x35,
  0x0f, 0xb8, 0x06, 0x65, 0x0c, 0x78, 0x00, 0x04, 0x10, 0x00, 0x0c, 0x08, 0x00, 0x0f, 0xe8, 0x00,
  0x35, 0x0f, 0x48, 0x00, 0xff, 0xbe, 0x0f, 0x74, 0x07, 0xff, 0xff, 0xff, 0xff, 0x65, 0x08, 0x74,
  0x04, 0x0f, 0x50, 0x06, 0x35, 0x04, 0xf0, 0x06, 0x0f, 0x50, 0x00, 0x35, 0x0f, 0x48, 0x00, 0x15,
  0x0c, 0x78, 0x00, 0x04, 0x10, 0x00, 0x0c, 0x08, 0x00, 0x0f, 0x50, 0x00, 0x15, 0x0f, 0x28, 0x00,
  0xff, 0xde, 0x08, 0x0c, 0x03, 0x0f, 0x0c, 0x00, 0xff, 0xff, 0xff, 0xff, 0x65, 0x0f, 0x70, 0x06,
  0x7d, 0x0f, 0x38, 0x07, 0x2d, 0x0c, 0x40, 0x00, 0x04, 0x10, 0x00, 0x0f, 0xe8, 0x00, 0x7d, 0x0f,
  0x90, 0x00, 0xff, 0x0e, 0x0f, 0xb8, 0x01, 0x55, 0x0f, 0x74, 0x07, 0xff, 0xff, 0xff, 0xff, 0x65,
  0x08, 0x74, 0x04, 0x0f, 0x08, 0x06, 0x7d, 0x04, 0x78, 0x05, 0x04, 0x08, 0x00, 0x0f, 0xa0, 0x00,
  0x1d, 0x04, 0x38, 0x00, 0x0c, 0x08, 0x00, 0x0f, 0x48, 0x00, 0x1d, 0x0f, 0x30, 0x00, 0xff, 0x6e,
  0x04, 0xc0, 0x01, 0x0f, 0x88, 0x01, 0x4d, 0x08, 0x0c, 0x03, 0x0f, 0x0c, 0x00, 0xff, 0xff, 0xff,
  0xff, 0x65, 0x0f, 0xe0, 0x04, 0x4d, 0x0f, 0x60, 0x00, 0x15, 0x04, 0x70, 0x05, 0x0f, 0x08, 0x00,
  0x0d, 0x0f, 0x50, 0x00, 0x1d, 0x0f, 0x30, 0x00, 0x15, 0x0f, 0x28, 0x00, 0xff, 0x76, 0x0f, 0x00,
  0x02, 0x05, 0x0f, 0xa0, 0x01, 0x45, 0x0f, 0x74, 0x07, 0xff, 0xff, 0xff, 0xff, 0x65, 0x08, 0x74,
  0x04, 0x0f, 0xd8, 0x04, 0x45, 0x0f, 0x58, 0x00, 0x1d, 0x0f, 0x78, 0x05, 0x05, 0x0c, 0x18, 0x00,
  0x0f, 0x58, 0x00, 0x15, 0x04, 0x38, 0x00, 0x0f, 0x30, 0x00, 0x15, 0x0f, 0x28, 0x00, 0xff, 0x76,
  0x04, 0xb8, 0x01, 0x0c, 0x08, 0x00, 0x0f, 0xa0, 0x01, 0x45, 0x08, 0x0c, 0x03, 0x0f, 0x0c, 0x00,
  0xff, 0xff, 0xff, 0xff, 0x5d, 0x0f, 0xd0, 0x04, 0x45, 0x0f, 0x58, 0x00, 0x2d, 0x0c, 0x78, 0x05,
  0x0f, 0x10, 0x00, 0x05, 0x0f, 0x68, 0x00, 0x2d, 0x0f, 0x40, 0x00, 0xfd, 0x04, 0x68, 0x01, 0x0f,
  0x18, 0x01, 0x75, 0x0f, 0x90, 0x00, 0x5d, 0x0f, 0x7c, 0x07, 0xff, 0xff, 0xff, 0xff, 0x5d, 0x0f,
  0x80, 0x07, 0xff, 0xff, 0xff, 0xff, 0xff, 0xff, 0xff, 0xd8, 0x0f, 0xc0, 0x0c, 0x25, 0x04, 0x38,
  0x00, 0x0f, 0x08, 0x00, 0x15, 0x0f, 0xb0, 0x0d, 0x75, 0x0f, 0x88, 0x00, 0xa5, 0x0f, 0x68, 0x01,
  0x05, 0x0f, 0xd0, 0x00, 0x45, 0x04, 0x70, 0x00, 0x0f, 0x60, 0x00, 0x45, 0x0f, 0x58, 0x00, 0x25,
  0x0f, 0x00, 0x0f, 0xff, 0xff, 0xff, 0xff, 0xc1, 0x0f, 0x68, 0x05, 0x25, 0x04, 0x38, 0x00, 0x0f,
  0x08, 0x00, 0x15, 0x0f, 0x70, 0x05, 0x25, 0x0f, 0x38, 0x00, 0xf5, 0x0f, 0x68, 0x01, 0x05, 0x0f,
  0x20, 0x01, 0x45, 0x04, 0x70, 0x00, 0x0f, 0x60, 0x00, 0x45, 0x0f, 0x58, 0x00, 0x25, 0x0f, 0x80,
  0x07, 0xff, 0xff, 0xff, 0xff, 0xb9, 0x04, 0x60, 0x05, 0x0c, 0x08, 0x00, 0x0f, 0x18, 0x05, 0x1d,
  0x04, 0x40, 0x00, 0x0c, 0x38, 0x00, 0x0f, 0x18, 0x00, 0x05, 0x0c, 0x28, 0x00, 0x0f, 0x10, 0x00,
  0xff, 0x1e, 0x0f, 0x58, 0x01, 0x35, 0x0f, 0x48, 0x00, 0x05, 0x04, 0x18, 0x00, 0x0c, 0x08, 0x00,
  0x0f, 0xa8, 0x01, 0x75, 0x0f, 0x80, 0x07, 0xff, 0xff, 0xff, 0xff, 0xff, 0xff, 0xff, 0xff, 0xff,
  0xff, 0xff, 0xe0, 0x0f, 0x70, 0x0c, 0x55, 0x04, 0xe8, 0x0c, 0x0f, 0x70, 0x00, 0x35, 0x04, 0x50,
  0x00, 0x0c, 0x08, 0x00, 0x0f, 0x60, 0x00, 0x35, 0x0f, 0x48, 0x00, 0xff, 0x2e, 0x0c, 0x98, 0x01,
  0x04, 0x10, 0x00, 0x0c, 0x58, 0x01, 0x0f, 0x18, 0x00, 0x05, 0x0c, 0x28, 0x00, 0x0f, 0x10, 0x00,
  0x35, 0x0f, 0x70, 0x00, 0x15, 0x0f, 0x00, 0x0f, 0xff, 0xff, 0xff, 0xff, 0x59, 0x0f, 0xd8, 0x04,
  0x35, 0x0f, 0x48, 0x00, 0x0d, 0x0f, 0xf8, 0x04, 0x15, 0x0f, 0x48, 0x00, 0x0d, 0x04, 0x20, 0x00,
  0x04, 0x50, 0x00, 0x0c, 0x08, 0x00, 0x04, 0x20, 0x00, 0x0f, 0x08, 0x00, 0xff, 0x6e, 0x0c, 0x98,
  0x01, 0x04, 0x10, 0x00, 0x0c, 0x98, 0x01, 0x0f, 0x18, 0x00, 0x05, 0x0c, 0x28, 0x00, 0x0f, 0x10,
  0x00, 0x35, 0x0f, 0x70, 0x00, 0x15, 0x0f, 0x80, 0x07, 0xff, 0xff, 0xff, 0xff, 0xc1, 0x0f, 0x40,
  0x05, 0x2d, 0x0f, 0x38, 0x05, 0x05, 0x0f, 0x18, 0x00, 0x05, 0x0f, 0x70, 0x00, 0x2d, 0x0f, 0x40,
  0x00, 0xff, 0x36, 0x0f, 0xa0, 0x01, 0x75, 0x04, 0x88, 0x00, 0x0c, 0x08, 0x00, 0x0f, 0xe8, 0x01,
  0x05, 0x0f, 0x80, 0x07, 0xff, 0xff, 0xff, 0xff, 0xff, 0xff, 0xff, 0xff, 0xff, 0xff, 0xff, 0xff,
  0x81, 0x0c, 0xb0, 0x0c, 0x04, 0x10, 0x00, 0x0f, 0xb8, 0x0c, 0x05, 0x0f, 0x18, 0x00, 0xff, 0xff,
  0x0f, 0x0f, 0x40, 0x02, 0x15, 0x0f, 0x00, 0x0f, 0xff, 0xff, 0xff, 0xff, 0xf9, 0x04, 0x30, 0x05,
  0x0c, 0x08, 0x00, 0x0f, 0x68, 0x07, 0xff, 0xff, 0x0f, 0x0f, 0x20, 0x02, 0x05, 0x04, 0x48, 0x02,
  0x0f, 0x20, 0x00, 0x05, 0x04, 0x18, 0x00, 0x0f, 0x80, 0x07, 0xff, 0xff, 0xff, 0xff, 0xf9, 0x04,
  0x10, 0x05, 0x0f, 0x38, 0x05, 0x15, 0x04, 0x30, 0x00, 0x0f, 0x08, 0x00, 0xff, 0x7e, 0x04, 0xc0,
  0x01, 0x04, 0x08, 0x00, 0x0f, 0xa0, 0x01, 0x05, 0x0f, 0x20, 0x00, 0x0d, 0x0c, 0x38, 0x00, 0x0f,
  0x30, 0x00, 0x1d, 0x0c, 0x40, 0x00, 0x0f, 0x10, 0x00, 0x05, 0x0f, 0x80, 0x07, 0xff, 0xff, 0xff,
  0xff, 0xff, 0xff, 0xff, 0xff, 0xff, 0xff, 0xff, 0xff, 0x89, 0x0f, 0xa8, 0x0c, 0x05, 0x0f, 0x18,
  0x00, 0xff, 0x8e, 0x04, 0xa0, 0x0e, 0x0f, 0x08, 0x00, 0x05, 0x04, 0xc0, 0x01, 0x0f, 0x20, 0x00,
  0x0d, 0x04, 0x28, 0x00, 0x04, 0x08, 0x00, 0x0f, 0x30, 0x00, 0x1d, 0x04, 0x38, 0x00, 0x0f, 0x08,
  0x00, 0x15, 0x0f, 0x00, 0x0f, 0xff, 0xff, 0xff, 0xff, 0xff, 0x02, 0x0f, 0x38, 0x05, 0x15, 0x0f,
  0x28, 0x00, 0xff, 0x7e, 0x0f, 0x28, 0x07, 0x05, 0x04, 0x18, 0x00, 0x04, 0xb0, 0x01, 0x04, 0x10,
  0x00, 0x0c, 0x08, 0x00, 0x04, 0x20, 0x00, 0x0c, 0x08, 0x00, 0x0c, 0x28, 0x00, 0x04, 0x10, 0x00,
  0x0c, 0x28, 0x00, 0x0f, 0x10, 0x00, 0x25, 0x0f, 0x80, 0x07, 0xff, 0xff, 0xff, 0xff, 0x51, 0x0f,
  0x98, 0x04, 0x25, 0x0f, 0x38, 0x00, 0x8d, 0x0f, 0x88, 0x05, 0x3d, 0x0f, 0xf0, 0x00, 0x8d, 0x0f,
  0xa0, 0x00, 0x8d, 0x04, 0x90, 0x01, 0x0f, 0x08, 0x00, 0x1d, 0x0f, 0xd8, 0x00, 0x15, 0x04, 0x58,
  0x00, 0x0f, 0x30, 0x00, 0x15, 0x0f, 0x28, 0x00, 0x15, 0x0f, 0x80, 0x07, 0xff, 0xff, 0xff, 0xff,
  0xff, 0xff, 0xff, 0xff, 0xff, 0xff, 0xff, 0xff, 0xa9, 0x04, 0x08, 0x0d, 0x0c, 0x08, 0x00, 0x0f,
  0xf0, 0x0c, 0x15, 0x0f, 0x28, 0x00, 0xff, 0x4e, 0x0c, 0x98, 0x01, 0x0f, 0x10, 0x00, 0x15, 0x0f,
  0x98, 0x01, 0x65, 0x0f, 0x00, 0x0f, 0xff, 0xff, 0xff, 0xff, 0xff, 0x22, 0x0f, 0xd0, 0x05, 0x05,
  0x0f, 0xc0, 0x05, 0x65, 0x0f, 0x78, 0x00, 0xfd, 0x0f, 0xa0, 0x01, 0x05, 0x0f, 0x18, 0x00, 0x0d,
  0x0f, 0x48, 0x01, 0x65, 0x0f, 0x80, 0x07, 0xff, 0xff, 0xff, 0xff, 0xff, 0x22, 0x04, 0xa8, 0x05,
  0x04, 0xd0, 0x05, 0x04, 0x10, 0x00, 0x0f, 0x08, 0x00, 0xff, 0x7e, 0x04, 0xa0, 0x01, 0x0f, 0x08,
  0x00, 0x0d, 0x0f, 0xb8, 0x01, 0x6d, 0x0f, 0x80, 0x07, 0xff, 0xff, 0xff, 0xff, 0xff, 0xff, 0xff,
  0xff, 0xff, 0xff, 0xff, 0xff, 0x81, 0x0c, 0x28, 0x0d, 0x0f, 0x18, 0x0d, 0x6d, 0x0f, 0x80, 0x00,
  0xff, 0x36, 0x0f, 0xd8, 0x01, 0x8d, 0x0f, 0x00, 0x0f, 0xff, 0xff, 0xff, 0xff, 0xf9, 0x0f, 0xa8,
  0x05, 0x8d, 0x0f, 0x90, 0x07, 0xff, 0x26, 0x0f, 0xd8, 0x01, 0x8d, 0x0f, 0x80, 0x07, 0xff, 0x3e,
  0x39, 0x00, 0x00, 0x00, 0x04, 0x00, 0x0f, 0x60, 0x01, 0xff, 0x3e, 0x0f, 0x50, 0x01, 0xff, 0x9e,
  0x0f, 0x38, 0x06, 0x8d, 0x0c, 0xa0, 0x05, 0x0c, 0x10, 0x00, 0x0f, 0xc0, 0x00, 0x8d, 0x0f, 0xa0,
  0x00, 0xff, 0xae, 0x0f, 0xd0, 0x04, 0xff, 0x3e, 0x08, 0x7c, 0x07, 0x3f, 0x00, 0x00, 0x00, 0x60,
  0x01, 0xff, 0x3f, 0x0f, 0x50, 0x01, 0xff, 0x9e, 0x0f, 0x20, 0x06, 0x8d, 0x0c, 0x70, 0x07, 0x0c,
  0x10, 0x00, 0x0f, 0xc0, 0x00, 0x8d, 0x0f, 0xa0, 0x00, 0xff, 0xae, 0x0f, 0xd0, 0x04, 0xff, 0x36,
  0x0c, 0x78, 0x07, 0x0c, 0x10, 0x00, 0x0f, 0x68, 0x01, 0xff, 0x36, 0x0f, 0x48, 0x01, 0xff, 0x9e,
  0x0f, 0x20, 0x06, 0x7d, 0x04, 0x60, 0x07, 0x0c, 0x98, 0x00, 0x04, 0x18, 0x00, 0x04, 0x08, 0x00,
  0x0c, 0x20, 0x00, 0x0f, 0x10, 0x00, 0xff, 0xff, 0x47, 0x0f, 0xd0, 0x04, 0xff, 0x36, 0x0c, 0x70,
  0x07, 0x0c, 0x10, 0x00, 0x0f, 0x68, 0x01, 0xff, 0x36, 0x0f, 0x48, 0x01, 0xff, 0x9e, 0x0f, 0xb8,
  0x06, 0x7d, 0x0f, 0x60, 0x07, 0x05, 0x04, 0x18, 0x00, 0x04, 0x08, 0x00, 0x0f, 0xb8, 0x00, 0x7d,
  0x0f, 0x90, 0x00, 0xff, 0xc6, 0x0f, 0xd0, 0x04, 0xff, 0x1e, 0x0c, 0x58, 0x07, 0x0f, 0x10, 0x00,
  0x25, 0x0f, 0x78, 0x01, 0xff, 0x1e, 0x0f, 0x30, 0x01, 0xff, 0xa6, 0x0f, 0x38, 0x06, 0x75, 0x04,
  0x58, 0x07, 0x0c, 0x08, 0x00, 0x0f, 0xa0, 0x00, 0x75, 0x0f, 0x88, 0x00, 0xff, 0xe6, 0x0f, 0xd8,
  0x04, 0xff, 0x1e, 0x0f, 0x70, 0x07, 0x25, 0x0c, 0x38, 0x00, 0x0f, 0x78, 0x01, 0xff, 0x1e, 0x0f,
  0x30, 0x01, 0xff, 0xa6, 0x0f, 0x58, 0x06, 0x75, 0x0c, 0x78, 0x07, 0x04, 0x10, 0x00, 0x0f, 0xa0,
  0x00, 0x75, 0x0f, 0x88, 0x00, 0xff, 0xe6, 0x0f, 0xd8, 0x04, 0xff, 0x0e, 0x0c, 0x38, 0x07, 0x0f,
  0x10, 0x00, 0x4d, 0x0f, 0x90, 0x01, 0xff, 0x0e, 0x0f, 0x20, 0x01, 0xff, 0x9e, 0x0f, 0x58, 0x06,
  0x7d, 0x0f, 0x78, 0x07, 0xff, 0xff, 0x77, 0x04, 0x18, 0x03, 0x0f, 0xd0, 0x04, 0xff, 0x0e, 0x0f,
  0x70, 0x07, 0x4d, 0x0c, 0x60, 0x00, 0x0f, 0x90, 0x01, 0xff, 0x0e, 0x0f, 0x20, 0x01, 0xff, 0x9e,
  0x04, 0x68, 0x04, 0x0f, 0x08, 0x00, 0x75, 0x0f, 0x80, 0x07, 0xff, 0xff, 0xff, 0x90, 0x0c, 0x10,
  0x07, 0x0f, 0x10, 0x00, 0x6d, 0x0f, 0x70, 0x06, 0xff, 0x9e, 0x0f, 0xb0, 0x01, 0xfd, 0x0f, 0x78,
  0x07, 0x75, 0x0f, 0x88, 0x00, 0xff, 0xd6, 0x0f, 0x60, 0x09, 0x9d, 0x0f, 0x30, 0x04, 0xfd, 0x0f,
  0x70, 0x07, 0x6d, 0x0c, 0x80, 0x00, 0x0f, 0xa0, 0x01, 0xfd, 0x0f, 0x10, 0x01, 0xff, 0x9e, 0x0f,
  0xf8, 0x06, 0xff, 0xd6, 0x0f, 0xe8, 0x01, 0x75, 0x0f, 0x80, 0x07, 0xff, 0xff, 0x2f, 0x0f, 0x60,
  0x06, 0xff, 0x9e, 0x0f, 0xb0, 0x01, 0xff, 0x0e, 0x0f, 0x98, 0x05, 0x75, 0x0f, 0x88, 0x00, 0xff,
  0xce, 0x04, 0x78, 0x07, 0x0c, 0x08, 0x00, 0x0f, 0xf8, 0x01, 0x8d, 0x0f, 0x40, 0x04, 0xfd, 0x0c,
  0x80, 0x0e, 0x0f, 0x10, 0x00, 0x5d, 0x0f, 0x90, 0x01, 0xfd, 0x0f, 0x10, 0x01, 0xff, 0xae, 0x0f,
  0x00, 0x05, 0x8d, 0x0f, 0xa0, 0x00, 0xff, 0xb6, 0x0c, 0x78, 0x07, 0x04, 0x10, 0x00, 0x0f, 0xe0,
  0x01, 0x8d, 0x0f, 0xe0, 0x04, 0x75, 0x0f, 0xe8, 0x06, 0x35, 0x0f, 0xd0, 0x00, 0x1d, 0x0f, 0x78,
  0x00, 0x35, 0x0f, 0x48, 0x00, 0x0d, 0x0f, 0x98, 0x00, 0x1d, 0x0f, 0x30, 0x00, 0xff, 0xff, 0xb7,
  0x0f, 0x00, 0x05, 0x8d, 0x0f, 0xa0, 0x00, 0xff, 0xbe, 0x0f, 0x78, 0x07, 0x95, 0x04, 0x78, 0x02,
  0x0f, 0xe8, 0x05, 0x75, 0x0f, 0xc0, 0x06, 0x0d, 0x0f, 0x20, 0x00, 0x15, 0x0f, 0xd0, 0x00, 0x1d,
  0x0f, 0x58, 0x00, 0x15, 0x0f, 0x28, 0x00, 0x2d, 0x0f, 0x98, 0x00, 0x1d, 0x0f, 0x30, 0x00, 0xff,
  0xff, 0xb7, 0x04, 0x68, 0x04, 0x0f, 0x08, 0x00, 0xff, 0xff, 0x57, 0x0f, 0x80, 0x07, 0xff, 0x1e,
  0x0f, 0xd8, 0x06, 0x2d, 0x0f, 0x40, 0x00, 0x15, 0x0c, 0xd0, 0x06, 0x0f, 0x38, 0x00, 0x15, 0x0f,
  0x28, 0x00, 0x2d, 0x0c, 0x78, 0x00, 0x0f, 0x10, 0x00, 0xff, 0xff, 0xdf, 0x0f, 0x78, 0x07, 0xff,
  0xff, 0x57, 0x0f, 0x68, 0x02, 0x55, 0x0f, 0xe0, 0x07, 0x3d, 0x0f, 0x10, 0x06, 0x6d, 0x0f, 0xe0,
  0x06, 0x2d, 0x0f, 0x40, 0x00, 0x15, 0x0c, 0xe8, 0x00, 0x0f, 0x38, 0x00, 0x15, 0x0f, 0x28, 0x00,
  0x2d, 0x0c, 0x78, 0x00, 0x0f, 0x10, 0x00, 0xff, 0xff, 0xdf, 0x0f, 0x18, 0x05, 0x55, 0x0f, 0x68,
  0x00, 0xff, 0xff, 0x57, 0x0f, 0x80, 0x07, 0xad, 0x0f, 0xd0, 0x06, 0x2d, 0x0f, 0x40, 0x00, 0x95,
  0x0f, 0x68, 0x07, 0xff, 0xff, 0xdf, 0x0f, 0xf0, 0x02, 0x05, 0x0f, 0x18, 0x07, 0xff, 0xff, 0x57,
  0x0f, 0x68, 0x02, 0x15, 0x0f, 0x40, 0x07, 0x25, 0x04, 0x38, 0x00, 0x0c, 0x08, 0x00, 0x0f, 0x78,
  0x00, 0x15, 0x0f, 0x28, 0x00, 0x05, 0x0f, 0x38, 0x03, 0x05, 0x0f, 0x18, 0x00, 0x45, 0x0f, 0x40,
  0x07, 0x95, 0x0f, 0xa8, 0x00, 0x2d, 0x0f, 0x40, 0x01, 0x45, 0x0f, 0x58, 0x00, 0xff, 0xff, 0x9f,
  0x0f, 0x78, 0x04, 0x05, 0x0f, 0x18, 0x00, 0xff, 0xff, 0x67, 0x04, 0x40, 0x07, 0x0f, 0x80, 0x02,
  0x1d, 0x04, 0x38, 0x00, 0x0c, 0x08, 0x00, 0x0f, 0x48, 0x00, 0x1d, 0x0c, 0x30, 0x00, 0x0f, 0xd0,
  0x05, 0x4d, 0x0f, 0xc8, 0x06, 0x2d, 0x0f, 0x40, 0x00, 0xa5, 0x0f, 0x58, 0x01, 0x4d, 0x0f, 0x60,
  0x00, 0xff, 0xff, 0x97, 0x0c, 0x70, 0x04, 0x0f, 0x10, 0x00, 0xff, 0xff, 0x2f, 0x04, 0x00, 0x07,
  0x0f, 0x48, 0x02, 0x0d, 0x0c, 0x28, 0x00, 0x04, 0x10, 0x00, 0x0c, 0x08, 0x00, 0x0f, 0x48, 0x00,
  0x0d, 0x0c, 0x20, 0x00, 0x04, 0x40, 0x00, 0x0c, 0x18, 0x00, 0x0f, 0x10, 0x00, 0x25, 0x0f, 0xc8,
  0x05, 0x4d, 0x0f, 0x40, 0x07, 0xa5, 0x0f, 0xb8, 0x00, 0x2d, 0x0f, 0x58, 0x01, 0x4d, 0x0f, 0x60,
  0x00, 0xff, 0xff, 0x97, 0x0f, 0x98, 0x04, 0x25, 0x0f, 0x38, 0x00, 0xff, 0xff, 0x07, 0x0f, 0x00,
  0x07, 0x15, 0x0c, 0x28, 0x00, 0x04, 0x10, 0x00, 0x0c, 0x08, 0x00, 0x0f, 0x68, 0x02, 0x1d, 0x04,
  0x40, 0x00, 0x0f, 0x38, 0x00, 0x1d, 0x0f, 0x30, 0x00, 0x05, 0x0f, 0xc8, 0x05, 0x3d, 0x0f, 0xb8,
  0x06, 0x2d, 0x0f, 0x40, 0x00, 0x95, 0x0f, 0x38, 0x01, 0x3d, 0x0f, 0x50, 0x00, 0xff, 0xff, 0xc7,
  0x0f, 0x78, 0x04, 0x05, 0x0f, 0x18, 0x00, 0xff, 0xff, 0x1f, 0x04, 0xf8, 0x06, 0x0c, 0x08, 0x00,
  0x0c, 0x48, 0x02, 0x0c, 0x20, 0x00, 0x04, 0x10, 0x00, 0x04, 0x28, 0x00, 0x0c, 0x10, 0x00, 0x04,
  0x18, 0x00, 0x04, 0x08, 0x00, 0x0f, 0x20, 0x00, 0x0d, 0x04, 0x28, 0x00, 0x0f, 0x08, 0x00, 0x35,
  0x0f, 0xf8, 0x05, 0x3d, 0x0f, 0x40, 0x07, 0x95, 0x0f, 0xa8, 0x00, 0x2d, 0x0f, 0x38, 0x01, 0x3d,
  0x0f, 0x50, 0x00, 0xff, 0xff, 0xc7, 0x0f, 0xa8, 0x04, 0x35, 0x0f, 0x48, 0x00, 0xff, 0xee, 0x04,
  0x18, 0x07, 0x0c, 0x08, 0x00, 0x0c, 0x18, 0x02, 0x0c, 0x20, 0x00, 0x04, 0x10, 0x00, 0x04, 0x28,
  0x00, 0x0c, 0x10, 0x00, 0x04, 0x18, 0x00, 0x04, 0x08, 0x00, 0x0f, 0x20, 0x00, 0x0d, 0x04, 0x28,
  0x00, 0x0f, 0x08, 0x00, 0x35, 0x0f, 0xf8, 0x05, 0x35, 0x0f, 0xd0, 0x06, 0x2d, 0x0f, 0x40, 0x00,
  0x95, 0x0f, 0x30, 0x01, 0x35, 0x0f, 0x48, 0x00, 0xff, 0xff, 0xdf, 0x0f, 0xb0, 0x04, 0x35, 0x0f,
  0x48, 0x00, 0xff, 0xde, 0x0c, 0x10, 0x07, 0x0c, 0x10, 0x00, 0x0f, 0x10, 0x02, 0x05, 0x0f, 0x28,
  0x00, 0x15, 0x04, 0x40, 0x00, 0x04, 0x30, 0x00, 0x0c, 0x08, 0x00, 0x04, 0x20, 0x00, 0x0f, 0x08,
  0x00, 0x45, 0x0f, 0x08, 0x06, 0x35, 0x0f, 0x40, 0x07, 0x95, 0x0f, 0xa8, 0x00, 0x2d, 0x0f, 0x30,
  0x01, 0x35, 0x0f, 0x48, 0x00, 0xff, 0xff, 0xdf, 0x0f, 0xc0, 0x04, 0x45, 0x0f, 0x58, 0x00, 0xff,
  0xce, 0x04, 0x10, 0x07, 0x04, 0xe8, 0x01, 0x0c, 0x10, 0x00, 0x04, 0x18, 0x00, 0x0c, 0x08, 0x00,
  0x0f, 0x28, 0x00, 0x15, 0x04, 0x38, 0x00, 0x04, 0x30, 0x00, 0x0c, 0x08, 0x00, 0x04, 0x20, 0x00,
  0x0f, 0x08, 0x00, 0x45, 0x0f, 0x08, 0x06, 0x2d, 0x0f, 0xd0, 0x06, 0x2d, 0x0f, 0x40, 0x00, 0x9d,
  0x0f, 0x30, 0x01, 0x2d, 0x0f, 0x40, 0x00, 0xff, 0xff, 0xe7, 0x0f, 0xc0, 0x04, 0x45, 0x0f, 0x58,
  0x00, 0xff, 0xc6, 0x0c, 0x08, 0x07, 0x04, 0x10, 0x00, 0x0f, 0xf0, 0x01, 0x2d, 0x0f, 0x48, 0x00,
  0x0d, 0x0f, 0x20, 0x00, 0x0d, 0x0f, 0x80, 0x00, 0x2d, 0x0c, 0x40, 0x00, 0x0f, 0x10, 0x06, 0x2d,
  0x0f, 0x40, 0x07, 0x9d, 0x0f, 0xb0, 0x00, 0x2d, 0x0f, 0x30, 0x01, 0x2d, 0x0f, 0x40, 0x00, 0xff,
  0xff, 0xe7, 0x0c, 0x78, 0x04, 0x0f, 0x10, 0x00, 0xff, 0xff, 0x0f, 0x04, 0x08, 0x07, 0x0c, 0x08,
  0x00, 0x0f, 0x38, 0x02, 0x2d, 0x04, 0x50, 0x00, 0x0f, 0x48, 0x00, 0x05, 0x0f, 0x20, 0x00, 0x0d,
  0x0f, 0x38, 0x00, 0x05, 0x0f, 0x18, 0x00, 0x25, 0x0f, 0x10, 0x06, 0x35, 0x0f, 0xd8, 0x06, 0x2d,
  0x0f, 0x40, 0x00, 0x6d, 0x0f, 0x08, 0x01, 0x35, 0x0f, 0x48, 0x00, 0xff, 0xff, 0xff, 0x08, 0x0f,
  0xa0, 0x04, 0x25, 0x0f, 0x38, 0x00, 0xff, 0xee, 0x0f, 0x10, 0x07, 0x35, 0x04, 0x48, 0x00, 0x0f,
  0x08, 0x00, 0x05, 0x0f, 0x68, 0x02, 0x65, 0x0f, 0x30, 0x06, 0x35, 0x0f, 0x40, 0x07, 0x6d, 0x0f,
  0x80, 0x00, 0x2d, 0x0f, 0x08, 0x01, 0x35, 0x0f, 0x48, 0x00, 0xff, 0xff, 0xff, 0x08, 0x0f, 0xe0,
  0x04, 0x65, 0x0f, 0x78, 0x00, 0xff, 0xae, 0x04, 0x30, 0x07, 0x0f, 0xc8, 0x01, 0x2d, 0x04, 0x48,
  0x00, 0x0f, 0x08, 0x00, 0x05, 0x0f, 0x60, 0x00, 0x2d, 0x0f, 0x40, 0x00, 0x25, 0x0f, 0x30, 0x06,
  0x3d, 0x0f, 0x08, 0x07, 0x2d, 0x0f, 0x40, 0x00, 0x0d, 0x0c, 0xb0, 0x00, 0x0f, 0x30, 0x00, 0x05,
  0x0f, 0x28, 0x00, 0x15, 0x04, 0x40, 0x00, 0x0c, 0x30, 0x00, 0x0f, 0x10, 0x00, 0xff, 0xff, 0xff,
  0x40, 0x0f, 0xa0, 0x04, 0x25, 0x0f, 0x38, 0x00, 0xff, 0xff, 0x37, 0x0f, 0x78, 0x07, 0x05, 0x0c,
  0x18, 0x00, 0x0f, 0x70, 0x02, 0x5d, 0x0f, 0x68, 0x06, 0x3d, 0x04, 0xd0, 0x06, 0x0f, 0x08, 0x00,
  0x45, 0x0c, 0xb0, 0x00, 0x0f, 0x68, 0x00, 0x05, 0x0f, 0x28, 0x00, 0x15, 0x04, 0x40, 0x00, 0x0c,
  0x30, 0x00, 0x0f, 0x10, 0x00, 0xff, 0xff, 0xff, 0x40, 0x0f, 0xd8, 0x04, 0x5d, 0x0f, 0x70, 0x00,
  0xff, 0xfe, 0x0c, 0x68, 0x07, 0x0f, 0x10, 0x00, 0x05, 0x0f, 0x38, 0x02, 0x5d, 0x0f, 0x68, 0x06,
  0x4d, 0x04, 0xe0, 0x06, 0x0f, 0x08, 0x00, 0x25, 0x0f, 0xa0, 0x00, 0x4d, 0x0f, 0x60, 0x00, 0xff,
  0xff, 0xff, 0x58, 0x0f, 0xd8, 0x04, 0x5d, 0x0f, 0x70, 0x00, 0xff, 0xa6, 0x04, 0x18, 0x07, 0x0f,
  0xc0, 0x01, 0x35, 0x04, 0x50, 0x00, 0x0f, 0x08, 0x00, 0x0d, 0x0f, 0x70, 0x00, 0x35, 0x0f, 0x48,
  0x00, 0x1d, 0x0f, 0x80, 0x06, 0x4d, 0x0f, 0x78, 0x07, 0x25, 0x04, 0x38, 0x00, 0x0f, 0xa0, 0x00,
  0x4d, 0x0f, 0x60, 0x00, 0xff, 0xff, 0xff, 0x58, 0x0f, 0x98, 0x04, 0x1d, 0x0f, 0x30, 0x00, 0xff,
  0xe6, 0x04, 0x28, 0x07, 0x0f, 0x00, 0x02, 0x35, 0x04, 0x50, 0x00, 0x0f, 0x08, 0x00, 0x0d, 0x0f,
  0x70, 0x00, 0x35, 0x0f, 0x48, 0x00, 0x1d, 0x0f, 0x80, 0x06, 0x4d, 0x04, 0x48, 0x07, 0x04, 0x08,
  0x00, 0x0f, 0x70, 0x00, 0x05, 0x04, 0x20, 0x00, 0x0c, 0x08, 0x00, 0x0f, 0x30, 0x00, 0x05, 0x0f,
  0x18, 0x00, 0xff, 0xff, 0xff, 0xa8, 0x0f, 0xa0, 0x04, 0x1d, 0x0f, 0x30, 0x00, 0xff, 0x86, 0x04,
  0xd0, 0x06, 0x0f, 0xa0, 0x01, 0x05, 0x0f, 0x20, 0x00, 0x0d, 0x0c, 0x38, 0x00, 0x04, 0x30, 0x00,
  0x0c, 0x08, 0x00, 0x0c, 0x28, 0x00, 0x0f, 0x10, 0x00, 0x25, 0x04, 0x58, 0x00, 0x0f, 0x40, 0x00,
  0x25, 0x04, 0x38, 0x00, 0x0f, 0x48, 0x00, 0x35, 0x04, 0x50, 0x00, 0x0f, 0xc8, 0x06, 0x4d, 0x0f,
  0x50, 0x07, 0x15, 0x0c, 0x28, 0x00, 0x04, 0x10, 0x00, 0x0f, 0xa0, 0x00, 0x4d, 0x0f, 0x60, 0x00,
  0xff, 0xff, 0xff, 0x60, 0x04, 0x78, 0x04, 0x0f, 0x08, 0x00, 0xff, 0xae, 0x0f, 0x88, 0x06, 0x0d,
  0x0f, 0x20, 0x00, 0x0d, 0x0c, 0x00, 0x02, 0x04, 0x30, 0x00, 0x0c, 0x08, 0x00, 0x0c, 0x28, 0x00,
  0x0f, 0x10, 0x00, 0x25, 0x04, 0x58, 0x00, 0x0f, 0x40, 0x00, 0x25, 0x04, 0x38, 0x00, 0x0f, 0x48,
  0x00, 0x35, 0x04, 0x50, 0x00, 0x0f, 0x80, 0x06, 0xff, 0xff, 0xff, 0x60, 0x0f, 0x70, 0x03, 0xed,
  0x04, 0x78, 0x04, 0x0f, 0x08, 0x00, 0xff, 0xa6, 0x04, 0x80, 0x06, 0x0c, 0x08, 0x00, 0x04, 0xd0,
  0x01, 0x0c, 0x18, 0x00, 0x0c, 0x10, 0x00, 0x04, 0x28, 0x00, 0x0f, 0x08, 0x00, 0x05, 0x04, 0x30,
  0x00, 0x0f, 0x20, 0x00, 0x25, 0x04, 0x38, 0x00, 0x0f, 0x48, 0x00, 0x05, 0x0f, 0x18, 0x00, 0x05,
  0x04, 0x38, 0x00, 0x0f, 0x08, 0x00, 0x05, 0x04, 0x38, 0x00, 0x0c, 0x08, 0x00, 0x0f, 0x30, 0x00,
  0x05, 0x0f, 0x18, 0x00, 0x15, 0x0f, 0x10, 0x04, 0xed, 0x0f, 0x00, 0x01, 0xff, 0xff, 0xff, 0x60,
  0x0f, 0x98, 0x04, 0x15, 0x0f, 0x28, 0x00, 0xff, 0x86, 0x0c, 0x80, 0x06, 0x04, 0x10, 0x00, 0x04,
  0xb0, 0x01, 0x04, 0x10, 0x00, 0x0f, 0x08, 0x00, 0x05, 0x04, 0x28, 0x00, 0x0f, 0x08, 0x00, 0x05,
  0x04, 0x38, 0x00, 0x0f, 0x20, 0x00, 0x25, 0x04, 0x38, 0x00, 0x0f, 0x48, 0x00, 0x05, 0x0f, 0x18,
  0x00, 0x05, 0x04, 0x38, 0x00, 0x0f, 0x08, 0x00, 0x05, 0x04, 0x38, 0x00, 0x0c, 0x08, 0x00, 0x0f,
  0x30, 0x00, 0x05, 0x0f, 0x18, 0x00, 0x15, 0x0f, 0x80, 0x06, 0xff, 0xff, 0xff, 0x60, 0x0f, 0x70,
  0x03, 0xed, 0x0f, 0x98, 0x04, 0x15, 0x0f, 0x28, 0x00, 0xff, 0x7e, 0x04, 0x78, 0x06, 0x04, 0x98,
  0x01, 0x0c, 0x10, 0x00, 0x04, 0x18, 0x00, 0x04, 0x08, 0x00, 0x04, 0x20, 0x00, 0x0f, 0x08, 0x00,
  0x05, 0x04, 0x28, 0x00, 0x0f, 0x08, 0x00, 0x15, 0x0f, 0x48, 0x00, 0x15, 0x0f, 0x28, 0x00, 0x05,
  0x0f, 0x18, 0x00, 0x05, 0x0f, 0x80, 0x00, 0x15, 0x04, 0x28, 0x00, 0x04, 0x48, 0x00, 0x04, 0x10,
  0x00, 0x0f, 0x08, 0x00, 0x2d, 0x0f, 0x10, 0x04, 0xed, 0x0f, 0x00, 0x01, 0xff, 0xff, 0xff, 0x60,
  0x0f, 0xb0, 0x04, 0x2d, 0x0f, 0x40, 0x00, 0xff, 0x66, 0x0c, 0x78, 0x06, 0x0c, 0x10, 0x00, 0x0c,
  0x98, 0x01, 0x04, 0x20, 0x00, 0x0f, 0x08, 0x00, 0x05, 0x0c, 0x30, 0x00, 0x0f, 0x10, 0x00, 0x0d,
  0x0f, 0x48, 0x00, 0x15, 0x0f, 0x28, 0x00, 0x05, 0x0f, 0x18, 0x00, 0x05, 0x0f, 0x78, 0x00, 0x0d,
  0x0c, 0x20, 0x00, 0x04, 0x48, 0x00, 0x0c, 0x18, 0x00, 0x0f, 0x10, 0x00, 0x25, 0x0f, 0x80, 0x06,
  0xff, 0xff, 0xff, 0x60, 0x0f, 0x70, 0x03, 0xf5, 0x0f, 0xb0, 0x04, 0x25, 0x0f, 0x38, 0x00, 0xff,
  0x5e, 0x04, 0x70, 0x06, 0x0c, 0x08, 0x00, 0x0f, 0x88, 0x01, 0x05, 0x04, 0x28, 0x00, 0x0c, 0x20,
  0x00, 0x0f, 0x18, 0x00, 0x05, 0x0f, 0x28, 0x00, 0x1d, 0x0f, 0x48, 0x00, 0x2d, 0x0f, 0x40, 0x00,
  0x15, 0x0c, 0x98, 0x00, 0x0f, 0x10, 0x00, 0x3d, 0x0f, 0x08, 0x04, 0xf5, 0x0f, 0x08, 0x01, 0xff,
  0xff, 0xff, 0x68, 0x0f, 0xd0, 0x04, 0x3d, 0x0f, 0x50, 0x00, 0xff, 0x46, 0x04, 0xb0, 0x06, 0x0c,
  0x08, 0x00, 0x0f, 0x70, 0x01, 0x05, 0x04, 0x28, 0x00, 0x0c, 0x20, 0x00, 0x0f, 0x18, 0x00, 0x05,
  0x0f, 0x28, 0x00, 0x1d, 0x0f, 0x48, 0x00, 0x2d, 0x0f, 0x40, 0x00, 0x15, 0x0c, 0x98, 0x00, 0x0f,
  0x10, 0x00, 0x3d, 0x0f, 0x78, 0x06, 0xff, 0xff, 0xff, 0x68, 0x0f, 0x78, 0x03, 0xf5, 0x0f, 0xd0,
  0x04, 0x3d, 0x0f, 0x50, 0x00, 0xff, 0x4e, 0x0f, 0xb8, 0x06, 0x0d, 0x04, 0x20, 0x00, 0x0c, 0x08,
  0x00, 0x0f, 0x98, 0x01, 0x15, 0x0c, 0x38, 0x00, 0x04, 0x10, 0x00, 0x0f, 0x40, 0x00, 0x15, 0x0f,
  0x28, 0x00, 0x0d, 0x04, 0x50, 0x00, 0x04, 0x08, 0x00, 0x0f, 0x30, 0x00, 0x0d, 0x0f, 0x20, 0x00,
  0x4d, 0x0f, 0x08, 0x04, 0xf5, 0x0f, 0x08, 0x01, 0xff, 0xff, 0xff, 0x68, 0x0f, 0xe0, 0x04, 0x4d,
  0x0f, 0x60, 0x00, 0xff, 0x3e, 0x0f, 0xb8, 0x06, 0x0d, 0x04, 0x20, 0x00, 0x0c, 0x08, 0x00, 0x0f,
  0x88, 0x01, 0x15, 0x0c, 0x38, 0x00, 0x04, 0x10, 0x00, 0x0f, 0x40, 0x00, 0x15, 0x0f, 0x28, 0x00,
  0x0d, 0x04, 0x50, 0x00, 0x04, 0x08, 0x00, 0x0f, 0x30, 0x00, 0x0d, 0x0f, 0x20, 0x00, 0x4d, 0x0f,
  0x78, 0x06, 0xff, 0xff, 0xff, 0x68, 0x0f, 0x78, 0x03, 0xf5, 0x0f, 0xe0, 0x04, 0x4d, 0x0f, 0x60,
  0x00, 0xff, 0x66, 0x04, 0xe0, 0x06, 0x0f, 0x08, 0x00, 0x05, 0x0f, 0x98, 0x01, 0x0d, 0x04, 0x38,
  0x00, 0x0f, 0x28, 0x00, 0x0d, 0x0f, 0x20, 0x00, 0x05, 0x0c, 0x40, 0x00, 0x04, 0x10, 0x00, 0x0f,
  0x08, 0x00, 0x05, 0x0f, 0x48, 0x00, 0x05, 0x0f, 0x18, 0x00, 0x4d, 0x0f, 0x08, 0x04, 0xf5, 0x0f,
  0x08, 0x01, 0xff, 0xff, 0xff, 0x68, 0x0f, 0xe0, 0x04, 0x4d, 0x0f, 0x60, 0x00, 0xff, 0x66, 0x0f,
  0xe8, 0x06, 0x05, 0x04, 0x18, 0x00, 0x0f, 0x98, 0x01, 0x0d, 0x0f, 0x28, 0x00, 0x15, 0x0f, 0x48,
  0x00, 0x05, 0x0c, 0x40, 0x00, 0x04, 0x10, 0x00, 0x0f, 0x08, 0x00, 0x05, 0x0f, 0x48, 0x00, 0x05,
  0x0f, 0x18, 0x00, 0x4d, 0x0f, 0x78, 0x06, 0xff, 0xff, 0xff, 0x68, 0x0f, 0x78, 0x03, 0xfd, 0x0f,
  0xe8, 0x04, 0x4d, 0x0f, 0x60, 0x00, 0xff, 0x5e, 0x0f, 0xe8, 0x06, 0x05, 0x0c, 0x18, 0x00, 0x0f,
  0x98, 0x01, 0x3d, 0x0c, 0x60, 0x00, 0x04, 0x10, 0x00, 0x04, 0x68, 0x00, 0x04, 0x10, 0x00, 0x0f,
  0x08, 0x00, 0x05, 0x04, 0x28, 0x00, 0x0f, 0x08, 0x00, 0x4d, 0x0f, 0x00, 0x04, 0xfd, 0x0f, 0x10,
  0x01, 0xff, 0xff, 0xff, 0x70, 0x0f, 0xf0, 0x04, 0x4d, 0x0f, 0x60, 0x00, 0xff, 0x5e, 0x0f, 0xe0,
  0x06, 0x05, 0x0c, 0x18, 0x00, 0x0f, 0x98, 0x01, 0x3d, 0x0c, 0x60, 0x00, 0x04, 0x10, 0x00, 0x04,
  0x68, 0x00, 0x04, 0x10, 0x00, 0x0f, 0x08, 0x00, 0x05, 0x04, 0x28, 0x00, 0x0f, 0x08, 0x00, 0x4d,
  0x0f, 0x70, 0x06, 0x75, 0x04, 0x60, 0x61, 0x0c, 0x08, 0x00, 0x0f, 0xa0, 0x00, 0x75, 0x0f, 0x88,
  0x00, 0xff, 0xff, 0xff, 0x58, 0x0f, 0xf0, 0x04, 0x4d, 0x0f, 0x60, 0x00, 0xff, 0x56, 0x0f, 0xd8,
  0x06, 0x05, 0x0c, 0x18, 0x00, 0x0c, 0x90, 0x01, 0x04, 0x20, 0x00, 0x0c, 0x18, 0x00, 0x04, 0x10,
  0x00, 0x0c, 0x20, 0x00, 0x0c, 0x10, 0x00, 0x04, 0x28, 0x00, 0x04, 0x08, 0x00, 0x0f, 0x20, 0x00,
  0x0d, 0x0f, 0x28, 0x00, 0x1d, 0x04, 0x30, 0x00, 0x0f, 0x08, 0x00, 0x35, 0x0f, 0x58, 0x06, 0x75,
  0x0c, 0x78, 0x07, 0x04, 0x10, 0x00, 0x0f, 0xa0, 0x00, 0x75, 0x0f, 0x88, 0x00, 0xff, 0xff, 0xff,
  0x58, 0x0f, 0xd8, 0x04, 0x35, 0x0f, 0x48, 0x00, 0xff, 0x6e, 0x04, 0xf8, 0x06, 0x0f, 0x08, 0x00,
  0x0d, 0x0c, 0xa8, 0x01, 0x04, 0x30, 0x00, 0x0c, 0x18, 0x00, 0x04, 0x10, 0x00, 0x0c, 0x20, 0x00,
  0x0c, 0x10, 0x00, 0x04, 0x28, 0x00, 0x04, 0x08, 0x00, 0x0f, 0x20, 0x00, 0x0d, 0x0f, 0x28, 0x00,
  0x1d, 0x04, 0x30, 0x00, 0x0f, 0x08, 0x00, 0x35, 0x0f, 0x58, 0x06, 0x6d, 0x04, 0x68, 0x07, 0x0f,
  0x08, 0x00, 0x0d, 0x0f, 0xa8, 0x00, 0x6d, 0x0f, 0x80, 0x00, 0xff, 0xff, 0xff, 0x60, 0x0f, 0xe0,
  0x04, 0x35, 0x0f, 0x48, 0x00, 0xff, 0x6e, 0x0f, 0x00, 0x07, 0x1d, 0x04, 0x30, 0x00, 0x04, 0x08,
  0x00, 0x04, 0xc0, 0x01, 0x04, 0x10, 0x00, 0x0f, 0x08, 0x00, 0x0d, 0x0c, 0x30, 0x00, 0x04, 0x10,
  0x00, 0x0f, 0x08, 0x00, 0x7d, 0x0f, 0x50, 0x06, 0x75, 0x0f, 0x78, 0x07, 0x0d, 0x04, 0x20, 0x00,
  0x0f, 0xb0, 0x00, 0x75, 0x0f, 0x88, 0x00, 0xff, 0xff, 0xff, 0x58, 0x0f, 0x30, 0x05, 0x7d, 0x0f,
  0x90, 0x00, 0xff, 0x26, 0x04, 0x30, 0x07, 0x0f, 0x40, 0x01, 0x0d, 0x04, 0x28, 0x00, 0x0c, 0x08,
  0x00, 0x04, 0x38, 0x00, 0x0c, 0x18, 0x00, 0x0f, 0x10, 0x00, 0x05, 0x0c, 0x30, 0x00, 0x04, 0x10,
  0x00, 0x0f, 0x08, 0x00, 0x7d, 0x0f, 0x48, 0x06, 0x65, 0x04, 0x50, 0x07, 0x0f, 0x08, 0x00, 0x2d,
  0x0f, 0xc0, 0x00, 0x65, 0x0f, 0x78, 0x00, 0xff, 0xff, 0xff, 0x58, 0x0f, 0x30, 0x05, 0x7d, 0x0f,
  0x90, 0x00, 0xff, 0x56, 0x04, 0x58, 0x07, 0x04, 0x70, 0x01, 0x04, 0x10, 0x00, 0x0f, 0x08, 0x00,
  0x0d, 0x0f, 0x30, 0x00, 0x0d, 0x04, 0x20, 0x00, 0x0c, 0x08, 0x00, 0x04, 0x58, 0x00, 0x0c, 0x18,
  0x00, 0x0f, 0x10, 0x00, 0x4d, 0x0f, 0x48, 0x06, 0x65, 0x0f, 0x78, 0x07, 0x2d, 0x04, 0x40, 0x00,
  0x0f, 0xc0, 0x00, 0x65, 0x0f, 0x78, 0x00, 0xff, 0xff, 0xff, 0x58, 0x0f, 0x00, 0x05, 0x4d, 0x0f,
  0x60, 0x00, 0xff, 0x86, 0x0c, 0x10, 0x07, 0x04, 0x10, 0x00, 0x0f, 0x08, 0x00, 0x0d, 0x04, 0xd0,
  0x01, 0x0f, 0x28, 0x00, 0x05, 0x04, 0x20, 0x00, 0x0c, 0x08, 0x00, 0x04, 0x30, 0x00, 0x0c, 0x18,
  0x00, 0x0f, 0x10, 0x00, 0x4d, 0x0f, 0x48, 0x06, 0x4d, 0x04, 0x28, 0x07, 0x0f, 0x08, 0x00, 0x55,
  0x0f, 0xd0, 0x00, 0x4d, 0x0f, 0x60, 0x00, 0xff, 0xff, 0xff, 0x60, 0x0f, 0x00, 0x05, 0x4d, 0x0f,
  0x60, 0x00, 0xff, 0x0e, 0x0f, 0x98, 0x06, 0x65, 0x04, 0x98, 0x01, 0x04, 0x80, 0x00, 0x0f, 0x08,
  0x00, 0x0d, 0x04, 0x30, 0x00, 0x0c, 0x08, 0x00, 0x04, 0x38, 0x00, 0x0c, 0x18, 0x00, 0x04, 0x10,
  0x00, 0x04, 0x20, 0x00, 0x0c, 0x08, 0x00, 0x04, 0x20, 0x00, 0x0f, 0x08, 0x00, 0x4d, 0x0f, 0x50,
  0x06, 0x4d, 0x0f, 0x78, 0x07, 0x55, 0x04, 0x68, 0x00, 0x0f, 0xd0, 0x00, 0x4d, 0x0f, 0x60, 0x00,
  0xff, 0xff, 0xff, 0x60, 0x0f, 0x00, 0x05, 0x4d, 0x0f, 0x60, 0x00, 0xff, 0x0e, 0x04, 0x98, 0x06,
  0x0f, 0x28, 0x01, 0x65, 0x04, 0x80, 0x00, 0x0f, 0x08, 0x00, 0x0d, 0x0f, 0xa0, 0x00, 0x05, 0x04,
  0x38, 0x00, 0x0f, 0x20, 0x00, 0x0d, 0x04, 0x28, 0x00, 0x04, 0x08, 0x00, 0x0f, 0x30, 0x00, 0x05,
  0x0f, 0x18, 0x00, 0x3d, 0x0f, 0x50, 0x06, 0x35, 0x04, 0x00, 0x07, 0x0f, 0x08, 0x00, 0x8d, 0x0f,
  0xf0, 0x00, 0x35, 0x0f, 0x48, 0x00, 0xff, 0xff, 0xff, 0x60, 0x0f, 0xf8, 0x04, 0x3d, 0x0f, 0x50,
  0x00, 0xff, 0x0e, 0x04, 0x88, 0x06, 0x0c, 0x08, 0x00, 0x0f, 0x38, 0x01, 0x65, 0x0c, 0x88, 0x00,
  0x04, 0x10, 0x00, 0x0f, 0x90, 0x00, 0x35, 0x04, 0x50, 0x00, 0x04, 0x08, 0x00, 0x0f, 0x58, 0x00,
  0x35, 0x0f, 0x48, 0x00, 0x05, 0x0f, 0x40, 0x06, 0x3d, 0x0f, 0x78, 0x07, 0x8d, 0x04, 0xa0, 0x00,
  0x0f, 0xf8, 0x00, 0x3d, 0x0f, 0x50, 0x00, 0xff, 0xff, 0xff, 0x58, 0x0f, 0xc8, 0x04, 0x05, 0x0f,
  0x18, 0x00, 0xff, 0x46, 0x04, 0x88, 0x06, 0x0c, 0x08, 0x00, 0x0f, 0x70, 0x01, 0x65, 0x0c, 0x88,
  0x00, 0x04, 0x10, 0x00, 0x0f, 0x90, 0x00, 0x35, 0x04, 0x50, 0x00, 0x04, 0x08, 0x00, 0x0f, 0x58,
  0x00, 0x35, 0x0f, 0x48, 0x00, 0x05, 0x0f, 0x38, 0x06, 0x2d, 0x04, 0xd0, 0x06, 0x0f, 0x08, 0x00,
  0xb5, 0x0f, 0x10, 0x01, 0x2d, 0x0f, 0x40, 0x00, 0xff, 0xff, 0xff, 0x58, 0x0f, 0xd0, 0x04, 0x05,
  0x0f, 0x18, 0x00, 0xff, 0x46, 0x0f, 0x90, 0x06, 0x45, 0x04, 0x58, 0x00, 0x04, 0x08, 0x00, 0x04,
  0xc0, 0x01, 0x0f, 0x10, 0x00, 0x05, 0x04, 0x18, 0x00, 0x04, 0x08, 0x00, 0x04, 0x30, 0x00, 0x0f,
  0x08, 0x00, 0x2d, 0x04, 0x50, 0x00, 0x0f, 0x08, 0x00, 0x05, 0x0f, 0x60, 0x00, 0x15, 0x04, 0x40,
  0x00, 0x0f, 0x30, 0x00, 0x0d, 0x0f, 0x28, 0x06, 0x35, 0x0f, 0x78, 0x07, 0xb5, 0x04, 0xc8, 0x00,
  0x0f, 0x18, 0x01, 0x35, 0x0f, 0x48, 0x00, 0xff, 0xff, 0xff, 0x50, 0x0f, 0xe0, 0x04, 0x0d, 0x0f,
  0x20, 0x00, 0xff, 0x3e, 0x0f, 0x58, 0x06, 0x15, 0x0f, 0x78, 0x01, 0x1d, 0x04, 0x58, 0x00, 0x04,
  0x08, 0x00, 0x04, 0x40, 0x00, 0x0f, 0x10, 0x00, 0x05, 0x04, 0x18, 0x00, 0x04, 0x08, 0x00, 0x04,
  0x30, 0x00, 0x0f, 0x08, 0x00, 0x2d, 0x04, 0x50, 0x00, 0x0f, 0x08, 0x00, 0x05, 0x0f, 0x60, 0x00,
  0x15, 0x04, 0x40, 0x00, 0x0f, 0x30, 0x00, 0x0d, 0x0f, 0x20, 0x06, 0x2d, 0x04, 0xb0, 0x06, 0x0f,
  0x08, 0x00, 0xc5, 0x0f, 0x20, 0x01, 0x2d, 0x0f, 0x40, 0x00, 0xff, 0xff, 0xff, 0x50, 0x0f, 0xe0,
  0x04, 0x0d, 0x0f, 0x20, 0x00, 0xff, 0x86, 0x04, 0xa0, 0x06, 0x0f, 0x08, 0x00, 0x35, 0x0f, 0xe8,
  0x01, 0x3d, 0x0c, 0x98, 0x00, 0x0f, 0x60, 0x00, 0x15, 0x0c, 0x38, 0x00, 0x04, 0x10, 0x00, 0x0f,
  0x40, 0x00, 0x05, 0x0f, 0x20, 0x06, 0x2d, 0x0f, 0x78, 0x07, 0xc5, 0x04, 0xd8, 0x00, 0x0f, 0x20,
  0x01, 0x2d, 0x0f, 0x40, 0x00, 0xff, 0xff, 0xff, 0x50, 0x0f, 0xd8, 0x04, 0x05, 0x0f, 0x18, 0x00,
  0xff, 0x8e, 0x04, 0x98, 0x06, 0x0f, 0x08, 0x00, 0x35, 0x0f, 0xf0, 0x01, 0x3d, 0x0c, 0x98, 0x00,
  0x0f, 0x60, 0x00, 0x15, 0x0c, 0x38, 0x00, 0x04, 0x10, 0x00, 0x0f, 0x40, 0x00, 0x05, 0x0f, 0x20,
  0x06, 0x25, 0x04, 0xa0, 0x06, 0x0f, 0x08, 0x00, 0xad, 0x0f, 0x00, 0x01, 0x25, 0x0f, 0x38, 0x00,
  0xff, 0xff, 0xff, 0x80, 0x0f, 0xe0, 0x04, 0x05, 0x0f, 0x18, 0x00, 0xff, 0x4e, 0x0f, 0x60, 0x06,
  0x0d, 0x04, 0x80, 0x01, 0x04, 0x28, 0x00, 0x0f, 0x08, 0x00, 0x15, 0x0c, 0x38, 0x00, 0x0c, 0x10,
  0x00, 0x04, 0x48, 0x00, 0x04, 0x18, 0x00, 0x0f, 0x08, 0x00, 0x35, 0x0f, 0x58, 0x00, 0x35, 0x0f,
  0x48, 0x00, 0x0d, 0x0f, 0x40, 0x06, 0x2d, 0x0f, 0x78, 0x07, 0xad, 0x04, 0xc0, 0x00, 0x0f, 0x08,
  0x01, 0x2d, 0x0f, 0x40, 0x00, 0xff, 0xff, 0xff, 0x78, 0x0f, 0x80, 0x05, 0x35, 0x0f, 0x48, 0x00,
  0xff, 0x1e, 0x0f, 0x68, 0x06, 0x0d, 0x04, 0x50, 0x01, 0x04, 0x28, 0x00, 0x0f, 0x08, 0x00, 0x15,
  0x0c, 0x38, 0x00, 0x0c, 0x10, 0x00, 0x04, 0x48, 0x00, 0x04, 0x18, 0x00, 0x0f, 0x08, 0x00, 0x35,
  0x0f, 0x58, 0x00, 0x35, 0x0f, 0x48, 0x00, 0x0d, 0x0f, 0x38, 0x06, 0x1d, 0x04, 0xb0, 0x06, 0x0f,
  0x08, 0x00, 0x8d, 0x0f, 0xd8, 0x00, 0x1d, 0x0f, 0x30, 0x00, 0xff, 0xff, 0xff, 0xb8, 0x0f, 0x80,
  0x05, 0x35, 0x0f, 0x48, 0x00, 0xff, 0x16, 0x04, 0x60, 0x06, 0x0c, 0x08, 0x00, 0x0c, 0x40, 0x01,
  0x0c, 0x20, 0x00, 0x0f, 0x10, 0x00, 0x0d, 0x0c, 0x40, 0x00, 0x04, 0x10, 0x00, 0x0f, 0x38, 0x00,
  0x05, 0x04, 0x20, 0x00, 0x0f, 0x08, 0x00, 0x2d, 0x0f, 0x60, 0x00, 0x4d, 0x0c, 0xa0, 0x00, 0x0f,
  0x78, 0x06, 0x1d, 0x0f, 0x78, 0x07, 0x8d, 0x04, 0xa0, 0x00, 0x0f, 0xd8, 0x00, 0x1d, 0x0f, 0x30,
  0x00, 0xff, 0xff, 0xff, 0xb8, 0x0c, 0xe0, 0x04, 0x0f, 0x10, 0x00, 0xff, 0x4e, 0x0f, 0xb0, 0x06,
  0x15, 0x0f, 0x28, 0x00, 0x05, 0x0f, 0x18, 0x00, 0x05, 0x0f, 0xb8, 0x01, 0x05, 0x0f, 0x30, 0x00,
  0x1d, 0x0f, 0x48, 0x00, 0x05, 0x0f, 0x18, 0x00, 0x05, 0x0f, 0x60, 0x00, 0x4d, 0x0c, 0x78, 0x00,
  0x0f, 0x78, 0x06, 0x1d, 0x04, 0xe0, 0x06, 0x0f, 0x08, 0x00, 0x7d, 0x0f, 0xc8, 0x00, 0x1d, 0x0f,
  0x30, 0x00, 0xff, 0xff, 0xff, 0xd0, 0x0c, 0xe8, 0x04, 0x0f, 0x10, 0x00, 0xff, 0x4e, 0x0f, 0xb8,
  0x06, 0x0d, 0x0f, 0x20, 0x00, 0x05, 0x0f, 0x18, 0x00, 0x05, 0x0f, 0xb0, 0x01, 0x0d, 0x04, 0x38,
  0x00, 0x0f, 0x28, 0x00, 0x0d, 0x04, 0x20, 0x00, 0x0f, 0x30, 0x00, 0x4d, 0x04, 0x68, 0x00, 0x0f,
  0x08, 0x00, 0x15, 0x0f, 0x80, 0x06, 0x25, 0x0f, 0x78, 0x07, 0x7d, 0x04, 0x90, 0x00, 0x0f, 0xd0,
  0x00, 0x25, 0x0f, 0x38, 0x00, 0xff, 0xff, 0xff, 0xc8, 0x0f, 0x08, 0x05, 0x15, 0x0f, 0x28, 0x00,
  0xff, 0x36, 0x04, 0xe0, 0x06, 0x0c, 0x08, 0x00, 0x04, 0x60, 0x01, 0x0c, 0x18, 0x00, 0x0f, 0x10,
  0x00, 0x0d, 0x04, 0x38, 0x00, 0x0f, 0x08, 0x00, 0x05, 0x04, 0x40, 0x00, 0x0f, 0x20, 0x00, 0x05,
  0x0c, 0x18, 0x00, 0x0f, 0x30, 0x00, 0x4d, 0x0c, 0x70, 0x00, 0x0f, 0x10, 0x00, 0x0d, 0x0f, 0x78,
  0x06, 0x25, 0x04, 0xf0, 0x06, 0x0f, 0x08, 0x00, 0x75, 0x0f, 0xc8, 0x00, 0x25, 0x0f, 0x38, 0x00,
  0xff, 0xff, 0xff, 0xd8, 0x0f, 0x08, 0x05, 0x0d, 0x0f, 0x20, 0x00, 0xff, 0x3e, 0x0f, 0xe8, 0x06,
  0x0d, 0x0f, 0x20, 0x00, 0x05, 0x0f, 0x18, 0x00, 0x05, 0x0f, 0xa0, 0x01, 0x2d, 0x04, 0x58, 0x00,
  0x0c, 0x08, 0x00, 0x0f, 0x58, 0x00, 0x2d, 0x0f, 0x40, 0x00, 0x25, 0x0f, 0x78, 0x06, 0x2d, 0x0f,
  0x78, 0x07, 0x75, 0x04, 0x88, 0x00, 0x0f, 0xd0, 0x00, 0x2d, 0x0f, 0x40, 0x00, 0xff, 0xff, 0xff,
  0xd0, 0x0f, 0x28, 0x05, 0x25, 0x0f, 0x38, 0x00, 0xff, 0x26, 0x04, 0xe8, 0x06, 0x0f, 0x40, 0x01,
  0x05, 0x0f, 0x20, 0x00, 0x05, 0x0f, 0x18, 0x00, 0x05, 0x0f, 0x48, 0x00, 0x05, 0x0f, 0x18, 0x00,
  0x15, 0x04, 0x58, 0x00, 0x0c, 0x08, 0x00, 0x0f, 0x40, 0x00, 0x15, 0x0f, 0x28, 0x00, 0x3d, 0x0f,
  0x70, 0x06, 0x2d, 0x04, 0xf8, 0x06, 0x0f, 0x08, 0x00, 0x75, 0x0f, 0xd0, 0x00, 0x2d, 0x0f, 0x40,
  0x00, 0xff, 0xff, 0xff, 0xd8, 0x0f, 0x48, 0x05, 0x3d, 0x0f, 0x50, 0x00, 0xff, 0x4e, 0x04, 0x30,
  0x07, 0x0f, 0x68, 0x01, 0x35, 0x0c, 0x50, 0x00, 0x0f, 0x10, 0x00, 0x0d, 0x0f, 0x78, 0x00, 0x35,
  0x04, 0x48, 0x00, 0x0f, 0x68, 0x06, 0x35, 0x0f, 0x78, 0x07, 0x75, 0x04, 0x88, 0x00, 0x0f, 0xd8,
  0x00, 0x35, 0x0f, 0x48, 0x00, 0xff, 0xff, 0xff, 0xd0, 0x04, 0x08, 0x05, 0x0f, 0x08, 0x00, 0xff,
  0x96, 0x0c, 0x20, 0x07, 0x0f, 0xb8, 0x01, 0x2d, 0x0c, 0x50, 0x00, 0x0f, 0x10, 0x00, 0x0d, 0x0f,
  0x70, 0x00, 0x2d, 0x0c, 0x40, 0x00, 0x0f, 0x60, 0x06, 0x35, 0x04, 0xf8, 0x06, 0x0f, 0x08, 0x00,
  0x6d, 0x0f, 0xd0, 0x00, 0x35, 0x0f, 0x48, 0x00, 0xff, 0xff, 0xff, 0xd8, 0x0c, 0x10, 0x05, 0x0f,
  0x10, 0x00, 0xff, 0x86, 0x04, 0x18, 0x07, 0x0c, 0x08, 0x00, 0x0f, 0xb0, 0x01, 0x05, 0x04, 0x28,
  0x00, 0x04, 0x20, 0x00, 0x0c, 0x10, 0x00, 0x04, 0x18, 0x00, 0x04, 0x08, 0x00, 0x04, 0x20, 0x00,
  0x0f, 0x08, 0x00, 0x0d, 0x04, 0x30, 0x00, 0x0f, 0x08, 0x00, 0x35, 0x0f, 0x68, 0x06, 0x35, 0x0f,
  0x78, 0x07, 0x6d, 0x04, 0x80, 0x00, 0x0f, 0xd0, 0x00, 0x35, 0x0f, 0x48, 0x00, 0xff, 0xff, 0xff,
  0xd8, 0x0f, 0x48, 0x05, 0x35, 0x0f, 0x48, 0x00, 0xff, 0x4e, 0x0f, 0x18, 0x07, 0x05, 0x0f, 0x78,
  0x01, 0x05, 0x04, 0x30, 0x00, 0x04, 0x20, 0x00, 0x0c, 0x10, 0x00, 0x04, 0x18, 0x00, 0x04, 0x08,
  0x00, 0x04, 0x20, 0x00, 0x0f, 0x08, 0x00, 0x0d, 0x04, 0x30, 0x00, 0x0f, 0x08, 0x00, 0x35, 0x0f,
  0x68, 0x06, 0x35, 0x04, 0x00, 0x07, 0x0f, 0x08, 0x00, 0x6d, 0x0f, 0xd0, 0x00, 0x35, 0x0f, 0x48,
  0x00, 0xad, 0x0c, 0x88, 0x01, 0x0f, 0xd0, 0x00, 0xad, 0x0f, 0xc0, 0x00, 0xff, 0xff, 0x4f, 0x0f,
  0x50, 0x05, 0x35, 0x0f, 0x48, 0x00, 0xff, 0x4e, 0x04, 0x20, 0x07, 0x0f, 0x68, 0x01, 0x05, 0x04,
  0x20, 0x00, 0x0f, 0x08, 0x00, 0x0d, 0x04, 0x40, 0x00, 0x04, 0x28, 0x00, 0x0c, 0x10, 0x00, 0x04,
  0x18, 0x00, 0x04, 0x08, 0x00, 0x04, 0x20, 0x00, 0x0f, 0x08, 0x00, 0x35, 0x0f, 0xd0, 0x04, 0x3d,
  0x0c, 0xf0, 0x05, 0x0f, 0x10, 0x00, 0x65, 0x0f, 0xd8, 0x00, 0x3d, 0x0f, 0x50, 0x00, 0xa5, 0x0c,
  0x80, 0x01, 0x0f, 0xc8, 0x00, 0xa5, 0x0f, 0xb8, 0x00, 0xff, 0xff, 0x57, 0x0f, 0x58, 0x05, 0x35,
  0x0f, 0x48, 0x00, 0xff, 0x4e, 0x0f, 0x10, 0x07, 0x0d, 0x04, 0x20, 0x00, 0x0f, 0x08, 0x00, 0x0d,
  0x04, 0xa8, 0x01, 0x04, 0x28, 0x00, 0x0c, 0x10, 0x00, 0x04, 0x18, 0x00, 0x04, 0x08, 0x00, 0x04,
  0x20, 0x00, 0x0f, 0x08, 0x00, 0x35, 0x0f, 0xd8, 0x04, 0x3d, 0x0c, 0xf0, 0x05, 0x0f, 0x10, 0x00,
  0x5d, 0x0f, 0xd0, 0x00, 0x3d, 0x0f, 0x50, 0x00, 0x95, 0x0f, 0x68, 0x01, 0x2d, 0x0f, 0xe8, 0x00,
  0x95, 0x0f, 0xa8, 0x00, 0xff, 0xff, 0x57, 0x0f, 0x60, 0x05, 0x35, 0x0f, 0x48, 0x00, 0xff, 0x6e,
  0x0c, 0x38, 0x07, 0x0f, 0x10, 0x00, 0x05, 0x04, 0x18, 0x00, 0x0f, 0x08, 0x00, 0x0d, 0x0f, 0xd0,
  0x01, 0x35, 0x0f, 0xc8, 0x04, 0x45, 0x0f, 0x08, 0x06, 0x2d, 0x0f, 0x40, 0x00, 0x2d, 0x0f, 0xd8,
  0x00, 0x45, 0x0f, 0x58, 0x00, 0x8d, 0x0f, 0x38, 0x01, 0xff, 0x26, 0x0f, 0xd8, 0x01, 0x8d, 0x0f,
  0xa0, 0x00, 0xff, 0x66, 0x0f, 0x68, 0x05, 0x35, 0x0f, 0x48, 0x00, 0xff, 0x6e, 0x04, 0x50, 0x07,
  0x04, 0x88, 0x01, 0x0f, 0x10, 0x00, 0x05, 0x04, 0x18, 0x00, 0x0f, 0x08, 0x00, 0x0d, 0x04, 0x48,
  0x00, 0x0f, 0x08, 0x00, 0x2d, 0x0f, 0xd8, 0x03, 0x45, 0x0f, 0x08, 0x06, 0x2d, 0x0c, 0x40, 0x00,
  0x0f, 0xa8, 0x00, 0x45, 0x0f, 0x58, 0x00, 0xad, 0x0c, 0x28, 0x01, 0x0f, 0x10, 0x00, 0x45, 0x0f,
  0x28, 0x01, 0xad, 0x0f, 0xc0, 0x00, 0xff, 0xff, 0x2f, 0x0f, 0x68, 0x05, 0x2d, 0x0f, 0x40, 0x00,
  0xff, 0x96, 0x04, 0x78, 0x07, 0x0c, 0xb0, 0x01, 0x0f, 0x18, 0x00, 0x05, 0x0c, 0x28, 0x00, 0x0f,
  0x10, 0x00, 0x15, 0x0f, 0x90, 0x04, 0x4d, 0x0f, 0x08, 0x06, 0x3d, 0x0f, 0xb0, 0x00, 0x4d, 0x0f,
  0x60, 0x00, 0xa5, 0x0f, 0x68, 0x01, 0x3d, 0x0f, 0x50, 0x00, 0x05, 0x0f, 0x20, 0x01, 0xa5, 0x0f,
  0xb8, 0x00, 0xff, 0xff, 0x37, 0x0f, 0x58, 0x05, 0x15, 0x0f, 0x28, 0x00, 0xff, 0xae, 0x0f, 0x68,
  0x07, 0x05, 0x0f, 0x18, 0x00, 0x05, 0x0f, 0xf0, 0x01, 0x25, 0x0f, 0x98, 0x04, 0x4d, 0x0f, 0xc8,
  0x05, 0x05, 0x0f, 0x18, 0x00, 0x1d, 0x0f, 0xa8, 0x00, 0x4d, 0x0f, 0x60, 0x00, 0x9d, 0x0f, 0x40,
  0x01, 0x1d, 0x0f, 0x30, 0x00, 0x3d, 0x0f, 0x30, 0x01, 0x9d, 0x0f, 0xb0, 0x00, 0xff, 0xff, 0x3f,
  0x0f, 0x70, 0x05, 0x25, 0x0f, 0x38, 0x00, 0xff, 0xf6, 0x0f, 0x90, 0x04, 0x55, 0x0f, 0xf8, 0x05,
  0x35, 0x0f, 0xb0, 0x00, 0x55, 0x0f, 0x68, 0x00, 0x95, 0x0f, 0x58, 0x01, 0x35, 0x0f, 0x48, 0x00,
  0x25, 0x0f, 0x28, 0x01, 0x95, 0x0f, 0xa8, 0x00, 0xff, 0xff, 0x47, 0x0f, 0x48, 0x07, 0xff, 0xf6,
  0x0f, 0x08, 0x02, 0x25, 0x0f, 0x98, 0x04, 0x55, 0x0f, 0xe0, 0x05, 0x25, 0x0c, 0x38, 0x00, 0x0f,
  0xb0, 0x00, 0x55, 0x0f, 0x68, 0x00, 0x95, 0x0c, 0x20, 0x01, 0x0f, 0x10, 0x00, 0x55, 0x0f, 0x20,
  0x01, 0x95, 0x0f, 0xa8, 0x00, 0xff, 0xff, 0x57, 0x0f, 0x80, 0x05, 0x25, 0x0f, 0x38, 0x00, 0xff,
  0xe6, 0x0f, 0x98, 0x04, 0x5d, 0x0f, 0x18, 0x06, 0x35, 0x0f, 0xb8, 0x00, 0x5d, 0x0f, 0x70, 0x00,
  0x8d, 0x0f, 0x58, 0x01, 0x35, 0x0f, 0x48, 0x00, 0x1d, 0x0f, 0x18, 0x01, 0x8d, 0x0f, 0xa0, 0x00,
  0xff, 0xff, 0x5f, 0x0f, 0x48, 0x07, 0xff, 0xe6, 0x0f, 0xf8, 0x01, 0x25, 0x0f, 0xa0, 0x04, 0x5d,
  0x0f, 0xe0, 0x05, 0x1d, 0x0c, 0x30, 0x00, 0x0f, 0xb0, 0x00, 0x5d, 0x0f, 0x70, 0x00, 0x1d, 0x0c,
  0xb0, 0x00, 0x0f, 0x10, 0x00, 0x1d, 0x0f, 0x70, 0x00, 0x15, 0x0f, 0x58, 0x00, 0x1d, 0x0f, 0x30,
  0x00, 0x1d, 0x0f, 0x88, 0x00, 0x15, 0x0f, 0x28, 0x00, 0xff, 0xff, 0xff, 0x08, 0x0f, 0x90, 0x05,
  0x25, 0x0f, 0x38, 0x00, 0xff, 0x76, 0x0f, 0x58, 0x25, 0x3d, 0x0c, 0xd8, 0x01, 0x0f, 0x38, 0x05,
  0x65, 0x0f, 0x08, 0x06, 0x1d, 0x0c, 0x30, 0x00, 0x0f, 0xb8, 0x00, 0x65, 0x0f, 0x78, 0x00, 0x15,
  0x0c, 0xb0, 0x00, 0x0f, 0x10, 0x00, 0x1d, 0x0f, 0x68, 0x00, 0x55, 0x0f, 0x98, 0x00, 0x0d, 0x0f,
  0x88, 0x00, 0x15, 0x0f, 0x28, 0x00, 0xff, 0xff, 0xff, 0x08, 0x0c, 0x70, 0x05, 0x0f, 0x10, 0x00,
  0xff, 0x9e, 0x0f, 0x80, 0x07, 0xfd, 0x0f, 0xe8, 0x05, 0x8d, 0x0f, 0xd0, 0x06, 0x0d, 0x0f, 0x20,
  0x00, 0x2d, 0x0c, 0x00, 0x01, 0x0f, 0x50, 0x00, 0x2d, 0x0f, 0x40, 0x00, 0x05, 0x0c, 0x68, 0x00,
  0x0f, 0x10, 0x00, 0xff, 0xff, 0xff, 0x30, 0x0f, 0x78, 0x07, 0xff, 0xa6, 0x04, 0x80, 0x07, 0x04,
  0x08, 0x00, 0x0f, 0xc8, 0x01, 0x35, 0x0f, 0x50, 0x05, 0x6d, 0x0f, 0xf8, 0x05, 0x05, 0x0f, 0x18,
  0x00, 0x0d, 0x0f, 0xb8, 0x00, 0x6d, 0x0f, 0x80, 0x00, 0x0d, 0x0f, 0xc0, 0x00, 0x0d, 0x0f, 0x20,
  0x00, 0x2d, 0x0c, 0x80, 0x00, 0x0f, 0x50, 0x00, 0x2d, 0x0f, 0x40, 0x00, 0x05, 0x0c, 0x68, 0x00,
  0x0f, 0x10, 0x00, 0xff, 0xff, 0xff, 0x30, 0x0f, 0xb8, 0x05, 0x35, 0x0f, 0x48, 0x00, 0xff, 0x56,
  0x04, 0x70, 0x07, 0x0c, 0x08, 0x00, 0x0f, 0x80, 0x01, 0x35, 0x0f, 0x50, 0x05, 0x6d, 0x04, 0xf8,
  0x05, 0x0f, 0x88, 0x00, 0x6d, 0x0f, 0x80, 0x00, 0x2d, 0x04, 0xc8, 0x00, 0x0f, 0x08, 0x00, 0xb5,
  0x0f, 0x10, 0x01, 0x2d, 0x0f, 0x40, 0x00, 0xff, 0xff, 0xff, 0x10, 0x0f, 0xc0, 0x05, 0x35, 0x0f,
  0x48, 0x00, 0xff, 0x56, 0x04, 0x80, 0x07, 0x0f, 0x70, 0x01, 0x35, 0x0f, 0x20, 0x05, 0x75, 0x04,
  0xb0, 0x06, 0x0f, 0x90, 0x00, 0x75, 0x0f, 0x88, 0x00, 0x25, 0x04, 0xc8, 0x00, 0x0f, 0x08, 0x00,
  0xb5, 0x0f, 0x08, 0x01, 0x25, 0x0f, 0x38, 0x00, 0xff, 0xff, 0xff, 0x18, 0x0f, 0xc8, 0x05, 0x35,
  0x0f, 0x48, 0x00, 0xff, 0x56, 0x0f, 0x80, 0x07, 0xc5, 0x0f, 0xb0, 0x05, 0x9d, 0x0f, 0x60, 0x07,
  0xb5, 0x04, 0xc8, 0x00, 0x0f, 0x80, 0x01, 0x9d, 0x0f, 0xb0, 0x00, 0xff, 0xff, 0xbf, 0x0f, 0x40,
  0x07, 0xff, 0x56, 0x0f, 0x68, 0x01, 0x75, 0x0f, 0xc0, 0x04, 0xff, 0x2e, 0x04, 0xb8, 0x06, 0x0f,
  0x08, 0x00, 0xb5, 0x0f, 0x10, 0x02, 0xff, 0x2e, 0x0f, 0x40, 0x01, 0xff, 0xff, 0x2f, 0x0f, 0x18,
  0x06, 0x75, 0x0f, 0x88, 0x00, 0xff, 0x56, 0x0f, 0x30, 0x04, 0xff, 0x26, 0x0f, 0x70, 0x07, 0xb5,
  0x04, 0xc8, 0x00, 0x0f, 0x08, 0x02, 0xff, 0x26, 0x0f, 0x38, 0x01, 0xff, 0xff, 0x4f, 0x0f, 0x08,
  0x07, 0xff, 0x56, 0x0f, 0x68, 0x01, 0x55, 0x0f, 0x30, 0x04, 0xff, 0x36, 0x04, 0xb8, 0x06, 0x0f,
  0x08, 0x00, 0xb5, 0x0f, 0x18, 0x02, 0xff, 0x36, 0x0f, 0x48, 0x01, 0xff, 0xff, 0x3f, 0x0f, 0x18,
  0x06, 0x55, 0x0f, 0x68, 0x00, 0xff, 0x56, 0x0f, 0x20, 0x04, 0xff, 0x2e, 0x0f, 0x70, 0x07, 0xb5,
  0x0c, 0xc8, 0x00, 0x0f, 0x18, 0x02, 0xff, 0x2e, 0x0f, 0x40, 0x01, 0xff, 0xff, 0x4f, 0x0f, 0x20,
  0x07, 0xff, 0x56, 0x0f, 0x68, 0x01, 0x45, 0x0f, 0x20, 0x04, 0xff, 0x36, 0x0c, 0xb8, 0x06, 0x0f,
  0x10, 0x00, 0xb5, 0x0f, 0x20, 0x02, 0xff, 0x36, 0x0f, 0x48, 0x01, 0xff, 0xff, 0x47, 0x0f, 0x18,
  0x06, 0x45, 0x0f, 0x58, 0x00, 0xff, 0x56, 0x0f, 0x18, 0x04, 0xff, 0x3e, 0x0f, 0x78, 0x07, 0x95,
  0x0f, 0xf8, 0x01, 0xff, 0x3e, 0x0f, 0x50, 0x01, 0xff, 0xff, 0x77, 0x0f, 0x38, 0x07, 0xff, 0x56,
  0x0f, 0x68, 0x01, 0x25, 0x0f, 0x28, 0x04, 0xff, 0x4e, 0x0f, 0x80, 0x07, 0xff, 0xff, 0xff, 0xff,
  0xff, 0xff, 0xff, 0x74, 0x04, 0xe0, 0x08, 0x0f, 0x88, 0x07, 0x3d, 0x04, 0x58, 0x00, 0x04, 0x08,
  0x00, 0x0f, 0x60, 0x00, 0x05, 0x04, 0x20, 0x00, 0x04, 0x08, 0x00, 0x0f, 0x28, 0x00, 0x15, 0x04,
  0x30, 0x00, 0x0f, 0x08, 0x00, 0xff, 0xff, 0xff, 0xb8, 0x0f, 0xa0, 0x0d, 0x25, 0x0f, 0x38, 0x00,
  0xff, 0x46, 0x0f, 0x58, 0x05, 0xff, 0x5e, 0x0f, 0xf8, 0x06, 0x05, 0x0f, 0x18, 0x00, 0x25, 0x0c,
  0xc0, 0x01, 0x0f, 0x48, 0x00, 0x05, 0x0f, 0x28, 0x00, 0x25, 0x0c, 0x38, 0x00, 0x0f, 0x10, 0x00,
  0xff, 0xff, 0xff, 0xb0, 0x0f, 0x48, 0x07, 0xff, 0x46, 0x0f, 0x58, 0x01, 0x25, 0x0f, 0x50, 0x05,
  0xff, 0x66, 0x0f, 0x28, 0x07, 0x05, 0x0f, 0x18, 0x00, 0x15, 0x0f, 0xb8, 0x01, 0xff, 0x66, 0x0f,
  0x78, 0x01, 0xff, 0xff, 0xbf, 0x0f, 0x38, 0x06, 0x25, 0x0f, 0x38, 0x00, 0xff, 0x26, 0x0f, 0x40,
  0x04, 0xff, 0x76, 0x0f, 0x68, 0x07, 0x15, 0x0f, 0x28, 0x00, 0x05, 0x0f, 0xc8, 0x01, 0xff, 0x76,
  0x0f, 0x88, 0x01, 0xff, 0xff, 0xaf, 0x0f, 0x48, 0x07, 0xff, 0x26, 0x0f, 0x38, 0x01, 0x25, 0x0f,
  0x30, 0x04, 0xff, 0x76, 0x0c, 0x58, 0x07, 0x0f, 0x98, 0x01, 0x05, 0x0c, 0x28, 0x00, 0x04, 0x10,
  0x00, 0x0f, 0x30, 0x00, 0x05, 0x0f, 0x18, 0x00, 0xff, 0xff, 0xff, 0xff, 0x31, 0x0f, 0x58, 0x06,
  0x25, 0x0f, 0x38, 0x00, 0xff, 0x06, 0x0f, 0x90, 0x05, 0xff, 0x86, 0x04, 0x48, 0x07, 0x04, 0x08,
  0x00, 0x0f, 0xa8, 0x01, 0x05, 0x04, 0x20, 0x00, 0x0c, 0x08, 0x00, 0x0f, 0x30, 0x00, 0x05, 0x0f,
  0x18, 0x00, 0xff, 0xff, 0xff, 0xff, 0x31, 0x0f, 0x48, 0x07, 0xff, 0x06, 0x0f, 0x18, 0x01, 0x25,
  0x0f, 0x90, 0x05, 0xff, 0xff, 0xff, 0xff, 0x31, 0x0f, 0x40, 0x04, 0xff, 0xee, 0x0f, 0x78, 0x06,
  0x25, 0x0f, 0x38, 0x00, 0xe5, 0x0f, 0x30, 0x03, 0xff, 0xee, 0x0f, 0x00, 0x02, 0xff, 0xff, 0xff,
  0xff, 0x41, 0x0f, 0x48, 0x07, 0xe5, 0x0f, 0xf8, 0x00, 0x25, 0x0f, 0x80, 0x05, 0xff, 0xff, 0xff,
  0xff, 0x41, 0x0f, 0x50, 0x04, 0xff, 0xff, 0x07, 0x0f, 0xa0, 0x06, 0x25, 0x0f, 0x38, 0x00, 0xb5,
  0x0f, 0x18, 0x03, 0xff, 0xff, 0x07, 0x0f, 0x18, 0x02, 0xff, 0xff, 0xff, 0xff, 0x59, 0x0f, 0x48,
  0x07, 0xb5, 0x0f, 0xc8, 0x00, 0x25, 0x0f, 0x68, 0x05, 0xff, 0xff, 0xff, 0xff, 0x59, 0x0f, 0x68,
  0x04, 0xff, 0xff, 0x27, 0x0f, 0xd8, 0x06, 0x25, 0x0f, 0x38, 0x00, 0x75, 0x0f, 0xf8, 0x02, 0xff,
  0xff, 0x27, 0x0f, 0x38, 0x02, 0xff, 0xff, 0xff, 0xff, 0x79, 0x0f, 0x48, 0x07, 0x75, 0x0f, 0x88,
  0x00, 0x25, 0x0f, 0x48, 0x05, 0xff, 0xff, 0xff, 0xff, 0x79, 0x0f, 0x88, 0x04, 0xff, 0xff, 0x4f,
  0x0f, 0x20, 0x07, 0x25, 0x0f, 0x38, 0x00, 0x25, 0x0f, 0xd0, 0x02, 0xff, 0xff, 0x4f, 0x0f, 0x60,
  0x02, 0xff, 0xff, 0xff, 0xff, 0xa1, 0x0f, 0x48, 0x07, 0x25, 0x0f, 0x38, 0x00, 0x25, 0x0f, 0x20,
  0x05, 0xff, 0xff, 0xff, 0xff, 0xa1, 0x0f, 0xb0, 0x04, 0xff, 0xff, 0xff, 0xff, 0xff, 0xff, 0xff,
  0xff, 0xff, 0xff, 0xff, 0xff, 0xff, 0xff, 0xff, 0xff, 0xff, 0xff, 0xff, 0xff, 0xff, 0xff, 0xff,
  0xff, 0xff, 0xff, 0xff, 0xff, 0xff, 0xff, 0xff, 0xff, 0xff, 0xff, 0xff, 0xff, 0xff, 0xff, 0xff,
  0xff, 0xff, 0xff, 0xff, 0xff, 0xff, 0xff, 0xff, 0xff, 0xff, 0xff, 0xff, 0xff, 0xff, 0xff, 0xff,
  0xff, 0xff, 0xff, 0xff, 0xff, 0xff, 0xff, 0xff, 0xff, 0xff, 0xff, 0xff, 0xff, 0xff, 0xff, 0xff,
  0xff, 0xff, 0xff, 0xff, 0xff, 0xff, 0xff, 0xff, 0xff, 0xff, 0xff, 0xff, 0xff, 0xff, 0xff, 0xff,
  0xff, 0xff, 0xff, 0xff, 0xff, 0xff, 0xff, 0xff, 0xff, 0xff, 0xff, 0xff, 0xff, 0xff, 0xff, 0xff,
  0xff, 0xff, 0xff, 0xff, 0xff, 0xff, 0xff, 0xff, 0xff, 0xff, 0xff, 0xff, 0xff, 0xff, 0xff, 0xff,
  0xff, 0xff, 0xff, 0xff, 0xff, 0xff, 0xff, 0xff, 0xff, 0xff, 0xff, 0xff, 0xff, 0xff, 0xff, 0xff,
  0xff, 0xff, 0xff, 0xff, 0xff, 0xff, 0xff, 0xff, 0xff, 0xff, 0xff, 0xff, 0xff, 0xff, 0xff, 0xff,
  0xff, 0xff, 0xff, 0xff, 0xff, 0xff, 0xff, 0xff, 0xff, 0xff, 0xff, 0xff, 0xff, 0xff, 0xff, 0xff,
  0xff, 0xff, 0xff, 0xff, 0xff, 0xff, 0xff, 0xff, 0xff, 0xff, 0xff, 0xff, 0xff, 0xff, 0xff, 0xff,
  0xff, 0xff, 0xff, 0xff, 0xff, 0xff, 0xff, 0xff, 0xff, 0xff, 0xff, 0xff, 0xff, 0xff, 0xff, 0xff,
  0xff, 0xff, 0xff, 0xff, 0xff, 0xff, 0xff, 0xff, 0xff, 0xff, 0xff, 0xff, 0xff, 0xff, 0xff, 0xff,
  0xff, 0xff, 0xff, 0xff, 0xff, 0xff, 0xff, 0xff, 0xff, 0xff, 0xff, 0xff, 0xff, 0xff, 0xff, 0xff,
  0xff, 0xff, 0xff, 0xff, 0xff, 0xff, 0xff, 0xff, 0xff, 0xff, 0xff, 0xff, 0xff, 0xff, 0xff, 0xff,
  0xff, 0xff, 0xff, 0xff, 0xff, 0xff, 0xff, 0xff, 0xff, 0xff, 0xff, 0xff, 0xff, 0xff, 0xff, 0xff,
  0xff, 0xff, 0xff, 0xff, 0xff, 0xff, 0xff, 0xff, 0xff, 0xff, 0xff, 0xff, 0xff, 0xff, 0xff, 0xff,
  0xff, 0xff, 0xff, 0xff, 0xff, 0xff, 0xff, 0xff, 0xff, 0xff, 0xff, 0xff, 0xff, 0xff, 0xff, 0xff,
  0xff, 0xff, 0xff, 0xff, 0xff, 0xff, 0xff, 0xff, 0xff, 0xff, 0xff, 0xff, 0xff, 0xff, 0xff, 0xff,
  0xff, 0xff, 0xff, 0xff, 0xff, 0xff, 0xff, 0xff, 0xff, 0xff, 0xff, 0xff, 0xff, 0xff, 0xff, 0xff,
  0xff, 0xff, 0xff, 0xff, 0xff, 0xff, 0xff, 0xff, 0xff, 0xff, 0xff, 0xff, 0xff, 0xff, 0xff, 0xff,
  0xff, 0xff, 0xff, 0xff, 0xff, 0xff, 0xff, 0xff, 0xff, 0xff, 0xff, 0xff, 0xff, 0xff, 0xff, 0xff,
  0xff, 0xff, 0xff, 0xff, 0xff, 0xff, 0xff, 0xff, 0xff, 0xff, 0xff, 0xff, 0xff, 0xff, 0xff, 0xff,
  0xff, 0xff, 0xff, 0xff, 0xff, 0xff, 0xff, 0xff, 0xff, 0xff, 0xff, 0xff, 0xff, 0xff, 0xff, 0xff,
  0xff, 0xff, 0xff, 0xff, 0xff, 0xff, 0xff, 0xff, 0xff, 0xff, 0xff, 0xff, 0xff, 0xff, 0xff, 0xff,
  0xff, 0xff, 0xff, 0xff, 0xff, 0xff, 0xff, 0xff, 0xff, 0xff, 0xff, 0xff, 0xff, 0xff, 0xff, 0xff,
  0xff, 0xff, 0xff, 0xff, 0xff, 0xff, 0xff, 0xff, 0xff, 0xff, 0xff, 0xff, 0xff, 0xff, 0xff, 0xff,
  0xff, 0xff, 0xff, 0xff, 0xff, 0xff, 0xff, 0xff, 0xff, 0xff, 0xff, 0xff, 0xff, 0xff, 0xff, 0xff,
  0xff, 0xff, 0xff, 0xff, 0xff, 0xff, 0xff, 0xff, 0xff, 0xff, 0xff, 0xff, 0xff, 0xff, 0xff, 0xff,
  0xff, 0xff, 0xff, 0xff, 0xff, 0xff, 0xff, 0xff, 0xff, 0xff, 0xff, 0xff, 0xff, 0xff, 0xff, 0xff,
  0xff, 0xff, 0xff, 0xff, 0xff, 0xff, 0xff, 0xff, 0xff, 0xff, 0xff, 0xff, 0xff, 0xff, 0xff, 0xff,
  0xff, 0xff, 0xff, 0xff, 0xff, 0xff, 0xff, 0xff, 0xff, 0xff, 0xff, 0xff, 0xff, 0xff, 0xff, 0xff,
  0xff, 0xff, 0xff, 0xff, 0xff, 0xff, 0xff, 0xff, 0xff, 0xff, 0xff, 0xff, 0xff, 0xff, 0xff, 0xff,
  0xff, 0xff, 0xff, 0xff, 0xff, 0xff, 0xff, 0xff, 0xff, 0xff, 0xff, 0xff, 0xff, 0xff, 0xff, 0xff,
  0xff, 0xff, 0xff, 0xff, 0xff, 0xff, 0xff, 0xff, 0xff, 0xff, 0xff, 0xff, 0xff, 0xff, 0xff, 0xff,
  0xff, 0xff, 0xff, 0xff, 0xff, 0xff, 0xff, 0xff, 0xff, 0xff, 0xff, 0xff, 0xff, 0xff, 0xff, 0xff,
  0xff, 0xff, 0xff, 0xff, 0xff, 0xff, 0xff, 0xff, 0xff, 0xff, 0xff, 0xff, 0xff, 0xff, 0xff, 0xff,
  0xff, 0xff, 0xff, 0xff, 0xff, 0xff, 0xff, 0xff, 0xff, 0xff, 0xff, 0xff, 0xff, 0xff, 0xff, 0xff,
  0xff, 0xbd, 0xbf, 0xfd, 0xff, 0xff, 0xff, 0xfd, 0xff, 0xff, 0xff, 0x2d, 0x1d, 0x1f, 0x04, 0x00,
  0xff, 0x9b, 0x04, 0xb8, 0x01, 0x04, 0x02, 0x00, 0x04, 0x10, 0x00, 0x0f, 0xc8, 0x01, 0xff, 0x9e,
  0x0f, 0xb0, 0x01, 0xff, 0xff, 0xff, 0xf0, 0x0f, 0xb8, 0x05, 0xff, 0xa6, 0x04, 0xb8, 0x01, 0x04,
  0x02, 0x00, 0x04, 0x10, 0x00, 0x0f, 0xd0, 0x05, 0xff, 0xff, 0xff, 0xf0, 0x0f, 0x00, 0x04, 0xff,
  0x96, 0x04, 0xb8, 0x05, 0x0c, 0x02, 0x00, 0x0f, 0xc8, 0x05, 0xff, 0x86, 0x04, 0x98, 0x01, 0x0f,
  0x02, 0x00, 0x15, 0x0f, 0x88, 0x03, 0xff, 0x96, 0x0f, 0xa8, 0x01, 0xff, 0xff, 0xff, 0xe8, 0x0f,
  0xc8, 0x05, 0x05, 0x04, 0xe8, 0x05, 0x0f, 0x18, 0x04, 0xff, 0x7e, 0x04, 0x98, 0x01, 0x0f, 0x02,
  0x00, 0x15, 0x0f, 0xc0, 0x01, 0xff, 0x7e, 0x0f, 0x90, 0x01, 0xff, 0xff, 0xff, 0xf8, 0x0f, 0xc8,
  0x05, 0x15, 0x0f, 0x30, 0x04, 0xff, 0x76, 0x0f, 0x70, 0x07, 0x15, 0x0c, 0x02, 0x00, 0x04, 0xe8,
  0x01, 0x0f, 0xc8, 0x01, 0xff, 0x76, 0x0f, 0x88, 0x01, 0xff, 0xff, 0xff, 0xf8, 0x04, 0x98, 0x05,
  0x0f, 0x02, 0x00, 0x0d, 0x0f, 0x30, 0x04, 0xff, 0x76, 0x0f, 0xa8, 0x01, 0x0d, 0x0f, 0x02, 0x00,
  0x05, 0x04, 0xe8, 0x01, 0x0f, 0xc8, 0x01, 0xff, 0x76, 0x0f, 0x88, 0x01, 0xff, 0xff, 0xff, 0xf8,
  0x0f, 0xb0, 0x05, 0x05, 0x0f, 0x02, 0x00, 0x05, 0x0f, 0x38, 0x04, 0x8d, 0x04, 0x68, 0x06, 0x0f,
  0x08, 0x00, 0x35, 0x0f, 0xf0, 0x00, 0x6d, 0x04, 0xc8, 0x00, 0x0f, 0x02, 0x00, 0x35, 0x0f, 0xd0,
  0x00, 0x6d, 0x0f, 0x80, 0x00, 0xff, 0xff, 0xff, 0xff, 0xff, 0x02, 0x0f, 0xd8, 0x05, 0x1d, 0x0f,
  0x40, 0x05, 0x8d, 0x04, 0xb0, 0x06, 0x0f, 0x08, 0x00, 0x35, 0x0f, 0xf0, 0x00, 0x6d, 0x04, 0xc8,
  0x00, 0x0f, 0x02, 0x00, 0x35, 0x0f, 0xd0, 0x00, 0x6d, 0x0f, 0x80, 0x00, 0xff, 0xff, 0xff, 0xff,
  0xff, 0x02, 0x0f, 0xd8, 0x05, 0x25, 0x0f, 0x48, 0x05, 0x55, 0x04, 0x80, 0x06, 0x0c, 0x08, 0x00,
  0x0f, 0x02, 0x00, 0x75, 0x0c, 0x98, 0x00, 0x0c, 0x10, 0x00, 0x0f, 0x28, 0x01, 0x25, 0x04, 0x48,
  0x00, 0x0f, 0x02, 0x00, 0x3d, 0x04, 0x58, 0x00, 0x0f, 0x98, 0x00, 0x25, 0x0f, 0x38, 0x00, 0xff,
  0xff, 0xff, 0xff, 0xff, 0x42, 0x0f, 0xe0, 0x05, 0x25, 0x0f, 0x88, 0x05, 0x55, 0x04, 0x30, 0x06,
  0x0c, 0x08, 0x00, 0x0f, 0x02, 0x00, 0x75, 0x0c, 0x98, 0x00, 0x0c, 0x10, 0x00, 0x0f, 0x28, 0x01,
  0x25, 0x04, 0x48, 0x00, 0x0f, 0x02, 0x00, 0x3d, 0x04, 0x58, 0x00, 0x0f, 0x98, 0x00, 0x25, 0x0f,
  0x38, 0x00, 0xff, 0xff, 0xff, 0xff, 0xff, 0x3a, 0x04, 0x88, 0x05, 0x0f, 0x02, 0x00, 0x2d, 0x0f,
  0x90, 0x05, 0x1d, 0x04, 0x78, 0x00, 0x0c, 0x08, 0x00, 0x0f, 0x02, 0x00, 0xdd, 0x0c, 0x00, 0x01,
  0x04, 0x10, 0x00, 0x0f, 0x02, 0x00, 0x4d, 0x04, 0x68, 0x00, 0x0f, 0xb8, 0x01, 0x1d, 0x0f, 0x30,
  0x00, 0xff, 0xff, 0xff, 0xff, 0xff, 0x42, 0x04, 0x88, 0x05, 0x0f, 0x02, 0x00, 0x2d, 0x0f, 0x98,
  0x05, 0x1d, 0x04, 0x78, 0x00, 0x0c, 0x08, 0x00, 0x0f, 0x02, 0x00, 0xdd, 0x0c, 0x00, 0x01, 0x04,
  0x10, 0x00, 0x0f, 0x02, 0x00, 0x4d, 0x04, 0x68, 0x00, 0x0f, 0xb8, 0x01, 0x1d, 0x0f, 0x30, 0x00,
  0xff, 0xff, 0xff, 0xff, 0xff, 0x42, 0x04, 0x88, 0x05, 0x0f, 0x02, 0x00, 0x2d, 0x04, 0x48, 0x00,
  0x0c, 0x08, 0x00, 0x0f, 0x02, 0x00, 0xff, 0x8e, 0x0f, 0x50, 0x07, 0xff, 0xff, 0xff, 0xff, 0xff,
  0x42, 0x0f, 0x50, 0x05, 0x1d, 0x04, 0x30, 0x07, 0x0f, 0x02, 0x00, 0x2d, 0x04, 0x48, 0x00, 0x0c,
  0x08, 0x00, 0x0f, 0x02, 0x00, 0xff, 0x8e, 0x0f, 0x30, 0x02, 0x1d, 0x0f, 0x30, 0x00, 0xff, 0xff,
  0xff, 0xff, 0xff, 0x42, 0x0f, 0x20, 0x07, 0xff, 0x8e, 0x0f, 0x02, 0x00, 0x4d, 0x04, 0x30, 0x09,
  0x0f, 0x58, 0x07, 0xff, 0xff, 0xff, 0xff, 0xff, 0x42, 0x0f, 0x50, 0x05, 0x15, 0x0f, 0xe0, 0x05,
  0x4d, 0x0f, 0x02, 0x00, 0xff, 0x8e, 0x0f, 0x80, 0x07, 0xff, 0xff, 0xff, 0xff, 0xff, 0xff, 0xff,
  0xff, 0xff, 0xff, 0xff, 0xff, 0xff, 0xff, 0xff, 0xff, 0xff, 0xff, 0xff, 0xff, 0x79, 0x04, 0x78,
  0x14, 0x0f, 0x02, 0x00, 0xff, 0xee, 0x04, 0x08, 0x02, 0x0f, 0xb0, 0x18, 0x15, 0x0f, 0x28, 0x00,
  0xff, 0xff, 0xff, 0xff, 0xff, 0x3a, 0x04, 0x78, 0x05, 0x0f, 0x02, 0x00, 0xff, 0xee, 0x04, 0x08,
  0x02, 0x0f, 0x58, 0x07, 0xff, 0xff, 0xff, 0xff, 0xff, 0x3a, 0x0f, 0x48, 0x05, 0x15, 0x04, 0x78,
  0x05, 0x0f, 0x02, 0x00, 0xff, 0xee, 0x04, 0x08, 0x02, 0x0f, 0x38, 0x02, 0x15, 0x0f, 0x28, 0x00,
  0xff, 0xff, 0xff, 0xff, 0xff, 0x3a, 0x04, 0x78, 0x05, 0x0f, 0x02, 0x00, 0xff, 0xee, 0x04, 0x08,
  0x02, 0x0f, 0x58, 0x07, 0xff, 0xff, 0xff, 0xff, 0xff, 0x3a, 0x0f, 0x48, 0x05, 0x15, 0x04, 0x78,
  0x05, 0x0f, 0x02, 0x00, 0x3d, 0x39, 0x00, 0x00, 0x00, 0x04, 0x00, 0x0f, 0x60, 0x00, 0x3d, 0x0f,
  0x02, 0x00, 0xff, 0x3e, 0x04, 0x08, 0x02, 0x0f, 0x38, 0x02, 0x15, 0x0f, 0x28, 0x00, 0xff, 0xff,
  0xff, 0xff, 0xff, 0x3a, 0x04, 0x78, 0x05, 0x0f, 0x02, 0x00, 0x3d, 0x08, 0x7c, 0x07, 0x0f, 0x80,
  0x07, 0xff, 0xff, 0xff, 0xff, 0xff, 0xff, 0xff, 0x50, 0x0c, 0x68, 0x07, 0x0f, 0x10, 0x00, 0x1d,
  0x0f, 0xf8, 0x07, 0x3d, 0x0f, 0x02, 0x00, 0xff, 0x2e, 0x0f, 0xd8, 0x0e, 0xff, 0xff, 0xff, 0xff,
  0xff, 0x3a, 0x0f, 0x48, 0x05, 0x15, 0x0f, 0x00, 0x0f, 0x2d, 0x0f, 0x70, 0x07, 0x1d, 0x0c, 0x30,
  0x00, 0x0f, 0x30, 0x07, 0xff, 0x2e, 0x0f, 0x02, 0x00, 0x3d, 0x0f, 0x38, 0x02, 0x15, 0x0f, 0x28,
  0x00, 0xff, 0xff, 0xff, 0xff, 0xff, 0x3a, 0x0f, 0x80, 0x07, 0x1d, 0x0c, 0x40, 0x07, 0x0f, 0x10,
  0x00, 0x45, 0x0f, 0x58, 0x06, 0x3d, 0x0f, 0x02, 0x00, 0xff, 0x16, 0x0f, 0x58, 0x07, 0xff, 0xff,
  0xff, 0xff, 0xff, 0x3a, 0x0f, 0x48, 0x05, 0x15, 0x0f, 0x80, 0x07, 0xff, 0xff, 0xff, 0xff, 0xff,
  0xff, 0xff, 0x74, 0x0f, 0x18, 0x0e, 0x0d, 0x0f, 0xe0, 0x0e, 0x45, 0x0f, 0x58, 0x00, 0x15, 0x0f,
  0xa0, 0x00, 0x0d, 0x0f, 0x02, 0x00, 0xff, 0x3e, 0x0f, 0xb8, 0x09, 0x15, 0x0f, 0x28, 0x00, 0xff,
  0xff, 0xff, 0xff, 0xff, 0x3a, 0x0f, 0xc0, 0x06, 0x0d, 0x0f, 0x28, 0x07, 0x15, 0x0f, 0x28, 0x00,
  0x45, 0x0f, 0xa0, 0x00, 0x0d, 0x0f, 0x02, 0x00, 0xff, 0x3e, 0x0f, 0x58, 0x07, 0xff, 0xff, 0xff,
  0xff, 0xff, 0x3a, 0x0f, 0x48, 0x05, 0x15, 0x0f, 0xc0, 0x06, 0x0d, 0x0f, 0x58, 0x07, 0x45, 0x0f,
  0x58, 0x00, 0x0d, 0x0f, 0x98, 0x00, 0x0d, 0x0f, 0x02, 0x00, 0xff, 0x46, 0x0f, 0x38, 0x02, 0x05,
  0x0c, 0xb0, 0x01, 0x0f, 0x28, 0x00, 0x05, 0x0f, 0x18, 0x00, 0xff, 0xff, 0xff, 0xff, 0xff, 0x22,
  0x0f, 0xc8, 0x06, 0x0d, 0x0c, 0x78, 0x05, 0x0f, 0x10, 0x00, 0x55, 0x0f, 0x98, 0x00, 0x0d, 0x0f,
  0x02, 0x00, 0xff, 0x46, 0x0f, 0x40, 0x07, 0x05, 0x0c, 0xf8, 0x01, 0x0f, 0x28, 0x00, 0x05, 0x0f,
  0x18, 0x00, 0xff, 0xff, 0xff, 0xff, 0xc9, 0x0c, 0x00, 0x05, 0x0f, 0x10, 0x00, 0x1d, 0x0f, 0x18,
  0x05, 0x05, 0x0c, 0xc8, 0x06, 0x0f, 0x58, 0x00, 0x1d, 0x0f, 0x30, 0x00, 0x1d, 0x0c, 0x70, 0x00,
  0x0f, 0x02, 0x00, 0xff, 0x7e, 0x0c, 0x28, 0x02, 0x0f, 0xe0, 0x01, 0x0d, 0x0c, 0x30, 0x00, 0x0f,
  0x10, 0x00, 0xff, 0xff, 0xff, 0xff, 0xc9, 0x0f, 0x08, 0x05, 0x0d, 0x0f, 0x20, 0x00, 0x0d, 0x0f,
  0x18, 0x05, 0x05, 0x0c, 0x00, 0x07, 0x0f, 0x48, 0x00, 0x0d, 0x0f, 0x20, 0x00, 0x2d, 0x0c, 0x70,
  0x00, 0x0f, 0x02, 0x00, 0xff, 0x7e, 0x0c, 0x28, 0x02, 0x0f, 0xf0, 0x01, 0x0d, 0x0c, 0x30, 0x00,
  0x0f, 0x10, 0x00, 0xff, 0xff, 0xff, 0xff, 0xc1, 0x0f, 0x00, 0x05, 0x0d, 0x0f, 0x20, 0x00, 0x2d,
  0x0c, 0x00, 0x07, 0x0f, 0x50, 0x00, 0x2d, 0x0f, 0x40, 0x00, 0x05, 0x0c, 0x68, 0x00, 0x0f, 0x02,
  0x00, 0xff, 0x7e, 0x0f, 0xb8, 0x01, 0x05, 0x0f, 0x18, 0x00, 0x1d, 0x0f, 0x80, 0x07, 0xff, 0xff,
  0xff, 0xff, 0xff, 0xff, 0xff, 0xff, 0xff, 0xff, 0xff, 0xff, 0x39, 0x0f, 0x70, 0x0c, 0x1d, 0x0f,
  0x30, 0x00, 0x8d, 0x0f, 0xe8, 0x0e, 0xff, 0x7e, 0x04, 0x02, 0x00, 0x0f, 0x38, 0x02, 0x5d, 0x0f,
  0x18, 0x0f, 0xff, 0xff, 0xff, 0xff, 0x99, 0x0f, 0x18, 0x05, 0x5d, 0x0f, 0x70, 0x00, 0x4d, 0x04,
  0xf0, 0x05, 0x0f, 0x02, 0x00, 0xff, 0x7e, 0x0f, 0xf8, 0x01, 0x4d, 0x0c, 0x60, 0x00, 0x0f, 0x80,
  0x07, 0xff, 0xff, 0xff, 0xff, 0x81, 0x0c, 0xa0, 0x04, 0x0f, 0x10, 0x00, 0xad, 0x0f, 0x60, 0x07,
  0xff, 0x7e, 0x0c, 0x02, 0x00, 0x0f, 0x60, 0x02, 0x7d, 0x0f, 0x90, 0x07, 0xff, 0xff, 0xff, 0xff,
  0x71, 0x0f, 0x10, 0x05, 0x7d, 0x0f, 0x90, 0x00, 0x2d, 0x0c, 0xf0, 0x05, 0x0f, 0x02, 0x00, 0xff,
  0x7e, 0x0f, 0xe0, 0x01, 0x2d, 0x0f, 0x40, 0x00, 0x3d, 0x0f, 0x80, 0x07, 0xff, 0xff, 0xff, 0xff,
  0x69, 0x0f, 0xc8, 0x04, 0x3d, 0x0f, 0x50, 0x00, 0x6d, 0x0f, 0x68, 0x07, 0x2d, 0x7f, 0x6a, 0x6a,
  0x69, 0xff, 0x6a, 0x6a, 0x69, 0x47, 0x00, 0x2d, 0x0f, 0x02, 0x00, 0x66, 0x0f, 0xc0, 0x00, 0x95,
  0x0f, 0x28, 0x02, 0x6d, 0x0f, 0x70, 0x07, 0xff, 0xff, 0xff, 0xff, 0x69, 0x0c, 0x78, 0x04, 0x0f,
  0x08, 0x05, 0x6d, 0x0f, 0x80, 0x00, 0x3d, 0x0f, 0xf9, 0x06, 0x2d, 0x0f, 0xc0, 0x06, 0x95, 0x0f,
  0x02, 0x00, 0x05, 0x0f, 0xc0, 0x00, 0x95, 0x0f, 0xf8, 0x01, 0x3d, 0x0f, 0x50, 0x00, 0x1d, 0x0c,
  0x08, 0x03, 0x0f, 0x10, 0x00, 0xff, 0xff, 0xff, 0xff, 0x61, 0x0f, 0xb0, 0x04, 0x1d, 0x0f, 0x30,
  0x00, 0x95, 0x0f, 0x98, 0x06, 0x05, 0x0f, 0x02, 0x00, 0x0d, 0x04, 0xb8, 0x06, 0x0c, 0x08, 0x00,
  0x0f, 0x38, 0x00, 0x0d, 0x0f, 0x02, 0x00, 0x75, 0x0c, 0xb8, 0x00, 0x04, 0x10, 0x00, 0x0c, 0xa0,
  0x00, 0x0f, 0xc8, 0x01, 0x35, 0x0c, 0x58, 0x00, 0x0f, 0x02, 0x00, 0x0d, 0x0f, 0x78, 0x00, 0x35,
  0x0f, 0x48, 0x00, 0x0d, 0x0f, 0x48, 0x07, 0xff, 0xff, 0xff, 0xff, 0x61, 0x0f, 0x70, 0x04, 0x25,
  0x0f, 0xc8, 0x04, 0x0d, 0x0f, 0x20, 0x00, 0xa5, 0x0f, 0x08, 0x06, 0x0d, 0x0f, 0x02, 0x00, 0x05,
  0x04, 0xb0, 0x06, 0x0c, 0x08, 0x00, 0x0f, 0x30, 0x00, 0x05, 0x0f, 0x02, 0x00, 0x7d, 0x0c, 0xb8,
  0x00, 0x04, 0x10, 0x00, 0x0c, 0xa8, 0x00, 0x0f, 0xd8, 0x01, 0x35, 0x0c, 0x58, 0x00, 0x0f, 0x02,
  0x00, 0x0d, 0x0f, 0x78, 0x00, 0x35, 0x0f, 0x48, 0x00, 0x0d, 0x0f, 0x10, 0x03, 0x25, 0x0f, 0x38,
  0x00, 0xff, 0xff, 0xff, 0xff, 0x69, 0x0f, 0xd0, 0x04, 0x0d, 0x0f, 0x20, 0x00, 0x75, 0x0f, 0xe0,
  0x05, 0x0d, 0x0f, 0x02, 0x00, 0x25, 0x04, 0xa8, 0x06, 0x0f, 0x08, 0x00, 0x0d, 0x0f, 0x60, 0x00,
  0x25, 0x0f, 0x02, 0x00, 0x4d, 0x0f, 0xb8, 0x00, 0x0d, 0x04, 0x20, 0x00, 0x0f, 0xc8, 0x01, 0x55,
  0x0c, 0xf0, 0x00, 0x0f, 0x78, 0x00, 0x55, 0x0f, 0x40, 0x07, 0xff, 0xff, 0xff, 0xff, 0x69, 0x0f,
  0x78, 0x04, 0x2d, 0x0f, 0x20, 0x05, 0x55, 0x0f, 0x68, 0x00, 0x2d, 0x0c, 0xd8, 0x05, 0x0f, 0x02,
  0x00, 0x35, 0x04, 0xa0, 0x06, 0x0f, 0x08, 0x00, 0x0d, 0x0f, 0x70, 0x00, 0x35, 0x0f, 0x02, 0x00,
  0x3d, 0x0f, 0xb8, 0x00, 0x0d, 0x04, 0x20, 0x00, 0x0f, 0x80, 0x01, 0x2d, 0x0f, 0x40, 0x00, 0x15,
  0x0c, 0xe0, 0x00, 0x0f, 0x38, 0x00, 0x15, 0x0f, 0x28, 0x00, 0x2d, 0x0f, 0x08, 0x03, 0x2d, 0x0f,
  0x40, 0x00, 0xff, 0xff, 0xff, 0xff, 0x71, 0x0f, 0x00, 0x05, 0x2d, 0x0c, 0x40, 0x00, 0x0c, 0xd0,
  0x04, 0x0c, 0x20, 0x00, 0x04, 0x10, 0x00, 0x04, 0x28, 0x00, 0x04, 0xb8, 0x05, 0x04, 0x18, 0x00,
  0x0c, 0x08, 0x00, 0x04, 0x20, 0x00, 0x0f, 0x02, 0x00, 0x3d, 0x04, 0xa0, 0x06, 0x0f, 0x08, 0x00,
  0x0d, 0x0f, 0x78, 0x00, 0x3d, 0x0f, 0x02, 0x00, 0x35, 0x0f, 0xb8, 0x00, 0x05, 0x0c, 0x40, 0x01,
  0x0f, 0x10, 0x00, 0xc5, 0x04, 0x40, 0x02, 0x0f, 0x08, 0x00, 0xff, 0xff, 0xff, 0xff, 0xb1, 0x0f,
  0xa0, 0x05, 0x3d, 0x0c, 0x10, 0x05, 0x0f, 0x60, 0x00, 0x05, 0x04, 0x28, 0x00, 0x04, 0x90, 0x06,
  0x0f, 0x28, 0x00, 0x05, 0x04, 0x20, 0x00, 0x0f, 0x02, 0x00, 0x3d, 0x0f, 0xc0, 0x06, 0x05, 0x0c,
  0x18, 0x00, 0x0f, 0x78, 0x00, 0x3d, 0x0f, 0x02, 0x00, 0x35, 0x0c, 0xa8, 0x00, 0x04, 0x10, 0x00,
  0x0f, 0x48, 0x01, 0x05, 0x0f, 0x18, 0x00, 0xbd, 0x04, 0x40, 0x02, 0x0f, 0x08, 0x00, 0xff, 0xff,
  0xff, 0xff, 0xb9, 0x0f, 0xa0, 0x05, 0x2d, 0x0f, 0x08, 0x05, 0x25, 0x0f, 0x90, 0x06, 0x35, 0x0f,
  0x02, 0x00, 0x15, 0x04, 0xa8, 0x06, 0x0f, 0x08, 0x00, 0x1d, 0x0f, 0x60, 0x00, 0x15, 0x0f, 0x02,
  0x00, 0x4d, 0x0c, 0xb8, 0x00, 0x0f, 0xb8, 0x01, 0x2d, 0x0f, 0x40, 0x00, 0xa5, 0x0f, 0x70, 0x02,
  0x25, 0x0f, 0x38, 0x00, 0xff, 0xff, 0xff, 0xff, 0x89, 0x0f, 0x88, 0x05, 0x2d, 0x0f, 0xd8, 0x04,
  0x25, 0x0f, 0xb0, 0x06, 0x4d, 0x0c, 0x02, 0x00, 0x0c, 0xc0, 0x06, 0x0f, 0x10, 0x00, 0x15, 0x0c,
  0x48, 0x00, 0x0f, 0x02, 0x00, 0x65, 0x0c, 0xb0, 0x00, 0x0f, 0xb8, 0x01, 0x2d, 0x0f, 0x40, 0x00,
  0xa5, 0x0f, 0x70, 0x02, 0x25, 0x0f, 0x38, 0x00, 0xff, 0xff, 0xff, 0xff, 0x89, 0x0c, 0x88, 0x05,
  0x0f, 0xa8, 0x04, 0x05, 0x0c, 0x28, 0x00, 0x04, 0x10, 0x00, 0x0f, 0x30, 0x00, 0x05, 0x0f, 0x18,
  0x00, 0x05, 0x0f, 0x70, 0xac, 0x1d, 0x0f, 0x02, 0x00, 0x35, 0x0c, 0xc0, 0x06, 0x0f, 0x10, 0x00,
  0x15, 0x0f, 0x80, 0x00, 0x35, 0x0f, 0x02, 0x00, 0x2d, 0x04, 0x70, 0x01, 0x0f, 0x08, 0x00, 0xcd,
  0x04, 0x28, 0x01, 0x04, 0x28, 0x02, 0x0f, 0x48, 0x02, 0x05, 0x0f, 0x18, 0x00, 0xff, 0xff, 0xff,
  0xff, 0xb9, 0x0c, 0xd0, 0x05, 0x0f, 0xd8, 0x04, 0x05, 0x0c, 0x28, 0x00, 0x04, 0x10, 0x00, 0x0f,
  0x30, 0x00, 0x05, 0x0f, 0x18, 0x00, 0x05, 0x04, 0x58, 0x05, 0x0f, 0x02, 0x00, 0x5d, 0x0f, 0x70,
  0x07, 0x15, 0x0c, 0x28, 0x00, 0x0f, 0xa8, 0x00, 0x5d, 0x0f, 0x02, 0x00, 0x05, 0x04, 0x70, 0x01,
  0x0f, 0x08, 0x00, 0xcd, 0x04, 0x00, 0x01, 0x04, 0x28, 0x02, 0x0f, 0x48, 0x02, 0x05, 0x0f, 0x18,
  0x00, 0xff, 0xff, 0xff, 0xff, 0xff, 0x2a, 0x04, 0x58, 0x05, 0x0f, 0x02, 0x00, 0x5d, 0x0c, 0x58,
  0x07, 0x0f, 0x10, 0x00, 0x15, 0x0f, 0xa8, 0x00, 0x5d, 0x0c, 0x02, 0x00, 0x0f, 0x70, 0x07, 0xcd,
  0x04, 0xe0, 0x00, 0x0c, 0xf8, 0x00, 0x04, 0x28, 0x02, 0x0f, 0x68, 0x07, 0xff, 0xff, 0xff, 0xff,
  0xff, 0x2a, 0x0f, 0x38, 0x05, 0x05, 0x04, 0x58, 0x05, 0x0f, 0x02, 0x00, 0x5d, 0x0f, 0x70, 0x07,
  0x15, 0x0c, 0x28, 0x00, 0x0f, 0xa8, 0x00, 0x5d, 0x0c, 0x02, 0x00, 0x04, 0xa0, 0x06, 0x0f, 0x08,
  0x00, 0xcd, 0x0c, 0xf8, 0x00, 0x04, 0x28, 0x02, 0x0f, 0x48, 0x02, 0x05, 0x0f, 0x18, 0x00, 0xff,
  0xff, 0xff, 0xff, 0xff, 0x2a, 0x04, 0x58, 0x05, 0x0f, 0x02, 0x00, 0x5d, 0x0c, 0x58, 0x07, 0x0f,
  0x10, 0x00, 0x15, 0x0f, 0xa8, 0x00, 0x5d, 0x04, 0x02, 0x00, 0x0f, 0x70, 0x07, 0xcd, 0x0c, 0xe0,
  0x00, 0x04, 0xf8, 0x00, 0x04, 0x02, 0x00, 0x04, 0x28, 0x02, 0x0f, 0x68, 0x07, 0xff, 0xff, 0xff,
  0xff, 0xff, 0x2a, 0x0f, 0x38, 0x05, 0x05, 0x04, 0x58, 0x05, 0x0f, 0x02, 0x00, 0x5d, 0x0f, 0x70,
  0x07, 0x15, 0x0c, 0x28, 0x00, 0x0f, 0xa8, 0x00, 0x5d, 0x04, 0x02, 0x00, 0x0c, 0xa0, 0x06, 0x0f,
  0x10, 0x00, 0xcd, 0x04, 0xf8, 0x00, 0x04, 0x02, 0x00, 0x04, 0x28, 0x02, 0x0f, 0x48, 0x02, 0x05,
  0x0f, 0x18, 0x00, 0xff, 0xff, 0xff, 0xff, 0xff, 0x2a, 0x04, 0x58, 0x05, 0x0f, 0x02, 0x00, 0x5d,
  0x0c, 0x58, 0x07, 0x0f, 0x10, 0x00, 0x15, 0x0f, 0xa8, 0x00, 0x5d, 0x0c, 0x02, 0x00, 0x0f, 0x78,
  0x07, 0xad, 0x0c, 0xd0, 0x00, 0x0f, 0x02, 0x00, 0x15, 0x04, 0x28, 0x02, 0x0f, 0x68, 0x07, 0xff,
  0xff, 0xff, 0xff, 0xff, 0x2a, 0x0f, 0x38, 0x05, 0x05, 0x04, 0x58, 0x05, 0x0f, 0x02, 0x00, 0x5d,
  0x0f, 0x70, 0x07, 0x15, 0x0c, 0x28, 0x00, 0x0f, 0xa8, 0x00, 0x5d, 0x0c, 0x02, 0x00, 0x0f, 0x80,
  0x07, 0xff, 0xff, 0xff, 0xff, 0xff, 0xff, 0x43, 0x0c, 0x60, 0x06, 0x0f, 0x02, 0x00, 0x55, 0x0c,
  0x58, 0x07, 0x0f, 0x10, 0x00, 0x15, 0x0f, 0xa0, 0x00, 0x55, 0x0f, 0x02, 0x00, 0x0d, 0x0f, 0x88,
  0x07, 0x4d, 0x0c, 0x80, 0x00, 0x0f, 0x70, 0x00, 0x05, 0x0f, 0x28, 0x00, 0x15, 0x04, 0x40, 0x00,
  0x0c, 0x30, 0x00, 0x0f, 0x02, 0x00, 0x15, 0x04, 0xa8, 0x09, 0x0f, 0xc8, 0x09, 0x05, 0x0f, 0x18,
  0x00, 0xff, 0xff, 0xff, 0xff, 0xff, 0x2a, 0x0f, 0x80, 0x05, 0x15, 0x0f, 0x02, 0x00, 0x3d, 0x0f,
  0x70, 0x07, 0x15, 0x0c, 0x28, 0x00, 0x0f, 0x88, 0x00, 0x3d, 0x0f, 0x02, 0x00, 0x25, 0x04, 0xd0,
  0x06, 0x0f, 0x08, 0x00, 0x45, 0x0c, 0x98, 0x00, 0x0f, 0x68, 0x00, 0x05, 0x0f, 0x28, 0x00, 0x15,
  0x04, 0x40, 0x00, 0x0c, 0x30, 0x00, 0x0f, 0x02, 0x00, 0x15, 0x0f, 0x80, 0x07, 0xff, 0xff, 0xff,
  0xff, 0xff, 0xc2, 0x04, 0x02, 0x00, 0x0c, 0x60, 0x07, 0x0f, 0x10, 0x00, 0x05, 0x04, 0x30, 0x00,
  0x0f, 0x02, 0x00, 0x7d, 0x04, 0xb0, 0x00, 0x04, 0xe0, 0x06, 0x0f, 0x08, 0x00, 0x25, 0x0f, 0xd8,
  0x00, 0x7d, 0x0f, 0x02, 0x00, 0x05, 0x0f, 0xe8, 0x0e, 0xff, 0xff, 0xff, 0xff, 0xff, 0x2a, 0x0f,
  0x38, 0x05, 0x05, 0x0f, 0x68, 0x05, 0x05, 0x0f, 0x02, 0x00, 0x55, 0x04, 0xc0, 0x06, 0x0f, 0x08,
  0x00, 0x0d, 0x0f, 0x90, 0x00, 0x55, 0x0f, 0x02, 0x00, 0x1d, 0x04, 0xb8, 0x00, 0x0f, 0x78, 0x07,
  0x25, 0x04, 0x38, 0x00, 0x0f, 0x78, 0x00, 0x1d, 0x0f, 0x02, 0x00, 0x65, 0x0f, 0x48, 0x02, 0x05,
  0x0f, 0x18, 0x00, 0xff, 0xff, 0xff, 0xff, 0xff, 0x2a, 0x0f, 0xc8, 0x05, 0x65, 0x04, 0x02, 0x00,
  0x04, 0xc0, 0x06, 0x0f, 0x08, 0x00, 0x0d, 0x04, 0x30, 0x00, 0x0f, 0x02, 0x00, 0x7d, 0x04, 0xb8,
  0x00, 0x04, 0x48, 0x07, 0x04, 0x08, 0x00, 0x04, 0x18, 0x00, 0x04, 0x08, 0x00, 0x04, 0xb8, 0x00,
  0x04, 0x20, 0x00, 0x0c, 0x08, 0x00, 0x04, 0x20, 0x00, 0x0f, 0x02, 0x00, 0x8d, 0x0f, 0x68, 0x07,
  0xff, 0xff, 0xff, 0xff, 0xff, 0x2a, 0x0f, 0x38, 0x05, 0x05, 0x0f, 0xf0, 0x05, 0x6d, 0x04, 0xa0,
  0x06, 0x0f, 0x08, 0x00, 0x0d, 0x0f, 0xa8, 0x00, 0x6d, 0x0f, 0x02, 0x00, 0x05, 0x04, 0xb8, 0x00,
  0x0c, 0x50, 0x07, 0x04, 0x18, 0x00, 0x04, 0x08, 0x00, 0x04, 0x40, 0x00, 0x0c, 0x28, 0x00, 0x04,
  0x10, 0x00, 0x04, 0x20, 0x00, 0x0f, 0x02, 0x00, 0x8d, 0x0f, 0x48, 0x02, 0x05, 0x0f, 0x18, 0x00,
  0xff, 0xff, 0xff, 0xff, 0xff, 0x22, 0x04, 0x50, 0x23, 0x0f, 0x02, 0x00, 0x75, 0x04, 0xa8, 0x06,
  0x0c, 0x08, 0x00, 0x0f, 0xa0, 0x00, 0x75, 0x0f, 0x02, 0x00, 0x0d, 0x0c, 0xb8, 0x00, 0x04, 0x10,
  0x00, 0x0f, 0x38, 0x00, 0x0d, 0x0f, 0x02, 0x00, 0x9d, 0x0f, 0x68, 0x07, 0xff, 0xff, 0xff, 0xff,
  0xff, 0x22, 0x0f, 0x30, 0x05, 0x05, 0x0f, 0x80, 0x07, 0xff, 0xff, 0xff, 0xff, 0xff, 0xff, 0xff,
  0xff, 0x05, 0x04, 0x02, 0x00, 0x0f, 0x38, 0x0e, 0xad, 0x0f, 0xc0, 0x00, 0xad, 0x0f, 0x02, 0x00,
  0x0d, 0x0f, 0xd0, 0x09, 0x05, 0x0f, 0x18, 0x00, 0xff, 0xff, 0xff, 0xff, 0xff, 0x22, 0x0f, 0x00,
  0x0f, 0x7d, 0x04, 0x02, 0x00, 0x0f, 0xc0, 0x06, 0xad, 0x0f, 0xc0, 0x00, 0xad, 0x0f, 0x02, 0x00,
  0x0d, 0x0f, 0x68, 0x07, 0xff, 0xff, 0xff, 0xff, 0xff, 0x22, 0x0f, 0x30, 0x05, 0x05, 0x0f, 0x80,
  0x07, 0x85, 0x0f, 0x02, 0x00, 0xff, 0x8e, 0x0f, 0x50, 0x02, 0x05, 0x0f, 0x18, 0x00, 0xff, 0xff,
  0xff, 0xff, 0xff, 0x22, 0x0f, 0x80, 0x07, 0xff, 0xff, 0xff, 0xff, 0xff, 0xff, 0xff, 0xff, 0xff,
  0xff, 0xff, 0xff, 0xff, 0xff, 0xff, 0xff, 0xff, 0xff, 0xff, 0xff, 0xff, 0xff, 0x7b, 0x0f, 0x78,
  0x16, 0xff, 0xff, 0x27, 0x04, 0x02, 0x00, 0x04, 0x40, 0x02, 0x0f, 0xf0, 0x1d, 0xff, 0xff, 0xff,
  0xff, 0xff, 0x22, 0x04, 0x30, 0x05, 0x04, 0x40, 0x05, 0x0f, 0x02, 0x00, 0xff, 0xff, 0x27, 0x04,
  0x40, 0x02, 0x04, 0x50, 0x02, 0x0f, 0x08, 0x00, 0xff, 0xff, 0xff, 0xff, 0xff, 0x22, 0x0f, 0x78,
  0x07, 0xff, 0xff, 0x27, 0x04, 0x02, 0x00, 0x0f, 0x80, 0x07, 0xff, 0xff, 0xff, 0xff, 0xff, 0xff,
  0xff, 0xff, 0xff, 0xff, 0xff, 0xff, 0xb1, 0x0f, 0xe8, 0x5f, 0x9d, 0x0f, 0x02, 0x00, 0xb5, 0x04,
  0x78, 0x01, 0x0c, 0x08, 0x00, 0x0f, 0xe0, 0x00, 0xa5, 0x04, 0x00, 0x0f, 0x04, 0x08, 0x00, 0x0f,
  0x80, 0x16, 0xff, 0xff, 0xff, 0xff, 0xff, 0x1a, 0x04, 0x00, 0x06, 0x0f, 0xf8, 0x05, 0xa5, 0x0f,
  0x02, 0x00, 0xa5, 0x04, 0x78, 0x01, 0x0c, 0x08, 0x00, 0x0f, 0xd0, 0x00, 0xa5, 0x04, 0x78, 0x07,
  0x04, 0x08, 0x00, 0x0f, 0x80, 0x07, 0xff, 0xff, 0xff, 0xff, 0xff, 0x0a, 0x0c, 0xf0, 0x05, 0x0f,
  0x10, 0x00, 0x05, 0x0f, 0x08, 0x06, 0xa5, 0x0f, 0x02, 0x00, 0x8d, 0x0f, 0x70, 0x01, 0x05, 0x0c,
  0x18, 0x00, 0x0f, 0xc8, 0x00, 0x8d, 0x0c, 0x02, 0x00, 0x04, 0x78, 0x07, 0x04, 0x02, 0x00, 0x0f,
  0x80, 0x07, 0xff, 0xff, 0xff, 0xff, 0xff, 0xff, 0xff, 0xff, 0xff, 0xff, 0xff, 0xff, 0x79, 0x0c,
  0x50, 0x0d, 0x0f, 0x10, 0x00, 0x2d, 0x04, 0xd8, 0x0c, 0x0f, 0x02, 0x00, 0xed, 0x0f, 0x48, 0x61,
  0x1d, 0x0f, 0x78, 0x01, 0x2d, 0x04, 0x40, 0x00, 0x0f, 0x78, 0x01, 0x8d, 0x0c, 0x00, 0x0f, 0x04,
  0x10, 0x00, 0x0f, 0x08, 0x0f, 0xff, 0xff, 0xff, 0xff, 0xe9, 0x04, 0xb8, 0x05, 0x0f, 0x08, 0x00,
  0x35, 0x0f, 0x00, 0x06, 0x8d, 0x0f, 0x02, 0x00, 0x55, 0x0f, 0x80, 0x07, 0xff, 0xff, 0xff, 0xff,
  0xff, 0xff, 0xff, 0x2c, 0x0f, 0x38, 0x07, 0x0d, 0x0f, 0x20, 0x00, 0x0d, 0x0c, 0x02, 0x00, 0x0c,
  0x30, 0x00, 0x0f, 0xe8, 0x08, 0x35, 0x0f, 0x48, 0x00, 0x15, 0x0c, 0x90, 0x00, 0x0f, 0x02, 0x00,
  0x6d, 0x04, 0xf0, 0x0e, 0x0c, 0x02, 0x00, 0x0f, 0x00, 0x0f, 0xff, 0xff, 0xff, 0xff, 0xff, 0xfa,
  0x0c, 0x30, 0x07, 0x0c, 0x02, 0x00, 0x0f, 0x20, 0x00, 0x0d, 0x0c, 0x02, 0x00, 0x0c, 0x30, 0x00,
  0x0f, 0x38, 0x07, 0x15, 0x0f, 0x28, 0x00, 0x35, 0x0c, 0x90, 0x00, 0x0f, 0x02, 0x00, 0x6d, 0x0f,
  0x80, 0x07, 0xff, 0xff, 0xff, 0xff, 0xb1, 0x0f, 0x98, 0x05, 0x1d, 0x0f, 0x58, 0x0c, 0x05, 0x0f,
  0x48, 0x00, 0x1d, 0x0c, 0x30, 0x00, 0x0f, 0xc8, 0x05, 0x6d, 0x0f, 0x02, 0x00, 0x3d, 0x0c, 0x28,
  0x07, 0x0f, 0x02, 0x00, 0x05, 0x04, 0x28, 0x00, 0x04, 0x08, 0x00, 0x0f, 0x28, 0x00, 0x05, 0x0c,
  0x30, 0x01, 0x0f, 0x10, 0x00, 0x85, 0x0f, 0xc0, 0x00, 0x05, 0x0f, 0x02, 0x00, 0x5d, 0x04, 0x98,
  0x07, 0x0f, 0xb0, 0x02, 0x05, 0x0f, 0x18, 0x00, 0xff, 0xff, 0xff, 0xff, 0x79, 0x0f, 0xc8, 0x05,
  0x1d, 0x0f, 0xb8, 0x04, 0x05, 0x0f, 0x48, 0x00, 0x1d, 0x0c, 0x30, 0x00, 0x0f, 0xa0, 0x05, 0x5d,
  0x0f, 0x02, 0x00, 0x4d, 0x0f, 0x50, 0x07, 0x0d, 0x04, 0x02, 0x00, 0x04, 0x28, 0x00, 0x04, 0x08,
  0x00, 0x04, 0x18, 0x00, 0x0c, 0x02, 0x00, 0x0c, 0x30, 0x01, 0x0f, 0x10, 0x00, 0x85, 0x0c, 0xb8,
  0x00, 0x0f, 0x02, 0x00, 0x65, 0x0f, 0x80, 0x07, 0xff, 0xff, 0xff, 0xff, 0x91, 0x0f, 0xc0, 0x05,
  0x6d, 0x04, 0x98, 0x05, 0x04, 0x28, 0x05, 0x0f, 0x02, 0x00, 0xc5, 0x04, 0x58, 0x07, 0x0f, 0x08,
  0x00, 0x05, 0x0c, 0xf8, 0x00, 0x04, 0x28, 0x00, 0x0f, 0xa0, 0x01, 0x6d, 0x0f, 0x80, 0x00, 0x3d,
  0x0c, 0xe8, 0x00, 0x0f, 0x02, 0x00, 0x55, 0x0f, 0x30, 0x0a, 0x05, 0x0f, 0x18, 0x00, 0xff, 0xff,
  0xff, 0xff, 0x71, 0x0f, 0x60, 0x05, 0x3d, 0x0f, 0x50, 0x00, 0x1d, 0x04, 0x80, 0x05, 0x0f, 0x80,
  0x07, 0xff, 0xff, 0xff, 0xff, 0xff, 0xff, 0xff, 0x5c, 0x04, 0x70, 0x07, 0x0c, 0x02, 0x00, 0x0f,
  0x80, 0x07, 0xcd, 0x0f, 0x02, 0x00, 0x1d, 0x0f, 0xc8, 0x08, 0x1d, 0x0f, 0x30, 0x00, 0x9d, 0x0f,
  0x10, 0x01, 0x1d, 0x0f, 0x02, 0x00, 0x2d, 0x04, 0x60, 0x02, 0x0f, 0xf0, 0x0e, 0xff, 0xff, 0xff,
  0xff, 0x71, 0x0c, 0x80, 0x04, 0x0f, 0xb8, 0x05, 0x5d, 0x0f, 0x48, 0x05, 0x05, 0x04, 0x20, 0x05,
  0x0f, 0x02, 0x00, 0xf5, 0x0f, 0x98, 0x01, 0x5d, 0x0f, 0x70, 0x00, 0x5d, 0x0f, 0xe8, 0x01, 0x5d,
  0x04, 0x60, 0x02, 0x0c, 0x00, 0x03, 0x0f, 0x10, 0x00, 0xff, 0xff, 0xff, 0xff, 0x71, 0x0f, 0x78,
  0x05, 0x75, 0x04, 0x20, 0x05, 0x0f, 0x02, 0x00, 0xed, 0x0f, 0x90, 0x01, 0x5d, 0x0f, 0x70, 0x00,
  0x45, 0x0f, 0xc8, 0x01, 0x85, 0x0f, 0x70, 0x07, 0xff, 0xff, 0xff, 0xff, 0x71, 0x0c, 0x80, 0x04,
  0x0f, 0x80, 0x05, 0x45, 0x0f, 0x58, 0x00, 0x05, 0x0f, 0x98, 0x05, 0x05, 0x0f, 0x80, 0x07, 0xff,
  0xff, 0xff, 0xff, 0xff, 0xff, 0xff, 0x3c, 0x0c, 0xe0, 0x07, 0x04, 0x10, 0x00, 0x0f, 0x78, 0x07,
  0x05, 0x0f, 0x02, 0x00, 0xed, 0x0f, 0xa8, 0x08, 0x05, 0x0f, 0x18, 0x00, 0x7d, 0x0f, 0xa8, 0x01,
  0xb5, 0x04, 0xe8, 0x09, 0x04, 0x98, 0x02, 0x0f, 0x08, 0x00, 0xff, 0xff, 0xff, 0xff, 0x71, 0x0f,
  0xe8, 0x05, 0x3d, 0x0f, 0xd0, 0x04, 0x05, 0x0f, 0xc0, 0x05, 0xb5, 0x0f, 0x02, 0x00, 0x3d, 0x0f,
  0x80, 0x01, 0x3d, 0x0f, 0x50, 0x00, 0x45, 0x0f, 0xf8, 0x00, 0x3d, 0x0f, 0x02, 0x00, 0x65, 0x0f,
  0x80, 0x07, 0xff, 0xff, 0xff, 0xff, 0xa1, 0x04, 0x50, 0x07, 0x0c, 0xd8, 0x05, 0x04, 0x18, 0x00,
  0x04, 0x08, 0x00, 0x04, 0x20, 0x00, 0x04, 0x10, 0x00, 0x0c, 0x08, 0x00, 0x0f, 0x70, 0x05, 0x45,
  0x04, 0x78, 0x00, 0x0f, 0x08, 0x00, 0x55, 0x0f, 0xc8, 0x00, 0x35, 0x0f, 0xb0, 0x00, 0x55, 0x0f,
  0x68, 0x00, 0x25, 0x0f, 0xe8, 0x00, 0x35, 0x0f, 0x02, 0x00, 0x5d, 0x04, 0x60, 0x07, 0x0f, 0x02,
  0x00, 0x05, 0x04, 0x20, 0x00, 0x0c, 0xa0, 0x02, 0x0f, 0x10, 0x00, 0xff, 0xff, 0xff, 0xff, 0x69,
  0x0f, 0xa0, 0x05, 0x0d, 0x04, 0x98, 0x04, 0x0c, 0x28, 0x00, 0x04, 0x18, 0x00, 0x04, 0x08, 0x00,
  0x04, 0x20, 0x00, 0x04, 0x10, 0x00, 0x0c, 0x08, 0x00, 0x0f, 0x10, 0x05, 0x05, 0x0f, 0x02, 0x00,
  0x2d, 0x04, 0x78, 0x00, 0x0f, 0x08, 0x00, 0x55, 0x0f, 0xb0, 0x00, 0x2d, 0x04, 0x02, 0x00, 0x0f,
  0xb0, 0x00, 0x55, 0x0f, 0x68, 0x00, 0x25, 0x04, 0xa8, 0x00, 0x0f, 0x02, 0x00, 0x9d, 0x04, 0x60,
  0x07, 0x0f, 0x02, 0x00, 0x05, 0x04, 0x20, 0x00, 0x0c, 0xa0, 0x02, 0x0f, 0x10, 0x00, 0xff, 0xff,
  0xff, 0xff, 0x71, 0x0c, 0xa8, 0x05, 0x0f, 0x90, 0x04, 0x3d, 0x04, 0xf8, 0x04, 0x0c, 0x08, 0x00,
  0x04, 0x68, 0x00, 0x0f, 0x30, 0x05, 0x05, 0x0c, 0x02, 0x00, 0x0c, 0xa8, 0x00, 0x0f, 0x10, 0x00,
  0x7d, 0x0c, 0xb0, 0x00, 0x04, 0x02, 0x00, 0x0f, 0xa8, 0x00, 0x7d, 0x0f, 0x90, 0x00, 0x05, 0x04,
  0xb0, 0x00, 0x0f, 0x02, 0x00, 0xa5, 0x0c, 0x60, 0x02, 0x0c, 0x10, 0x00, 0x04, 0x70, 0x02, 0x0f,
  0x08, 0x00, 0xff, 0xff, 0xff, 0xff, 0x81, 0x0c, 0x90, 0x05, 0x0f, 0xa0, 0x04, 0x3d, 0x0c, 0x08,
  0x05, 0x04, 0x10, 0x00, 0x04, 0x68, 0x00, 0x0f, 0xf0, 0x05, 0x15, 0x0c, 0xa8, 0x00, 0x0f, 0x10,
  0x00, 0x7d, 0x0f, 0xc8, 0x00, 0x05, 0x0f, 0xa8, 0x00, 0x7d, 0x0f, 0x90, 0x00, 0x05, 0x0f, 0xc0,
  0x00, 0x05, 0x0f, 0x02, 0x00, 0x95, 0x04, 0x58, 0x02, 0x0f, 0x08, 0x00, 0x05, 0x04, 0x70, 0x02,
  0x0f, 0x08, 0x00, 0xff, 0xff, 0xff, 0xff, 0xff, 0x02, 0x0f, 0xe0, 0x05, 0x05, 0x0f, 0x28, 0x06,
  0x05, 0x0f, 0x18, 0x00, 0xff, 0x46, 0x0f, 0x88, 0x01, 0x05, 0x0f, 0x02, 0x00, 0x95, 0x04, 0x78,
  0x07, 0x0f, 0x60, 0x07, 0xff, 0xff, 0xff, 0xff, 0xff, 0x02, 0x0f, 0x10, 0x05, 0x0d, 0x0f, 0xe0,
  0x05, 0x05, 0x0f, 0x68, 0x07, 0xff, 0x46, 0x0f, 0x58, 0x01, 0x05, 0x0f, 0x88, 0x01, 0x05, 0x0f,
  0x02, 0x00, 0x95, 0x0f, 0x80, 0x07, 0xff, 0xff, 0xff, 0xff, 0xff, 0x32, 0x0f, 0x18, 0x06, 0x05,
  0x0f, 0x18, 0x00, 0xff, 0x4e, 0x0f, 0x60, 0x07, 0x95, 0x0f, 0x02, 0x00, 0x15, 0x0f, 0xf0, 0x09,
  0x0d, 0x0f, 0x20, 0x00, 0xff, 0xff, 0xff, 0xff, 0xff, 0x02, 0x04, 0x58, 0x05, 0x0f, 0x68, 0x07,
  0xff, 0x4e, 0x0f, 0x60, 0x01, 0x05, 0x04, 0x80, 0x01, 0x0f, 0x02, 0x00, 0xb5, 0x0f, 0x60, 0x07,
  0xff, 0xff, 0xff, 0xff, 0xff, 0x02, 0x0f, 0x10, 0x05, 0x05, 0x0f, 0x10, 0x06, 0x05, 0x0f, 0x18,
  0x00, 0xff, 0x5e, 0x0f, 0x78, 0x07, 0xb5, 0x04, 0x80, 0x16, 0x04, 0x02, 0x00, 0x0f, 0x78, 0x02,
  0x05, 0x0f, 0x18, 0x00, 0x05, 0x0c, 0x78, 0x02, 0x0f, 0x28, 0x00, 0x05, 0x0f, 0x18, 0x00, 0xff,
  0xff, 0xff, 0xff, 0xb9, 0x0c, 0xf0, 0x04, 0x0f, 0x10, 0x00, 0xff, 0x66, 0x04, 0xb0, 0x06, 0x0f,
  0x02, 0x00, 0xad, 0x0f, 0x80, 0x07, 0xff, 0xff, 0xff, 0xff, 0xff, 0x1a, 0x0f, 0x68, 0x07, 0xff,
  0x66, 0x0c, 0x78, 0x01, 0x0f, 0x70, 0x07, 0xad, 0x0f, 0x02, 0x00, 0x0d, 0x0f, 0xa8, 0x0e, 0x05,
  0x0c, 0x08, 0x01, 0x0f, 0x10, 0x00, 0x1d, 0x0f, 0x58, 0x00, 0x05, 0x0f, 0x18, 0x00, 0xff, 0xff,
  0xff, 0xff, 0x99, 0x0f, 0xf0, 0x04, 0x1d, 0x0f, 0x30, 0x00, 0xff, 0x46, 0x0f, 0xc0, 0x06, 0x0d,
  0x0f, 0x02, 0x00, 0xad, 0x0f, 0x10, 0x07, 0x05, 0x0f, 0x50, 0x02, 0x2d, 0x0f, 0x58, 0x00, 0x05,
  0x0f, 0x18, 0x00, 0xff, 0xff, 0xff, 0xff, 0x89, 0x0f, 0xf0, 0x04, 0x2d, 0x0f, 0x40, 0x00, 0xff,
  0x16, 0x0f, 0x30, 0x07, 0xad, 0x0f, 0x02, 0x00, 0x45, 0x0f, 0x40, 0x02, 0x55, 0x0f, 0x80, 0x07,
  0xff, 0xff, 0xff, 0xff, 0xff, 0xff, 0xff, 0xff, 0xff, 0xff, 0xff, 0xff, 0x09, 0x0f, 0x78, 0x0c,
  0x55, 0x0f, 0x68, 0x00, 0xed, 0x0f, 0x38, 0x0e, 0x45, 0x0f, 0x02, 0x00, 0xa5, 0x0f, 0x10, 0x02,
  0x6d, 0x0f, 0x08, 0x0f, 0xff, 0xff, 0xff, 0xff, 0x79, 0x0f, 0x08, 0x05, 0x6d, 0x0f, 0x80, 0x00,
  0xd5, 0x0f, 0x28, 0x07, 0xa5, 0x0f, 0x02, 0x00, 0x45, 0x0f, 0xf8, 0x01, 0x6d, 0x0f, 0x80, 0x07,
  0xff, 0xff, 0xff, 0xff, 0x71, 0x0f, 0x00, 0x05, 0x6d, 0x0f, 0x80, 0x00, 0xdd, 0x0f, 0xc8, 0x06,
  0x45, 0x0f, 0x02, 0x00, 0xa5, 0x0f, 0x00, 0x02, 0x65, 0x0f, 0x78, 0x07, 0xff, 0xff, 0xff, 0xff,
  0x71, 0x04, 0x80, 0x04, 0x0f, 0x00, 0x05, 0x65, 0x0f, 0x78, 0x00, 0xe5, 0x0f, 0x28, 0x07, 0xa5,
  0x0f, 0x02, 0x00, 0x45, 0x0f, 0x08, 0x02, 0x65, 0x04, 0x00, 0x03, 0x0f, 0x08, 0x00, 0xff, 0xff,
  0xff, 0xff, 0x61, 0x0f, 0xf0, 0x04, 0x65, 0x0f, 0x78, 0x00, 0xed, 0x0f, 0xc0, 0x06, 0x45, 0x0f,
  0x02, 0x00, 0x35, 0x0f, 0xa0, 0x01, 0x2d, 0x0f, 0x88, 0x00, 0x15, 0x0f, 0x68, 0x00, 0x2d, 0x0f,
  0x40, 0x00, 0x0d, 0x0f, 0x50, 0x07, 0xff, 0xff, 0xff, 0xff, 0x61, 0x0f, 0x70, 0x04, 0x1d, 0x0f,
  0xc0, 0x04, 0x0d, 0x0f, 0x20, 0x00, 0xff, 0x46, 0x0f, 0xa0, 0x06, 0x15, 0x0f, 0x02, 0x00, 0x65,
  0x0f, 0xf8, 0x01, 0x2d, 0x0f, 0xb8, 0x00, 0x15, 0x0f, 0x68, 0x00, 0x2d, 0x0f, 0x40, 0x00, 0x0d,
  0x0f, 0x10, 0x03, 0x1d, 0x0f, 0x30, 0x00, 0xff, 0xff, 0xff, 0xff, 0x59, 0x0f, 0xb8, 0x04, 0x0d,
  0x0f, 0x20, 0x00, 0xff, 0x46, 0x0f, 0x98, 0x06, 0x15, 0x0f, 0x02, 0x00, 0x65, 0x0f, 0xf8, 0x01,
  0x4d, 0x0c, 0xd8, 0x00, 0x0f, 0x70, 0x00, 0x45, 0x0f, 0x48, 0x07, 0xff, 0xff, 0xff, 0xff, 0x59,
  0x0f, 0x68, 0x04, 0x25, 0x0f, 0xf8, 0x04, 0x45, 0x0f, 0x58, 0x00, 0xff, 0x0e, 0x0c, 0x80, 0x06,
  0x0f, 0x02, 0x00, 0x7d, 0x0f, 0xc0, 0x01, 0x4d, 0x0c, 0xf0, 0x00, 0x0f, 0x70, 0x00, 0x45, 0x0f,
  0x18, 0x03, 0x25, 0x0f, 0x38, 0x00, 0xff, 0xff, 0xff, 0xff, 0x71, 0x0f, 0x10, 0x05, 0x45, 0x0f,
  0x58, 0x00, 0xc5, 0x0c, 0x50, 0x06, 0x0f, 0x02, 0x00, 0x9d, 0x0f, 0x98, 0x01, 0xbd, 0x0f, 0x40,
  0x07, 0xff, 0xff, 0xff, 0xff, 0x71, 0x0f, 0x80, 0x04, 0x2d, 0x0f, 0x90, 0x05, 0xbd, 0x0f, 0xd0,
  0x00, 0x4d, 0x0f, 0x70, 0x07, 0x9d, 0x0c, 0x02, 0x00, 0x0f, 0x20, 0x01, 0x4d, 0x0f, 0x60, 0x00,
  0x5d, 0x0f, 0x00, 0x03, 0x2d, 0x0f, 0x40, 0x00, 0xff, 0xff, 0xff, 0xff, 0x79, 0x0f, 0x38, 0x05,
  0x5d, 0x0f, 0x70, 0x00, 0x15, 0x0c, 0x40, 0x06, 0x04, 0x02, 0x00, 0x0f, 0x40, 0x00, 0x2d, 0x04,
  0x02, 0x00, 0x0f, 0x48, 0x00, 0x35, 0x0f, 0x02, 0x00, 0x7d, 0x0f, 0xd8, 0x00, 0x15, 0x0f, 0x28,
  0x00, 0x95, 0x0c, 0x60, 0x01, 0x0f, 0x38, 0x07, 0xff, 0xff, 0xff, 0xff, 0x79, 0x0f, 0x88, 0x04,
  0x35, 0x0f, 0x88, 0x05, 0x85, 0x0c, 0x78, 0x05, 0x04, 0x02, 0x00, 0x0f, 0xb0, 0x00, 0x15, 0x04,
  0x30, 0x00, 0x0f, 0x02, 0x00, 0x05, 0x0f, 0x48, 0x00, 0x35, 0x0f, 0x02, 0x00, 0x7d, 0x0f, 0xd8,
  0x00, 0x15, 0x0f, 0x28, 0x00, 0x95, 0x0c, 0x60, 0x01, 0x0f, 0xf8, 0x02, 0x35, 0x0f, 0x48, 0x00,
  0xff, 0xff, 0xff, 0xff, 0x91, 0x0f, 0xa0, 0x05, 0x5d, 0x0c, 0x68, 0x05, 0x0f, 0x02, 0x00, 0x5d,
  0x0c, 0xf0, 0x00, 0x0f, 0x80, 0x00, 0x5d, 0x0f, 0x02, 0x00, 0x2d, 0x0c, 0xc0, 0x00, 0x0f, 0x10,
  0x00, 0xad, 0x0f, 0x10, 0x01, 0x0d, 0x0f, 0x40, 0x07, 0xff, 0xff, 0xff, 0xff, 0x91, 0x0f, 0xa0,
  0x04, 0x2d, 0x0f, 0xc0, 0x05, 0x5d, 0x0f, 0x70, 0x05, 0x0d, 0x0f, 0x02, 0x00, 0x4d, 0x0c, 0xf0,
  0x00, 0x0f, 0x70, 0x00, 0x4d, 0x0f, 0x02, 0x00, 0x3d, 0x0c, 0xc0, 0x00, 0x0f, 0x10, 0x00, 0xad,
  0x0f, 0x20, 0x01, 0x0d, 0x0f, 0xe0, 0x02, 0x2d, 0x0f, 0x40, 0x00, 0xff, 0xff, 0xff, 0xff, 0x99,
  0x0f, 0xc8, 0x05, 0x4d, 0x0f, 0x68, 0x05, 0x0d, 0x0f, 0x02, 0x00, 0xff, 0x0e, 0x0f, 0xa0, 0x01,
  0x4d, 0x0f, 0x60, 0x00, 0x65, 0x0f, 0xf8, 0x01, 0x0d, 0x0f, 0x40, 0x07, 0xff, 0xff, 0xff, 0xff,
  0x99, 0x0f, 0xa8, 0x04, 0x2d, 0x0f, 0x80, 0x05, 0x4d, 0x0f, 0x68, 0x05, 0x0d, 0x0f, 0x02, 0x00,
  0xff, 0x0e, 0x0f, 0xa0, 0x01, 0x4d, 0x0f, 0x60, 0x00, 0x65, 0x0f, 0xf8, 0x01, 0x0d, 0x0f, 0xd8,
  0x02, 0x2d, 0x0f, 0x40, 0x00, 0xff, 0xff, 0xff, 0xff, 0x99, 0x0f, 0x80, 0x05, 0x05, 0x0f, 0x20,
  0x05, 0x0d, 0x04, 0x02, 0x00, 0x0f, 0x40, 0x00, 0x05, 0x04, 0x18, 0x00, 0x04, 0x28, 0x00, 0x0f,
  0x02, 0x00, 0xff, 0x2e, 0x04, 0x50, 0x01, 0x0f, 0x08, 0x00, 0x8d, 0x0f, 0xe8, 0x01, 0x3d, 0x0f,
  0x48, 0x07, 0xff, 0xff, 0xff, 0xff, 0x99, 0x0f, 0xa8, 0x04, 0x25, 0x0f, 0xd0, 0x05, 0x05, 0x0f,
  0x48, 0x05, 0x15, 0x0f, 0x40, 0x00, 0x05, 0x04, 0x18, 0x00, 0x0f, 0x48, 0x00, 0x15, 0x0f, 0x02,
  0x00, 0xff, 0x0e, 0x04, 0x50, 0x01, 0x0f, 0x08, 0x00, 0x8d, 0x0f, 0xc8, 0x01, 0x3d, 0x0f, 0xd8,
  0x02, 0x25, 0x0f, 0x38, 0x00, 0xff, 0xff, 0xff, 0xff, 0x99, 0x04, 0xd0, 0x05, 0x04, 0xb0, 0x04,
  0x0f, 0x40, 0x05, 0x2d, 0x04, 0x50, 0x00, 0x0f, 0x48, 0x00, 0x2d, 0x0f, 0x02, 0x00, 0xff, 0x06,
  0x04, 0x60, 0x01, 0x0f, 0x08, 0x00, 0x35, 0x0c, 0x68, 0x01, 0x0f, 0x58, 0x00, 0x05, 0x0f, 0x28,
  0x00, 0x25, 0x0f, 0x02, 0x00, 0x35, 0x04, 0xa0, 0x02, 0x0f, 0x08, 0x00, 0xff, 0xff, 0xff, 0xff,
  0xc1, 0x04, 0x70, 0x05, 0x04, 0xd8, 0x04, 0x0f, 0x30, 0x05, 0x2d, 0x04, 0x50, 0x00, 0x0f, 0x48,
  0x00, 0x2d, 0x0f, 0x02, 0x00, 0xff, 0x06, 0x04, 0x60, 0x01, 0x0f, 0x08, 0x00, 0x35, 0x0c, 0x68,
  0x01, 0x0f, 0x58, 0x00, 0x05, 0x0f, 0x28, 0x00, 0x25, 0x0f, 0x02, 0x00, 0x35, 0x04, 0xa0, 0x02,
  0x0f, 0x08, 0x00, 0xff, 0xff, 0xff, 0xff, 0xd1, 0x0c, 0x40, 0xb9, 0x0f, 0x02, 0x00, 0xff, 0x86,
  0x0f, 0x28, 0x07, 0x05, 0x0f, 0x18, 0x00, 0x15, 0x0f, 0xd8, 0x01, 0x15, 0x0f, 0xf0, 0x06, 0x1d,
  0x0f, 0x58, 0x00, 0x15, 0x0f, 0x02, 0x00, 0x1d, 0x0f, 0x88, 0x00, 0x1d, 0x0f, 0x30, 0x00, 0xff,
  0xff, 0xff, 0xff, 0xa9, 0x0f, 0x80, 0x07, 0xff, 0xff, 0xff, 0xff, 0xff, 0xff, 0xff, 0xff, 0xff,
  0x2e, 0x0f, 0x50, 0x0e, 0x05, 0x0f, 0x10, 0x0f, 0x05, 0x0c, 0x30, 0x00, 0x0f, 0x30, 0x0e, 0x3d,
  0x0c, 0x60, 0x00, 0x0f, 0x02, 0x00, 0x2d, 0x0f, 0xa0, 0x00, 0x3d, 0x0f, 0x50, 0x00, 0xff, 0xff,
  0xff, 0xff, 0x89, 0x0f, 0x00, 0x0f, 0xff, 0xa6, 0x0f, 0xe0, 0x06, 0x05, 0x0f, 0x80, 0x07, 0xff,
  0xff, 0xff, 0xff, 0xff, 0xff, 0xff, 0x4c, 0x0f, 0x02, 0x00, 0x2d, 0x0f, 0x00, 0x0e, 0x65, 0x0f,
  0xb8, 0x00, 0x15, 0x0f, 0xa0, 0x00, 0x65, 0x0f, 0x78, 0x00, 0xff, 0xff, 0xff, 0xff, 0x71, 0x0f,
  0x00, 0x0f, 0xff, 0x96, 0x0f, 0x02, 0x00, 0x2d, 0x0f, 0x68, 0x06, 0x65, 0x0f, 0xb8, 0x00, 0x15,
  0x0f, 0xa0, 0x00, 0x65, 0x0f, 0x78, 0x00, 0xff, 0xff, 0xff, 0xff, 0x79, 0x0f, 0x28, 0x05, 0x15,
  0x0f, 0x02, 0x00, 0xad, 0x0f, 0x70, 0x05, 0x25, 0x0f, 0xf8, 0x00, 0xa5, 0x0f, 0xf0, 0x00, 0x25,
  0x0f, 0x38, 0x00, 0xff, 0xff, 0xff, 0xff, 0xff, 0x62, 0x0f, 0x60, 0x06, 0xa5, 0x0f, 0x02, 0x00,
  0x1d, 0x0f, 0x58, 0x06, 0x25, 0x0f, 0x68, 0x00, 0x1d, 0x0f, 0x02, 0x00, 0x75, 0x0f, 0xf0, 0x00,
  0x25, 0x0f, 0x38, 0x00, 0xff, 0xff, 0xff, 0xff, 0xff, 0x62, 0x0f, 0x30, 0x06, 0x75, 0x0f, 0x02,
  0x00, 0x45, 0x0f, 0x50, 0x06, 0x3d, 0x0f, 0xa8, 0x00, 0x45, 0x0f, 0x02, 0x00, 0x3d, 0x0f, 0xf8,
  0x00, 0x3d, 0x0f, 0x50, 0x00, 0xff, 0xff, 0xff, 0xff, 0xff, 0x4a, 0x0f, 0xf8, 0x05, 0x3d, 0x0f,
  0x02, 0x00, 0x7d, 0x0f, 0x38, 0x06, 0x3d, 0x0f, 0xe0, 0x00, 0x7d, 0x0f, 0x02, 0x00, 0x05, 0x0f,
  0xf8, 0x00, 0x3d, 0x0f, 0x50, 0x00, 0xff, 0xff, 0xff, 0xff, 0xff, 0x4a, 0x0f, 0xc0, 0x05, 0x05,
  0x0f, 0x02, 0x00, 0x9d, 0x0f, 0x20, 0x06, 0x5d, 0x0f, 0x20, 0x01, 0x85, 0x0f, 0x08, 0x01, 0x5d,
  0x0f, 0x70, 0x00, 0xff, 0xff, 0xff, 0xff, 0xff, 0x32, 0x0f, 0x48, 0x06, 0x85, 0x0f, 0x02, 0x00,
  0x1d, 0x0f, 0x08, 0x06, 0x5d, 0x0f, 0xa0, 0x00, 0x1d, 0x0f, 0x02, 0x00, 0x55, 0x0f, 0x08, 0x01,
  0x5d, 0x0f, 0x70, 0x00, 0xff, 0xff, 0xff, 0xff, 0xff, 0x32, 0x0f, 0x88, 0x34, 0xad, 0x0f, 0x00,
  0x06, 0x6d, 0x0f, 0x58, 0x07, 0x55, 0x0f, 0x02, 0x00, 0x15, 0x0f, 0x10, 0x01, 0x6d, 0x0f, 0x80,
  0x00, 0xff, 0xff, 0xff, 0xff, 0xff, 0x22, 0x0f, 0x80, 0x07, 0xff, 0xff, 0xff, 0xff, 0xff, 0xff,
  0xff, 0x74, 0x04, 0xb0, 0x0c, 0x0f, 0x60, 0x0d, 0x15, 0x0f, 0x02, 0x00, 0x6d, 0x04, 0xb0, 0x00,
  0x0f, 0x08, 0x00, 0x85, 0x0f, 0x20, 0x01, 0xff, 0x0e, 0x0f, 0xb8, 0x01, 0x85, 0x0f, 0x98, 0x00,
  0xff, 0xff, 0xff, 0xff, 0x71, 0x0f, 0x38, 0x06, 0x6d, 0x0f, 0x02, 0x00, 0x15, 0x0f, 0x28, 0x05,
  0x8d, 0x0f, 0xc8, 0x00, 0x15, 0x0f, 0x02, 0x00, 0x45, 0x0f, 0x20, 0x01, 0x8d, 0x0f, 0xa0, 0x00,
  0xff, 0xff, 0xff, 0xff, 0xff, 0x12, 0x0f, 0x18, 0x06, 0x45, 0x0f, 0x02, 0x00, 0x1d, 0x0f, 0xa8,
  0x05, 0xad, 0x0f, 0xf0, 0x00, 0x1d, 0x0f, 0x02, 0x00, 0x35, 0x0f, 0x38, 0x01, 0xad, 0x0f, 0xc0,
  0x00, 0xff, 0xff, 0xff, 0xff, 0xf1, 0x0f, 0x08, 0x06, 0x35, 0x0f, 0x02, 0x00, 0x2d, 0x0f, 0x88,
  0x05, 0xad, 0x0f, 0x00, 0x01, 0x2d, 0x0f, 0x02, 0x00, 0x25, 0x0f, 0x38, 0x01, 0xad, 0x0f, 0xc0,
  0x00, 0xff, 0xff, 0xff, 0xff, 0xf9, 0x0f, 0x00, 0x06, 0x25, 0x0f, 0x02, 0x00, 0x1d, 0x0f, 0x70,
  0x05, 0xcd, 0x0f, 0x10, 0x01, 0x1d, 0x0f, 0x02, 0x00, 0x2d, 0x0f, 0x50, 0x01, 0xcd, 0x0f, 0xe0,
  0x00, 0xff, 0xff, 0xff, 0xff, 0xd9, 0x0f, 0x08, 0x06, 0x2d, 0x0f, 0x02, 0x00, 0x15, 0x0f, 0x50,
  0x05, 0xcd, 0x0f, 0x08, 0x01, 0x15, 0x0f, 0x02, 0x00, 0x35, 0x0f, 0x50, 0x01, 0xcd, 0x0f, 0xe0,
  0x00, 0xff, 0xff, 0xff, 0xff, 0xe1, 0x0f, 0x18, 0x06, 0x35, 0x0c, 0x02, 0x00, 0x0f, 0x48, 0x05,
  0xe5, 0x0c, 0x08, 0x01, 0x0f, 0x02, 0x00, 0x35, 0x0f, 0x50, 0x01, 0xe5, 0x0f, 0xf8, 0x00, 0xff,
  0xff, 0xff, 0xff, 0xd1, 0x0f, 0x20, 0x06, 0x35, 0x0c, 0x02, 0x00, 0x0f, 0x38, 0x05, 0xe5, 0x0c,
  0x08, 0x01, 0x0f, 0x02, 0x00, 0x35, 0x0f, 0x50, 0x01, 0xe5, 0x0f, 0xf8, 0x00, 0xff, 0xff, 0xff,
  0xff, 0xff, 0xff, 0x2b, 0x0f, 0x78, 0x07, 0x35, 0x04, 0x02, 0x00, 0x0f, 0x88, 0x06, 0xff, 0xff,
  0xff, 0xff, 0xff, 0xff, 0x2b, 0x0f, 0x38, 0x06, 0xe5, 0x04, 0x38, 0x07, 0x0f, 0x02, 0x00, 0x35,
  0x0f, 0x48, 0x01, 0xe5, 0x0f, 0xf8, 0x00, 0xff, 0xff, 0xff, 0xff, 0xff, 0xff, 0x3b, 0x0f, 0x88,
  0x07, 0x1d, 0x0f, 0x78, 0x06, 0xff, 0xff, 0xff, 0xff, 0xff, 0xff, 0x3b, 0x0f, 0x48, 0x06, 0xf5,
  0x0f, 0x80, 0x07, 0xff, 0xff, 0xff, 0xff, 0xff, 0xff, 0xff, 0x74, 0x0f, 0x88, 0x08, 0xf5, 0x0f,
  0x08, 0x01, 0xff, 0xff, 0xff, 0xff, 0xff, 0xff, 0xff, 0xff, 0xff, 0xff, 0xff, 0xff, 0xff, 0xff,
  0xff, 0xff, 0xff, 0xff, 0xff, 0xff, 0xff, 0xff, 0xff, 0xff, 0xff, 0xff, 0xff, 0xff, 0xff, 0xff,
  0xff, 0xff, 0xff, 0xff, 0xff, 0xff, 0xff, 0xff, 0xff, 0xff, 0xff, 0xff, 0xff, 0xff, 0xff, 0xff,
  0xff, 0xff, 0xff, 0xff, 0xff, 0xff, 0xff, 0xff, 0xff, 0xff, 0xff, 0xff, 0xff, 0xff, 0xff, 0xff,
  0xff, 0xff, 0xff, 0xff, 0xff, 0xff, 0xff, 0xff, 0xff, 0xff, 0xff, 0xff, 0xff, 0xff, 0xff, 0xff,
  0xff, 0xff, 0xff, 0xff, 0xff, 0xff, 0xff, 0xff, 0xff, 0xff, 0xff, 0xff, 0xff, 0xff, 0xff, 0xff,
  0xff, 0xff, 0xff, 0xff, 0xff, 0xff, 0xff, 0xff, 0xff, 0xff, 0xff, 0xff, 0xff, 0xff, 0xff, 0xff,
  0xff, 0xff, 0xff, 0xff, 0xff, 0xff, 0xff, 0xff, 0xff, 0xff, 0xff, 0xff, 0xff, 0xff, 0xff, 0xff,
  0xff, 0xff, 0xff, 0xff, 0xff, 0xff, 0xff, 0xff, 0xff, 0xff, 0xff, 0xff, 0xff, 0xff, 0xff, 0xff,
  0xff, 0xff, 0xff, 0xff, 0xff, 0xff, 0xff, 0xff, 0xff, 0xff, 0xff, 0xff, 0xff, 0xff, 0xff, 0xff,
  0xff, 0xff, 0xff, 0xff, 0xff, 0xff, 0xff, 0xff, 0xff, 0xff, 0xff, 0xff, 0xff, 0xff, 0xff, 0xff,
  0xff, 0xff, 0xff, 0xff, 0xff, 0xff, 0xff, 0xff, 0xff, 0xff, 0xff, 0xff, 0xff, 0xff, 0xff, 0xff,
  0xff, 0xff, 0xff, 0xff, 0xff, 0xff, 0xc9, 0x39, 0x00, 0x00, 0x00, 0x04, 0x00, 0x0f, 0x28, 0xc4,
  0xff, 0xff, 0xff, 0xff, 0xff, 0xff, 0xff, 0x64, 0x08, 0x7c, 0x07, 0x0f, 0x80, 0x07, 0xff, 0xca,
  0x3f, 0x24, 0x4b, 0x52, 0x04, 0x00, 0x1a, 0x0f, 0x88, 0x09, 0xff, 0xff, 0xff, 0xff, 0xff, 0x42,
  0x0c, 0x68, 0x07, 0x0f, 0x10, 0x00, 0x1d, 0x0f, 0x90, 0x05, 0xff, 0xae, 0x0f, 0x7c, 0x07, 0x19,
  0x0f, 0x80, 0x07, 0xff, 0xff, 0xff, 0xff, 0xff, 0xff, 0xff, 0x28, 0x0f, 0x60, 0x07, 0x1d, 0x0f,
  0x30, 0x00, 0x05, 0x0f, 0x68, 0x09, 0xff, 0xae, 0x0f, 0xc0, 0x01, 0xff, 0xff, 0xff, 0x78, 0x0f,
  0xe0, 0x0e, 0x1d, 0x0f, 0x30, 0x00, 0x25, 0x0f, 0xf0, 0x03, 0xff, 0x76, 0x0f, 0x50, 0x07, 0x05,
  0x0f, 0x18, 0x00, 0x1d, 0x0f, 0xd0, 0x01, 0xff, 0x76, 0x0f, 0x88, 0x01, 0xff, 0xff, 0xff, 0xb0,
  0x0f, 0x50, 0x07, 0x25, 0x0f, 0x38, 0x00, 0x1d, 0x0f, 0x28, 0x04, 0xff, 0x6e, 0x0f, 0x60, 0x07,
  0x1d, 0x0f, 0x30, 0x00, 0x05, 0x0c, 0xc8, 0x01, 0x0f, 0x28, 0x00, 0x05, 0x0f, 0x18, 0x00, 0x05,
  0x0c, 0x40, 0x00, 0x0f, 0x10, 0x00, 0xff, 0xff, 0xff, 0xff, 0xe1, 0x0f, 0x38, 0x07, 0x1d, 0x0f,
  0x30, 0x00, 0x3d, 0x0f, 0x70, 0x05, 0xff, 0x66, 0x0f, 0x10, 0x07, 0x05, 0x0f, 0x18, 0x00, 0x1d,
  0x0c, 0xc0, 0x01, 0x0f, 0x40, 0x00, 0x2d, 0x0c, 0x50, 0x00, 0x0f, 0x10, 0x00, 0xff, 0xff, 0xff,
  0xff, 0xd1, 0x0f, 0x50, 0x07, 0x3d, 0x0f, 0x50, 0x00, 0x1d, 0x0f, 0x60, 0x05, 0xff, 0x5e, 0x0f,
  0x20, 0x07, 0x1d, 0x0f, 0x30, 0x00, 0x05, 0x04, 0xb8, 0x01, 0x0c, 0x20, 0x00, 0x04, 0x18, 0x00,
  0x0f, 0x08, 0x00, 0x15, 0x04, 0x40, 0x00, 0x0f, 0x30, 0x00, 0x15, 0x0f, 0x28, 0x00, 0xff, 0xff,
  0xff, 0xff, 0xc1, 0x0f, 0x30, 0x07, 0x1d, 0x0f, 0x30, 0x00, 0x35, 0x0f, 0x48, 0x05, 0xff, 0x66,
  0x04, 0xf0, 0x06, 0x0f, 0x08, 0x00, 0x2d, 0x04, 0xc0, 0x01, 0x0c, 0x48, 0x00, 0x04, 0x18, 0x00,
  0x0f, 0x08, 0x00, 0x15, 0x04, 0x40, 0x00, 0x0f, 0x30, 0x00, 0x15, 0x0f, 0x28, 0x00, 0xff, 0xff,
  0xff, 0xff, 0xc1, 0x0f, 0x50, 0x07, 0x35, 0x0f, 0x48, 0x00, 0x1d, 0x0f, 0x48, 0x05, 0xff, 0x5e,
  0x04, 0xe8, 0x06, 0x0f, 0x08, 0x00, 0x3d, 0x0f, 0xc8, 0x01, 0x35, 0x0f, 0x98, 0x00, 0x15, 0x0f,
  0x70, 0x00, 0x35, 0x0f, 0x48, 0x00, 0xff, 0xff, 0xff, 0xff, 0x01, 0x0f, 0xc0, 0x06, 0x1d, 0x0c,
  0x30, 0x00, 0x0f, 0x50, 0x04, 0x15, 0x0c, 0x38, 0x00, 0x0f, 0x10, 0x00, 0x3d, 0x0f, 0x88, 0x00,
  0x15, 0x0f, 0x28, 0x00, 0xff, 0x5e, 0x0f, 0xe0, 0x06, 0x15, 0x0f, 0x28, 0x00, 0x1d, 0x0f, 0xc8,
  0x01, 0x35, 0x0f, 0x78, 0x00, 0x15, 0x0f, 0x70, 0x00, 0x35, 0x0f, 0x48, 0x00, 0xff, 0xff, 0xff,
  0xff, 0x01, 0x0f, 0x08, 0x07, 0x2d, 0x0f, 0x50, 0x04, 0x15, 0x0f, 0x68, 0x00, 0x2d, 0x0f, 0x40,
  0x00, 0x0d, 0x0f, 0x88, 0x00, 0x15, 0x0f, 0x28, 0x00, 0xff, 0x5e, 0x0f, 0xe0, 0x06, 0x15, 0x0f,
  0x28, 0x00, 0x1d, 0x0f, 0xc8, 0x01, 0x25, 0x0c, 0x68, 0x00, 0x0c, 0x48, 0x00, 0x04, 0x20, 0x00,
  0x0f, 0x18, 0x00, 0x05, 0x0f, 0x20, 0x00, 0x05, 0x0c, 0x30, 0x00, 0x0f, 0x10, 0x00, 0xff, 0xff,
  0xff, 0xff, 0x11, 0x0f, 0xd0, 0x06, 0x0d, 0x0f, 0x20, 0x00, 0x2d, 0x0c, 0x80, 0x04, 0x0f, 0x50,
  0x00, 0x2d, 0x0f, 0x40, 0x00, 0x05, 0x0c, 0x68, 0x00, 0x0f, 0x10, 0x00, 0xff, 0x7e, 0x04, 0xb0,
  0x06, 0x0f, 0x08, 0x00, 0x3d, 0x0f, 0xe8, 0x01, 0x25, 0x0c, 0x88, 0x00, 0x0c, 0x48, 0x00, 0x04,
  0x20, 0x00, 0x0f, 0x18, 0x00, 0x05, 0x0f, 0x20, 0x00, 0x05, 0x0c, 0x30, 0x00, 0x0f, 0x10, 0x00,
  0xff, 0xff, 0xff, 0xff, 0x11, 0x0f, 0xd0, 0x06, 0x05, 0x0f, 0x18, 0x00, 0x35, 0x0c, 0x80, 0x04,
  0x0f, 0x58, 0x00, 0x35, 0x0c, 0x48, 0x00, 0x0c, 0x68, 0x00, 0x0f, 0x10, 0x00, 0xff, 0x7e, 0x04,
  0xb0, 0x06, 0x0f, 0x08, 0x00, 0x35, 0x0f, 0xe0, 0x01, 0x25, 0x04, 0x80, 0x00, 0x0f, 0x40, 0x00,
  0x0d, 0x0f, 0x28, 0x00, 0x3d, 0x0f, 0x70, 0x00, 0x0d, 0x0f, 0x20, 0x00, 0xff, 0xff, 0xff, 0xd8,
  0x0c, 0xb8, 0x06, 0x0f, 0x10, 0x00, 0xad, 0x0f, 0xb8, 0x04, 0xff, 0x96, 0x04, 0xd0, 0x06, 0x0f,
  0x08, 0x00, 0x35, 0x0f, 0xf8, 0x01, 0x25, 0x04, 0x80, 0x00, 0x0f, 0x40, 0x00, 0x0d, 0x0f, 0x28,
  0x00, 0x3d, 0x0f, 0x70, 0x00, 0x0d, 0x0f, 0x20, 0x00, 0xff, 0xff, 0xff, 0xd8, 0x0f, 0x70, 0x07,
  0xad, 0x0c, 0xc0, 0x00, 0x0f, 0xb8, 0x04, 0xff, 0x96, 0x04, 0xd0, 0x06, 0x0f, 0x08, 0x00, 0x35,
  0x0f, 0xf8, 0x01, 0x1d, 0x04, 0x78, 0x00, 0x0f, 0x38, 0x00, 0x15, 0x0f, 0x30, 0x00, 0x4d, 0x0f,
  0x88, 0x00, 0x15, 0x0f, 0x28, 0x00, 0xff, 0xff, 0xff, 0xa8, 0x0c, 0xa8, 0x06, 0x0f, 0x10, 0x00,
  0xad, 0x0f, 0x88, 0x04, 0xff, 0xae, 0x04, 0xd0, 0x06, 0x0f, 0x08, 0x00, 0x35, 0x0f, 0x10, 0x02,
  0x1d, 0x04, 0x78, 0x00, 0x0f, 0x38, 0x00, 0x15, 0x0f, 0x30, 0x00, 0x4d, 0x0f, 0x88, 0x00, 0x15,
  0x0f, 0x28, 0x00, 0xff, 0xff, 0xff, 0xa8, 0x0f, 0x70, 0x07, 0xad, 0x0c, 0xc0, 0x00, 0x0f, 0x88,
  0x04, 0xff, 0xae, 0x04, 0xd0, 0x06, 0x0f, 0x08, 0x00, 0x35, 0x0f, 0x10, 0x02, 0x1d, 0x04, 0x78,
  0x00, 0x0f, 0x38, 0x00, 0x15, 0x0f, 0x30, 0x00, 0x1d, 0x04, 0x58, 0x00, 0x0f, 0x38, 0x00, 0x25,
  0x04, 0x40, 0x00, 0x0f, 0x08, 0x00, 0xff, 0xff, 0xff, 0xb0, 0x0c, 0xb8, 0x06, 0x0f, 0x10, 0x00,
  0xad, 0x0f, 0x90, 0x04, 0xff, 0xb6, 0x04, 0x98, 0x06, 0x0f, 0x08, 0x00, 0x35, 0x0f, 0x18, 0x02,
  0x1d, 0x04, 0x78, 0x00, 0x0f, 0x38, 0x00, 0x15, 0x0f, 0x30, 0x00, 0x1d, 0x04, 0x58, 0x00, 0x0f,
  0x38, 0x00, 0x25, 0x04, 0x40, 0x00, 0x0f, 0x08, 0x00, 0xff, 0xff, 0xff, 0xb0, 0x0f, 0x70, 0x07,
  0xad, 0x0c, 0xc0, 0x00, 0x0f, 0x90, 0x04, 0xff, 0xbe, 0x04, 0xa0, 0x06, 0x0f, 0x08, 0x00, 0x2d,
  0x0f, 0x18, 0x02, 0x1d, 0x04, 0x70, 0x00, 0x0f, 0x38, 0x00, 0x0d, 0x0f, 0x28, 0x00, 0x15, 0x0f,
  0x48, 0x00, 0x55, 0x0f, 0x68, 0x00, 0x0d, 0x0f, 0x20, 0x00, 0xff, 0xff, 0xff, 0x78, 0x0c, 0xb8,
  0x06, 0x0f, 0x10, 0x00, 0xb5, 0x0f, 0x60, 0x04, 0xff, 0x0e, 0x0f, 0xe8, 0x01, 0x25, 0x0f, 0x58,
  0x01, 0x65, 0x04, 0xe0, 0x06, 0x0f, 0x08, 0x00, 0x2d, 0x0f, 0xc0, 0x00, 0x1d, 0x04, 0x70, 0x00,
  0x0f, 0x38, 0x00, 0x0d, 0x0f, 0x28, 0x00, 0x15, 0x0f, 0x48, 0x00, 0x55, 0x0f, 0x68, 0x00, 0x0d,
  0x0f, 0x20, 0x00, 0xff, 0xff, 0xff, 0x78, 0x0f, 0x88, 0x05, 0x25, 0x0f, 0x38, 0x00, 0x8d, 0x0f,
  0x60, 0x04, 0xff, 0x0e, 0x0f, 0xc0, 0x01, 0x25, 0x0f, 0x58, 0x01, 0x65, 0x04, 0xe0, 0x06, 0x0f,
  0x08, 0x00, 0x2d, 0x0f, 0xc0, 0x00, 0x25, 0x04, 0x78, 0x00, 0x0c, 0x40, 0x00, 0x0f, 0x18, 0x00,
  0x05, 0x0c, 0x28, 0x00, 0x0f, 0x10, 0x00, 0x15, 0x0f, 0x50, 0x00, 0x3d, 0x0f, 0x78, 0x00, 0x15,
  0x0f, 0x28, 0x00, 0xff, 0xff, 0xff, 0x70, 0x0f, 0x90, 0x05, 0x25, 0x0f, 0x38, 0x00, 0x5d, 0x0f,
  0x28, 0x04, 0xff, 0x2e, 0x0f, 0xb0, 0x01, 0x2d, 0x0f, 0x80, 0x01, 0x65, 0x04, 0x98, 0x06, 0x0f,
  0x08, 0x00, 0x2d, 0x0f, 0xc0, 0x00, 0x25, 0x04, 0x78, 0x00, 0x0c, 0x40, 0x00, 0x0f, 0x18, 0x00,
  0x05, 0x0c, 0x28, 0x00, 0x0f, 0x10, 0x00, 0x15, 0x0f, 0x50, 0x00, 0x3d, 0x0f, 0x78, 0x00, 0x15,
  0x0f, 0x28, 0x00, 0xff, 0xff, 0xff, 0x70, 0x0f, 0x98, 0x05, 0x2d, 0x0f, 0x40, 0x00, 0x55, 0x0f,
  0x28, 0x04, 0xff, 0x2e, 0x0f, 0xa8, 0x01, 0x2d, 0x0f, 0x80, 0x01, 0x65, 0x04, 0x98, 0x06, 0x0f,
  0x08, 0x00, 0x2d, 0x0f, 0xc0, 0x00, 0x2d, 0x0c, 0x80, 0x00, 0x0f, 0x50, 0x00, 0x1d, 0x0c, 0x40,
  0x00, 0x0f, 0x10, 0x00, 0x15, 0x0f, 0x68, 0x00, 0x1d, 0x0f, 0x30, 0x00, 0xff, 0xff, 0xff, 0xa8,
  0x0f, 0xa0, 0x05, 0x2d, 0x0c, 0x40, 0x00, 0x0c, 0x08, 0x04, 0x0c, 0x20, 0x00, 0x04, 0x10, 0x00,
  0x0f, 0x28, 0x00, 0x25, 0x0c, 0x38, 0x00, 0x0f, 0x10, 0x00, 0xfd, 0x04, 0x60, 0x01, 0x0f, 0x08,
  0x00, 0x35, 0x0f, 0x60, 0x01, 0x65, 0x0f, 0xa8, 0x06, 0x15, 0x0f, 0x28, 0x00, 0x0d, 0x0f, 0xc0,
  0x00, 0x2d, 0x0c, 0x60, 0x00, 0x0f, 0x50, 0x00, 0x1d, 0x0c, 0x40, 0x00, 0x0f, 0x10, 0x00, 0x15,
  0x0f, 0x68, 0x00, 0x1d, 0x0f, 0x30, 0x00, 0xff, 0xff, 0xff, 0xa8, 0x0f, 0xa8, 0x05, 0x35, 0x04,
  0x48, 0x00, 0x0c, 0x08, 0x04, 0x04, 0x18, 0x00, 0x0c, 0x08, 0x00, 0x0f, 0x28, 0x00, 0x25, 0x0c,
  0x38, 0x00, 0x0f, 0x10, 0x00, 0xfd, 0x0c, 0x68, 0x01, 0x0f, 0x10, 0x00, 0x2d, 0x0f, 0x60, 0x01,
  0x65, 0x0f, 0xa8, 0x06, 0x15, 0x0f, 0x28, 0x00, 0x0d, 0x0f, 0xc0, 0x00, 0x6d, 0x0f, 0x80, 0x00,
  0x05, 0x04, 0xb8, 0x00, 0x0f, 0x20, 0x00, 0x25, 0x0f, 0x38, 0x00, 0x05, 0x0f, 0x18, 0x00, 0xff,
  0xff, 0xff, 0xa8, 0x0f, 0xa8, 0x05, 0xa5, 0x0f, 0x70, 0x04, 0xed, 0x0f, 0xb8, 0x01, 0x2d, 0x0f,
  0x40, 0x00, 0x0d, 0x0f, 0x60, 0x01, 0x65, 0x04, 0xa0, 0x06, 0x0f, 0x08, 0x00, 0x2d, 0x0f, 0xc0,
  0x00, 0x6d, 0x0f, 0x80, 0x00, 0x05, 0x04, 0xd8, 0x00, 0x0f, 0x20, 0x00, 0x25, 0x0f, 0x38, 0x00,
  0x05, 0x0f, 0x18, 0x00, 0xff, 0xff, 0xff, 0xa8, 0x0f, 0x88, 0x05, 0x0d, 0x0f, 0x20, 0x00, 0x0d,
  0x0f, 0xf8, 0x03, 0xff, 0x66, 0x0f, 0x98, 0x01, 0x0d, 0x0f, 0x20, 0x00, 0x2d, 0x0f, 0xd8, 0x01,
  0x65, 0x04, 0xa0, 0x06, 0x0f, 0x08, 0x00, 0x2d, 0x0f, 0xc0, 0x00, 0x5d, 0x04, 0xb0, 0x00, 0x0f,
  0x78, 0x00, 0x0d, 0x0f, 0x28, 0x00, 0x3d, 0x0f, 0x70, 0x00, 0x0d, 0x0f, 0x20, 0x00, 0xff, 0xff,
  0xff, 0x90, 0x0c, 0xa8, 0x05, 0x0f, 0xb0, 0x03, 0x05, 0x0c, 0x28, 0x00, 0x04, 0x10, 0x00, 0x0f,
  0x30, 0x00, 0x05, 0x0f, 0x18, 0x00, 0xff, 0x3e, 0x04, 0x70, 0x01, 0x0f, 0x08, 0x00, 0x55, 0x0f,
  0xc0, 0x01, 0x65, 0x04, 0xa0, 0x06, 0x0f, 0x08, 0x00, 0x2d, 0x0f, 0xc0, 0x00, 0x5d, 0x04, 0xb0,
  0x00, 0x0f, 0x78, 0x00, 0x0d, 0x0f, 0x28, 0x00, 0x3d, 0x0f, 0x70, 0x00, 0x0d, 0x0f, 0x20, 0x00,
  0xff, 0xff, 0xff, 0x90, 0x0c, 0xd0, 0x05, 0x0f, 0xb0, 0x03, 0x05, 0x0c, 0x28, 0x00, 0x04, 0x10,
  0x00, 0x0f, 0x30, 0x00, 0x05, 0x0f, 0x18, 0x00, 0xff, 0x3e, 0x04, 0x70, 0x01, 0x0f, 0x08, 0x00,
  0x55, 0x0f, 0xc0, 0x01, 0x65, 0x04, 0xa0, 0x06, 0x0f, 0x08, 0x00, 0x2d, 0x0f, 0xc0, 0x00, 0x6d,
  0x0c, 0x80, 0x00, 0x04, 0xd0, 0x00, 0x0c, 0x18, 0x00, 0x0f, 0x10, 0x00, 0x0d, 0x0f, 0x38, 0x00,
  0x25, 0x0f, 0x58, 0x00, 0x0d, 0x0f, 0x20, 0x00, 0xff, 0xff, 0xff, 0xff, 0xff, 0x1a, 0x0f, 0x70,
  0x07, 0x55, 0x0c, 0x68, 0x00, 0x0f, 0xa0, 0x05, 0x65, 0x04, 0x70, 0x06, 0x0f, 0x08, 0x00, 0x2d,
  0x0f, 0xc0, 0x00, 0x6d, 0x0c, 0x80, 0x00, 0x04, 0xd0, 0x00, 0x0c, 0x18, 0x00, 0x0f, 0x10, 0x00,
  0x0d, 0x0f, 0x38, 0x00, 0x25, 0x0f, 0x58, 0x00, 0x0d, 0x0f, 0x20, 0x00, 0xff, 0xff, 0xff, 0xff,
  0xff, 0x1a, 0x0c, 0x18, 0x07, 0x0f, 0x10, 0x00, 0x55, 0x0f, 0xa0, 0x05, 0x65, 0x3f, 0x26, 0x71,
  0xdf, 0x04, 0x00, 0x0a, 0x7f, 0x09, 0x25, 0x6d, 0xff, 0x09, 0x25, 0x6d, 0x24, 0x00, 0x0a, 0x0f,
  0x40, 0x00, 0x09, 0x04, 0x1c, 0x00, 0x0f, 0xe0, 0x00, 0x4d, 0x04, 0x38, 0x07, 0x04, 0x08, 0x00,
  0x0f, 0x70, 0x00, 0x25, 0x0f, 0x40, 0x00, 0x2d, 0x0f, 0x78, 0x00, 0x25, 0x0f, 0x38, 0x00, 0xff,
  0xff, 0xff, 0xff, 0xf1, 0x0f, 0x68, 0x07, 0x55, 0x0f, 0x68, 0x00, 0x05, 0x0f, 0x80, 0x05, 0x65,
  0x04, 0x20, 0x07, 0x0f, 0x08, 0x00, 0x05, 0x0f, 0x80, 0x07, 0xff, 0xff, 0xff, 0xff, 0xff, 0xff,
  0xff, 0x34, 0x0f, 0x58, 0x07, 0x05, 0x0f, 0x18, 0x00, 0x15, 0x0f, 0x80, 0x07, 0x2d, 0x0f, 0x40,
  0x00, 0x15, 0x0f, 0x80, 0x08, 0x65, 0x0c, 0x78, 0x00, 0x0f, 0x00, 0x0f, 0xff, 0xff, 0xff, 0xff,
  0xff, 0x6a, 0x04, 0x88, 0x05, 0x0f, 0xa0, 0x0e, 0x05, 0x0f, 0x18, 0x00, 0x4d, 0x04, 0x80, 0x00,
  0x0f, 0x08, 0x00, 0x3d, 0x0f, 0x68, 0x07, 0x15, 0x0f, 0x28, 0x00, 0x05, 0x0f, 0x40, 0x07, 0x15,
  0x0f, 0x40, 0x00, 0x2d, 0x0f, 0xf8, 0x00, 0x3d, 0x0f, 0x50, 0x00, 0x25, 0x0f, 0x80, 0x07, 0xff,
  0xff, 0xff, 0xff, 0xff, 0xff, 0x2b, 0x0f, 0x00, 0x07, 0x05, 0x0f, 0x18, 0x00, 0x2d, 0x0f, 0x80,
  0x07, 0x2d, 0x04, 0x80, 0x00, 0x0f, 0x48, 0x00, 0x25, 0x0f, 0x48, 0x07, 0x25, 0x0f, 0x38, 0x00,
  0x25, 0x0f, 0x80, 0x07, 0xff, 0xff, 0xff, 0xff, 0xff, 0x72, 0x04, 0xb8, 0x05, 0x0f, 0xf0, 0x0e,
  0x9d, 0x04, 0xe8, 0x06, 0x0f, 0x08, 0x00, 0x3d, 0x0f, 0x38, 0x07, 0x25, 0x0c, 0x88, 0x00, 0x0f,
  0x48, 0x00, 0x25, 0x04, 0x90, 0x01, 0x0f, 0x08, 0x00, 0x55, 0x0f, 0x80, 0x07, 0xff, 0xff, 0xff,
  0xff, 0xff, 0xff, 0x13, 0x0c, 0xd8, 0x06, 0x0f, 0x10, 0x00, 0x45, 0x0f, 0x30, 0x07, 0x25, 0x0f,
  0x90, 0x00, 0x05, 0x0f, 0x50, 0x00, 0x3d, 0x0f, 0x90, 0x07, 0x3d, 0x0f, 0x78, 0x07, 0xff, 0xff,
  0xff, 0xff, 0xff, 0x7a, 0x0f, 0xd8, 0x05, 0x05, 0x0f, 0x10, 0x0f, 0x2d, 0x0f, 0x58, 0x00, 0x05,
  0x0f, 0x18, 0x00, 0x1d, 0x0f, 0xe0, 0x06, 0x05, 0x0f, 0x18, 0x00, 0x3d, 0x0f, 0x30, 0x07, 0x3d,
  0x0f, 0x50, 0x00, 0x3d, 0x0f, 0x38, 0x01, 0x1d, 0x0f, 0x30, 0x00, 0x0d, 0x0f, 0x80, 0x07, 0xff,
  0xff, 0xff, 0xff, 0xff, 0xff, 0x0b, 0x0c, 0x58, 0x07, 0x04, 0xc8, 0x06, 0x0f, 0x08, 0x00, 0x05,
  0x0c, 0x30, 0x00, 0x0f, 0x10, 0x00, 0x25, 0x04, 0x60, 0x00, 0x0f, 0x40, 0x00, 0x25, 0x0f, 0x38,
  0x00, 0x05, 0x0f, 0x58, 0x00, 0x45, 0x0f, 0x60, 0x07, 0x0d, 0x0f, 0x20, 0x00, 0x0d, 0x0f, 0x80,
  0x07, 0xff, 0xff, 0xff, 0xff, 0xff, 0xa2, 0x0f, 0xd0, 0x05, 0x05, 0x0f, 0x28, 0x0f, 0x05, 0x0f,
  0x30, 0x00, 0x05, 0x0f, 0x18, 0x00, 0x0d, 0x0c, 0xc8, 0x06, 0x04, 0xc0, 0x06, 0x0f, 0x08, 0x00,
  0x05, 0x0c, 0x30, 0x00, 0x0f, 0x10, 0x00, 0x25, 0x04, 0x60, 0x00, 0x0f, 0x40, 0x00, 0x25, 0x0f,
  0x38, 0x00, 0x05, 0x0f, 0x58, 0x00, 0x45, 0x0f, 0x48, 0x01, 0x0d, 0x0f, 0x20, 0x00, 0x0d, 0x0f,
  0x80, 0x07, 0xff, 0xff, 0xff, 0xff, 0xff, 0xfa, 0x0f, 0xb8, 0x06, 0x0d, 0x0f, 0xc0, 0x06, 0x45,
  0x0c, 0x78, 0x00, 0x0f, 0x68, 0x00, 0x4d, 0x0f, 0x60, 0x00, 0x4d, 0x0f, 0x70, 0x07, 0x0d, 0x0f,
  0x20, 0x00, 0xff, 0xff, 0xff, 0xff, 0xff, 0xff, 0x0b, 0x0c, 0x08, 0x07, 0x04, 0x10, 0x00, 0x04,
  0xb0, 0x06, 0x04, 0x08, 0x00, 0x04, 0x18, 0x00, 0x0f, 0x08, 0x00, 0x45, 0x0f, 0x68, 0x00, 0x4d,
  0x0f, 0x60, 0x00, 0x4d, 0x0f, 0x60, 0x07, 0xff, 0xff, 0xff, 0xff, 0xff, 0xff, 0x0b, 0x0f, 0x18,
  0x06, 0x05, 0x0f, 0x48, 0x07, 0x05, 0x0f, 0xa8, 0x06, 0x4d, 0x0f, 0x78, 0x00, 0x65, 0x0f, 0xd8,
  0x00, 0x55, 0x0f, 0x70, 0x01, 0x05, 0x0f, 0x18, 0x00, 0xff, 0xff, 0xff, 0xff, 0xff, 0xff, 0x03,
  0x0f, 0x08, 0x07, 0x65, 0x0f, 0x78, 0x00, 0x65, 0x0f, 0x80, 0x07, 0xff, 0xff, 0xff, 0xff, 0xff,
  0xff, 0x93, 0x0f, 0xa0, 0x06, 0x55, 0x0f, 0x80, 0x07, 0xcd, 0x0c, 0xe0, 0x00, 0x0f, 0xf8, 0x0e,
  0xff, 0xff, 0xff, 0xff, 0xff, 0xff, 0x03, 0x04, 0x10, 0x06, 0x0c, 0x28, 0x06, 0x0f, 0x80, 0x07,
  0xff, 0xff, 0xff, 0xff, 0xff, 0xff, 0xff, 0xff, 0x55, 0x04, 0x70, 0x08, 0x0f, 0x68, 0x08, 0x65,
  0x04, 0xf8, 0x08, 0x0f, 0x08, 0x00, 0xff, 0xff, 0xff, 0xff, 0xff, 0xfa, 0x04, 0x90, 0x06, 0x04,
  0x08, 0x00, 0x0f, 0x98, 0x06, 0x65, 0x0f, 0x80, 0x00, 0x5d, 0x0f, 0xe8, 0x00, 0x65, 0x0f, 0x78,
  0x07, 0xff, 0xff, 0xff, 0xff, 0xff, 0xfa, 0x04, 0x08, 0x06, 0x0f, 0xf8, 0x06, 0x5d, 0x04, 0x70,
  0x00, 0x0c, 0x08, 0x00, 0x0f, 0x10, 0x07, 0x65, 0x0f, 0x78, 0x00, 0x65, 0x04, 0x80, 0x01, 0x0f,
  0x08, 0x00, 0xff, 0xff, 0xff, 0xff, 0xff, 0xf2, 0x04, 0x08, 0x07, 0x0f, 0x88, 0x06, 0x65, 0x0f,
  0x80, 0x00, 0x6d, 0x0f, 0xf8, 0x00, 0x65, 0x0f, 0x78, 0x07, 0xff, 0xff, 0xff, 0xff, 0xff, 0xf2,
  0x04, 0x00, 0x06, 0x0f, 0x80, 0x06, 0x65, 0x04, 0x78, 0x07, 0x04, 0x08, 0x00, 0x0f, 0x88, 0x00,
  0x6d, 0x0f, 0x80, 0x00, 0x65, 0x04, 0x88, 0x01, 0x0f, 0x08, 0x00, 0xff, 0xff, 0xff, 0xff, 0xff,
  0xea, 0x0f, 0x78, 0x06, 0x65, 0x04, 0x78, 0x07, 0x04, 0x08, 0x00, 0x0f, 0x88, 0x00, 0x6d, 0x0f,
  0x80, 0x00, 0x65, 0x0f, 0x78, 0x07, 0xff, 0xff, 0xff, 0xff, 0xff, 0xea, 0x04, 0xf8, 0x05, 0x04,
  0x00, 0x07, 0x0f, 0x08, 0x00, 0x6d, 0x0f, 0x00, 0x07, 0x65, 0x04, 0xf8, 0x00, 0x0f, 0x80, 0x00,
  0x6d, 0x04, 0x90, 0x01, 0x0f, 0x08, 0x00, 0xff, 0xff, 0xff, 0xff, 0x21, 0x04, 0x78, 0x67, 0x0f,
  0x38, 0x04, 0xff, 0x5e, 0x04, 0x78, 0x01, 0x0c, 0x08, 0x00, 0x0f, 0x88, 0x01, 0x1d, 0x04, 0x80,
  0x06, 0x0f, 0x08, 0x00, 0x6d, 0x0f, 0x00, 0x07, 0x6d, 0x0f, 0x80, 0x00, 0x6d, 0x0f, 0xb8, 0x01,
  0x1d, 0x0f, 0x30, 0x00, 0xff, 0xff, 0xff, 0xf8, 0x04, 0x00, 0x06, 0x0f, 0x10, 0x04, 0xff, 0x5e,
  0x04, 0x78, 0x01, 0x0c, 0x08, 0x00, 0x0f, 0x88, 0x01, 0x1d, 0x0f, 0x78, 0x07, 0x6d, 0x04, 0x80,
  0x00, 0x0f, 0x00, 0x07, 0x6d, 0x0f, 0x88, 0x00, 0x75, 0x0f, 0xc0, 0x01, 0x1d, 0x0f, 0x30, 0x00,
  0xff, 0xff, 0xff, 0xe0, 0x0c, 0xf0, 0x05, 0x0f, 0x10, 0x00, 0x05, 0x0f, 0x18, 0x04, 0xff, 0x46,
  0x0f, 0x70, 0x01, 0x05, 0x0c, 0x18, 0x00, 0x0f, 0x80, 0x01, 0x15, 0x04, 0x78, 0x06, 0x0f, 0x08,
  0x00, 0x6d, 0x0f, 0x80, 0x07, 0xff, 0xff, 0xff, 0xff, 0xff, 0xff, 0xff, 0xfc, 0x04, 0x88, 0x08,
  0x0f, 0x10, 0x08, 0x6d, 0x0f, 0x40, 0x09, 0x15, 0x0f, 0x28, 0x00, 0xff, 0xff, 0xff, 0xc8, 0x0c,
  0x50, 0x0d, 0x0f, 0x10, 0x00, 0x2d, 0x0f, 0x28, 0x04, 0xff, 0x26, 0x0f, 0x78, 0x01, 0x2d, 0x04,
  0x40, 0x00, 0x0f, 0x80, 0x01, 0x05, 0x04, 0x70, 0x06, 0x0f, 0x08, 0x00, 0x6d, 0x0f, 0xf0, 0x06,
  0x6d, 0x0c, 0x00, 0x01, 0x0f, 0x90, 0x00, 0x6d, 0x0f, 0xb0, 0x01, 0x05, 0x0f, 0x18, 0x00, 0xff,
  0xff, 0xff, 0xd8, 0x04, 0xb8, 0x05, 0x0f, 0x08, 0x00, 0x35, 0x0f, 0x38, 0x04, 0xff, 0x26, 0x0f,
  0x80, 0x01, 0x4d, 0x0c, 0x78, 0x06, 0x0f, 0x10, 0x00, 0x65, 0x0f, 0xf0, 0x06, 0x6d, 0x0f, 0xf8,
  0x00, 0x05, 0x0f, 0x98, 0x00, 0x6d, 0x0f, 0x38, 0x03, 0xff, 0x26, 0x0f, 0x38, 0x01, 0xff, 0xff,
  0xaf, 0x0f, 0xf8, 0x05, 0x35, 0x04, 0x48, 0x00, 0x0f, 0x10, 0x03, 0xff, 0x0e, 0x04, 0x28, 0x01,
  0x0f, 0x08, 0x00, 0x55, 0x04, 0x90, 0x01, 0x0f, 0x78, 0x06, 0x05, 0x0f, 0x18, 0x00, 0x5d, 0x0f,
  0xe8, 0x06, 0x6d, 0x0f, 0xf0, 0x00, 0x05, 0x0f, 0x98, 0x00, 0x6d, 0x04, 0xa8, 0x01, 0x0f, 0x08,
  0x00, 0xff, 0xff, 0xff, 0xe0, 0x0f, 0x08, 0x06, 0x3d, 0x0f, 0x40, 0x04, 0xff, 0x0e, 0x0f, 0x70,
  0x01, 0x3d, 0x0f, 0x50, 0x00, 0x0d, 0x04, 0x90, 0x01, 0x0f, 0x78, 0x06, 0x05, 0x0f, 0x18, 0x00,
  0x5d, 0x0f, 0xe8, 0x06, 0x6d, 0x0f, 0xf0, 0x00, 0x05, 0x0f, 0x98, 0x00, 0x75, 0x04, 0xb0, 0x01,
  0x0f, 0x08, 0x00, 0xff, 0xff, 0xff, 0x88, 0x0f, 0x70, 0x05, 0x0d, 0x0c, 0x20, 0x00, 0x0f, 0xc8,
  0x03, 0x05, 0x0c, 0x28, 0x00, 0x0f, 0x10, 0x00, 0x1d, 0x0f, 0x58, 0x00, 0x05, 0x0f, 0x18, 0x00,
  0xf5, 0x0f, 0x50, 0x01, 0x1d, 0x0f, 0x30, 0x00, 0x4d, 0x0f, 0x78, 0x06, 0x05, 0x0f, 0x18, 0x00,
  0x5d, 0x0f, 0xe8, 0x06, 0x75, 0x0c, 0xf8, 0x00, 0x0f, 0x98, 0x00, 0x75, 0x0f, 0x40, 0x03, 0xf5,
  0x0f, 0x08, 0x01, 0xff, 0xff, 0x87, 0x0f, 0xa8, 0x05, 0x1d, 0x0f, 0xc8, 0x02, 0x05, 0x0f, 0x48,
  0x00, 0x1d, 0x0c, 0x30, 0x00, 0x0f, 0x58, 0x00, 0x05, 0x0f, 0x18, 0x00, 0xf5, 0x0c, 0x30, 0x01,
  0x0f, 0x10, 0x00, 0x6d, 0x0c, 0x70, 0x06, 0x0f, 0x10, 0x00, 0x6d, 0x0f, 0xf0, 0x06, 0x75, 0x0c,
  0x08, 0x01, 0x0f, 0x98, 0x00, 0x75, 0x0f, 0x48, 0x03, 0xf5, 0x0f, 0x08, 0x01, 0xff, 0xff, 0x77,
  0x0f, 0xc0, 0x05, 0x6d, 0x0f, 0x08, 0x03, 0xff, 0x0e, 0x0f, 0xa0, 0x01, 0x6d, 0x0f, 0x80, 0x00,
  0x0d, 0x0c, 0x68, 0x06, 0x0f, 0x10, 0x00, 0x6d, 0x0f, 0xe8, 0x06, 0x75, 0x0c, 0x08, 0x01, 0x0f,
  0x98, 0x00, 0x75, 0x0f, 0x70, 0x03, 0xff, 0x0e, 0x0f, 0x20, 0x01, 0xff, 0xff, 0x5f, 0x0f, 0x60,
  0x05, 0x0d, 0x0f, 0x20, 0x00, 0x4d, 0x0f, 0xf0, 0x02, 0xff, 0x0e, 0x0f, 0x80, 0x01, 0x4d, 0x0f,
  0x60, 0x00, 0x2d, 0x0c, 0x68, 0x06, 0x0f, 0x10, 0x00, 0x6d, 0x0f, 0xe8, 0x06, 0x75, 0x0f, 0x08,
  0x01, 0x05, 0x0f, 0xa0, 0x00, 0x6d, 0x0f, 0x70, 0x03, 0xff, 0x0e, 0x0f, 0x20, 0x01, 0xff, 0xff,
  0x5f, 0x0f, 0x80, 0x05, 0x2d, 0x0f, 0x40, 0x00, 0x1d, 0x0f, 0xe0, 0x02, 0xff, 0x16, 0x0f, 0x58,
  0x01, 0x1d, 0x0f, 0x30, 0x00, 0x65, 0x0f, 0x68, 0x06, 0x05, 0x0f, 0x18, 0x00, 0x65, 0x0f, 0xe0,
  0x06, 0x6d, 0x0f, 0xf8, 0x00, 0x0d, 0x0f, 0xa0, 0x00, 0x6d, 0x0f, 0x80, 0x03, 0xff, 0x16, 0x0f,
  0x28, 0x01, 0xff, 0xff, 0x57, 0x0f, 0xb8, 0x05, 0x5d, 0x0f, 0xd8, 0x02, 0xff, 0x16, 0x0f, 0x98,
  0x01, 0x5d, 0x0f, 0x70, 0x00, 0x25, 0x0f, 0x70, 0x06, 0x0d, 0x0f, 0x20, 0x00, 0x5d, 0x0f, 0xe0,
  0x06, 0x6d, 0x0f, 0xf0, 0x00, 0x0d, 0x0f, 0xa0, 0x00, 0x75, 0x0f, 0x88, 0x03, 0xff, 0x16, 0x0f,
  0x28, 0x01, 0xff, 0xff, 0x4f, 0x0f, 0x78, 0x05, 0x25, 0x0f, 0x38, 0x00, 0x25, 0x0f, 0xd0, 0x02,
  0xff, 0x0e, 0x0f, 0x58, 0x01, 0x25, 0x0f, 0x38, 0x00, 0x65, 0x0f, 0x70, 0x06, 0x0d, 0x0f, 0x20,
  0x00, 0x5d, 0x0f, 0xe0, 0x06, 0x75, 0x0f, 0xf8, 0x00, 0x05, 0x0f, 0xa0, 0x00, 0x75, 0x0f, 0x88,
  0x03, 0xff, 0x0e, 0x0f, 0x20, 0x01, 0xff, 0xff, 0x57, 0x0f, 0xb8, 0x05, 0x5d, 0x0f, 0xd8, 0x02,
  0xff, 0x0e, 0x0f, 0x90, 0x01, 0x5d, 0x0f, 0x70, 0x00, 0x2d, 0x0f, 0x68, 0x06, 0x05, 0x0f, 0x18,
  0x00, 0x65, 0x0f, 0xe0, 0x06, 0x75, 0x0f, 0x00, 0x01, 0x2d, 0x3f, 0x16, 0x3b, 0x9a, 0x04, 0x00,
  0x02, 0x0f, 0x58, 0x00, 0x2d, 0x04, 0x40, 0x00, 0x0f, 0x88, 0x03, 0xff, 0x0e, 0x0f, 0x20, 0x01,
  0xff, 0xff, 0x57, 0x0f, 0x80, 0x05, 0x2d, 0x0c, 0x40, 0x00, 0x0f, 0xb8, 0x02, 0xff, 0x1e, 0x0c,
  0x40, 0x01, 0x0f, 0x10, 0x00, 0x85, 0x0f, 0xd8, 0x01, 0x05, 0x04, 0xd0, 0x05, 0x0f, 0x08, 0x00,
  0x75, 0x0f, 0x80, 0x07, 0xff, 0xff, 0xff, 0xff, 0xff, 0xff, 0xff, 0xff, 0x1d, 0x0f, 0xdc, 0x0e,
  0x01, 0x0f, 0x14, 0x00, 0x19, 0x0f, 0xf0, 0x08, 0x35, 0x0f, 0x58, 0x09, 0x05, 0x0f, 0x18, 0x00,
  0xff, 0xff, 0xff, 0x58, 0x0f, 0x70, 0x0d, 0x0d, 0x04, 0x88, 0x03, 0x0c, 0x28, 0x00, 0x04, 0x18,
  0x00, 0x04, 0x08, 0x00, 0x04, 0x20, 0x00, 0x04, 0x10, 0x00, 0x0f, 0x08, 0x00, 0x55, 0x04, 0x78,
  0x00, 0x0f, 0x08, 0x00, 0x55, 0x0f, 0xd8, 0x00, 0x35, 0x0f, 0xb0, 0x00, 0x55, 0x0f, 0x68, 0x00,
  0x25, 0x0f, 0xe8, 0x00, 0x15, 0x0f, 0x08, 0x06, 0x35, 0x0f, 0x48, 0x00, 0x35, 0x0f, 0x00, 0x0f,
  0x95, 0x0f, 0x6c, 0x07, 0x19, 0x0f, 0x2c, 0x00, 0x01, 0x0f, 0x30, 0x01, 0x35, 0x0f, 0xe8, 0x01,
  0x15, 0x0f, 0x28, 0x00, 0xff, 0xff, 0xff, 0x48, 0x0f, 0xa0, 0x05, 0x0d, 0x04, 0x78, 0x03, 0x0c,
  0x28, 0x00, 0x04, 0x18, 0x00, 0x04, 0x08, 0x00, 0x04, 0x20, 0x00, 0x04, 0x10, 0x00, 0x0f, 0x08,
  0x00, 0x55, 0x04, 0x78, 0x00, 0x0f, 0x08, 0x00, 0x55, 0x0f, 0xd8, 0x00, 0x35, 0x0f, 0xb0, 0x00,
  0x55, 0x0f, 0x68, 0x00, 0x25, 0x0f, 0xe8, 0x00, 0x15, 0x0f, 0x08, 0x06, 0x35, 0x0f, 0x48, 0x00,
  0x35, 0x0f, 0x80, 0x07, 0x85, 0x0f, 0x44, 0x07, 0x01, 0x0f, 0x14, 0x00, 0x31, 0x0f, 0x38, 0x01,
  0x35, 0x0f, 0xf0, 0x01, 0x15, 0x0f, 0x28, 0x00, 0xff, 0xff, 0xff, 0x48, 0x0c, 0xa8, 0x05, 0x0f,
  0x68, 0x03, 0x85, 0x0c, 0xa8, 0x00, 0x0f, 0x10, 0x00, 0x7d, 0x0f, 0x38, 0x01, 0x05, 0x0f, 0xa8,
  0x00, 0x7d, 0x0f, 0x90, 0x00, 0x05, 0x0f, 0xc0, 0x00, 0x05, 0x0f, 0x18, 0x00, 0x05, 0x0f, 0x00,
  0x06, 0x35, 0x0f, 0x48, 0x00, 0x35, 0x0f, 0x80, 0x07, 0xff, 0xff, 0xff, 0xff, 0xff, 0xff, 0xe3,
  0x04, 0xc4, 0x0d, 0x0f, 0x40, 0x07, 0x35, 0x0f, 0x48, 0x00, 0x2d, 0x0f, 0x80, 0x07, 0x7d, 0x04,
  0x20, 0x01, 0x0f, 0x08, 0x00, 0x45, 0x0f, 0x30, 0x01, 0x2d, 0x04, 0x40, 0x00, 0x0f, 0x60, 0x09,
  0x05, 0x0f, 0x18, 0x00, 0xff, 0xff, 0xff, 0xf0, 0x0f, 0xa8, 0x0d, 0x05, 0x0f, 0x18, 0x00, 0xff,
  0x46, 0x0f, 0x70, 0x05, 0x1d, 0x04, 0x58, 0x06, 0x04, 0xc8, 0x05, 0x0f, 0x08, 0x00, 0x6d, 0x0f,
  0x80, 0x07, 0xff, 0xff, 0xff, 0xff, 0xff, 0xff, 0xeb, 0x0f, 0x88, 0x07, 0x75, 0x0f, 0x80, 0x07,
  0x6d, 0x04, 0x08, 0x01, 0x0f, 0x08, 0x00, 0x55, 0x0f, 0xf0, 0x08, 0x35, 0x0f, 0x78, 0x09, 0x1d,
  0x0f, 0x30, 0x00, 0xff, 0xff, 0xff, 0xc8, 0x0f, 0xd8, 0x0e, 0xff, 0x46, 0x0f, 0x58, 0x01, 0x0d,
  0x0f, 0x50, 0x05, 0x25, 0x0c, 0x68, 0x06, 0x0f, 0x10, 0x06, 0x35, 0x0f, 0x48, 0x00, 0x25, 0x0f,
  0x80, 0x07, 0xff, 0xff, 0xff, 0xff, 0xff, 0xff, 0xf3, 0x04, 0x90, 0x07, 0x0f, 0x40, 0x07, 0x25,
  0x0f, 0x38, 0x00, 0x2d, 0x0f, 0x80, 0x07, 0x5d, 0x04, 0xf0, 0x00, 0x0f, 0x08, 0x00, 0x65, 0x0f,
  0x30, 0x01, 0x2d, 0x0c, 0x40, 0x00, 0x0f, 0x88, 0x09, 0x25, 0x0f, 0x38, 0x00, 0xff, 0xff, 0xff,
  0xa8, 0x0f, 0x98, 0x0d, 0x0d, 0x0f, 0x20, 0x00, 0xff, 0x56, 0x0f, 0x40, 0x05, 0x25, 0x0f, 0x78,
  0x06, 0x05, 0x0c, 0xd8, 0x05, 0x0f, 0x10, 0x00, 0x55, 0x0f, 0x80, 0x07, 0xff, 0xff, 0xff, 0xff,
  0xff, 0xff, 0xfb, 0x0c, 0x98, 0x07, 0x0f, 0x80, 0x07, 0xbd, 0x0c, 0xe0, 0x00, 0x0f, 0x10, 0x00,
  0x65, 0x0f, 0x58, 0x01, 0x3d, 0x0f, 0x88, 0x09, 0x25, 0x0f, 0x38, 0x00, 0xff, 0xff, 0xff, 0xa0,
  0x0f, 0xd8, 0x0e, 0xff, 0x56, 0x0f, 0x68, 0x01, 0x0d, 0x0f, 0x38, 0x05, 0x2d, 0x0f, 0x78, 0x06,
  0x15, 0x0f, 0x28, 0x06, 0x3d, 0x0f, 0x50, 0x00, 0x05, 0x0f, 0x00, 0x0f, 0x55, 0x0f, 0xf8, 0x00,
  0x15, 0x0f, 0x28, 0x00, 0x4d, 0x0f, 0x08, 0x01, 0x05, 0x0f, 0x18, 0x00, 0x25, 0x0f, 0x10, 0x02,
  0x2d, 0x0f, 0x40, 0x00, 0xff, 0xff, 0xff, 0x98, 0x0f, 0x18, 0x06, 0x0d, 0x0f, 0x20, 0x00, 0xff,
  0x56, 0x0f, 0x30, 0x05, 0x2d, 0x0f, 0x60, 0x06, 0x25, 0x0f, 0x20, 0x06, 0x25, 0x0f, 0x38, 0x00,
  0x0d, 0x0f, 0x80, 0x07, 0x45, 0x0f, 0xe8, 0x00, 0x25, 0x0f, 0x38, 0x00, 0x4d, 0x0f, 0x10, 0x01,
  0x0d, 0x0f, 0x20, 0x00, 0x25, 0x0f, 0x18, 0x02, 0x2d, 0x0f, 0x40, 0x00, 0xff, 0xff, 0xff, 0x80,
  0x0f, 0x50, 0x07, 0xff, 0x96, 0x0f, 0x38, 0x05, 0x1d, 0x0f, 0x60, 0x06, 0x25, 0x0f, 0x18, 0x06,
  0x25, 0x0f, 0x38, 0x00, 0x0d, 0x0f, 0x80, 0x07, 0xff, 0xff, 0xff, 0xff, 0xff, 0xff, 0xff, 0x1c,
  0x0c, 0xb8, 0x07, 0x0f, 0x58, 0x07, 0x0d, 0x0f, 0x20, 0x00, 0x15, 0x0f, 0x80, 0x07, 0x3d, 0x0c,
  0xa8, 0x00, 0x0f, 0x10, 0x00, 0x75, 0x0f, 0x10, 0x01, 0x15, 0x0f, 0x28, 0x00, 0x25, 0x0f, 0x88,
  0x09, 0x1d, 0x0f, 0x30, 0x00, 0xff, 0xff, 0xff, 0x88, 0x0f, 0xf8, 0x0e, 0xff, 0xc6, 0x04, 0x70,
  0x05, 0x0f, 0x90, 0x06, 0x35, 0x0f, 0x28, 0x06, 0x25, 0x0c, 0x38, 0x00, 0x0f, 0x80, 0x07, 0xff,
  0xff, 0xff, 0xff, 0xff, 0xff, 0xff, 0x2c, 0x04, 0xc8, 0x07, 0x0c, 0x50, 0x07, 0x0f, 0x10, 0x00,
  0x1d, 0x0f, 0x80, 0x07, 0x35, 0x04, 0x90, 0x00, 0x0f, 0x08, 0x00, 0x7d, 0x0f, 0x10, 0x01, 0x1d,
  0x0f, 0x30, 0x00, 0x25, 0x04, 0x60, 0x09, 0x0f, 0x08, 0x00, 0xff, 0xff, 0xff, 0xa8, 0x0f, 0xf8,
  0x0e, 0xff, 0x56, 0x04, 0x68, 0x01, 0x0f, 0x28, 0x05, 0x65, 0x0f, 0xa0, 0x06, 0x3d, 0x0f, 0x30,
  0x06, 0x25, 0x04, 0x38, 0x00, 0x0f, 0x80, 0x07, 0xff, 0xff, 0xff, 0xff, 0xff, 0xff, 0xff, 0xff,
  0xff, 0xff, 0xff, 0xff, 0x71, 0x04, 0x88, 0x0d, 0x0f, 0x08, 0x00, 0xff, 0x5e, 0x0f, 0xf8, 0x0e,
  0x65, 0x04, 0x78, 0x00, 0x0f, 0x00, 0x0f, 0xff, 0xff, 0xff, 0xff, 0xff, 0x7a, 0x0f, 0x78, 0x07,
  0xff, 0x5e, 0x04, 0x70, 0x01, 0x04, 0x08, 0x07, 0x0f, 0x08, 0x00, 0x65, 0x0f, 0x80, 0x07, 0x2d,
  0x04, 0x38, 0x16, 0x0f, 0x08, 0x00, 0x35, 0x0f, 0x80, 0x16, 0x35, 0x04, 0x90, 0x00, 0x0f, 0xe0,
  0x00, 0x2d, 0x0f, 0x40, 0x00, 0x35, 0x04, 0x90, 0x00, 0x0f, 0x08, 0x00, 0x55, 0x0f, 0x50, 0x02,
  0x65, 0x0f, 0x78, 0x00, 0xff, 0xff, 0xff, 0x20, 0x04, 0x08, 0x06, 0x0f, 0x08, 0x00, 0xff, 0x5e,
  0x0f, 0xa8, 0x04, 0x75, 0x0f, 0x60, 0x06, 0x2d, 0x0f, 0x50, 0x06, 0x3d, 0x0f, 0x80, 0x07, 0xff,
  0xff, 0xff, 0xff, 0xff, 0xff, 0xff, 0x14, 0x0f, 0x70, 0x07, 0x3d, 0x0c, 0x50, 0x00, 0x0f, 0x80,
  0x07, 0x3d, 0x0c, 0x60, 0x00, 0x0f, 0x70, 0x08, 0x2d, 0x0f, 0x40, 0x00, 0x1d, 0x0c, 0x80, 0x00,
  0x0f, 0xe0, 0x00, 0x4d, 0x0c, 0x70, 0x00, 0x0f, 0xe8, 0x09, 0x75, 0x0f, 0x88, 0x00, 0xff, 0xff,
  0xff, 0x20, 0x0f, 0x10, 0x0f, 0xff, 0x1e, 0x0f, 0x60, 0x04, 0xa5, 0x0f, 0x50, 0x06, 0x2d, 0x0c,
  0xf0, 0x05, 0x0f, 0x10, 0x00, 0x2d, 0x0f, 0xa0, 0x06, 0x4d, 0x0f, 0xf0, 0x00, 0x1d, 0x0f, 0x30,
  0x00, 0x2d, 0x0c, 0x10, 0x01, 0x0f, 0xe0, 0x00, 0x4d, 0x0c, 0x70, 0x00, 0x0f, 0x98, 0x02, 0xa5,
  0x0f, 0xb8, 0x00, 0xff, 0xff, 0xef, 0x0f, 0x80, 0x07, 0xff, 0xd6, 0x0c, 0xb0, 0x05, 0x0f, 0x10,
  0x00, 0x6d, 0x0f, 0xa0, 0x06, 0x5d, 0x0f, 0x60, 0x07, 0x2d, 0x0c, 0x40, 0x00, 0x0f, 0x40, 0x01,
  0x0d, 0x0f, 0xe0, 0x00, 0x5d, 0x0f, 0xc8, 0x06, 0xff, 0xff, 0xef, 0x0f, 0x00, 0x03, 0xad, 0x0f,
  0x88, 0x07, 0x85, 0x0f, 0x58, 0x01, 0x05, 0x0f, 0xb0, 0x00, 0x15, 0x0f, 0x40, 0x00, 0x05, 0x04,
  0x18, 0x00, 0x0f, 0x48, 0x00, 0x35, 0x04, 0x50, 0x00, 0x0f, 0x08, 0x00, 0x75, 0x0c, 0xd8, 0x00,
  0x0f, 0x30, 0x06, 0x0d, 0x0f, 0x20, 0x00, 0x5d, 0x0f, 0xa0, 0x06, 0x5d, 0x0c, 0x40, 0x07, 0x0f,
  0x10, 0x00, 0x2d, 0x0f, 0x30, 0x01, 0x0d, 0x0f, 0xe0, 0x00, 0x5d, 0x0f, 0x78, 0x02, 0x75, 0x0f,
  0x88, 0x00, 0xff, 0xff, 0xff, 0x28, 0x0c, 0xb0, 0x05, 0x0f, 0x10, 0x00, 0x75, 0x0f, 0xd0, 0x03,
  0x05, 0x0f, 0xa0, 0x00, 0x15, 0x0f, 0x40, 0x00, 0x05, 0x04, 0x18, 0x00, 0x0f, 0x48, 0x00, 0x35,
  0x04, 0x50, 0x00, 0x0f, 0x08, 0x00, 0x75, 0x0c, 0xd8, 0x00, 0x0f, 0x30, 0x06, 0x0d, 0x0f, 0x20,
  0x00, 0x5d, 0x0f, 0xa0, 0x06, 0x5d, 0x0f, 0xe0, 0x00, 0xcd, 0x0f, 0x78, 0x02, 0x75, 0x0f, 0x88,
  0x00, 0xff, 0xff, 0xff, 0x40, 0x0c, 0xc8, 0x05, 0x0f, 0x10, 0x00, 0x4d, 0x0f, 0xc0, 0x03, 0x6d,
  0x0c, 0xe0, 0x00, 0x0f, 0x90, 0x00, 0x6d, 0x0f, 0x80, 0x00, 0x1d, 0x0c, 0xc0, 0x00, 0x04, 0x10,
  0x00, 0x0f, 0x80, 0x06, 0x5d, 0x0f, 0x70, 0x00, 0x0d, 0x0f, 0x80, 0x07, 0xff, 0xff, 0xff, 0xff,
  0xff, 0xff, 0xff, 0xff, 0xff, 0xff, 0xff, 0xff, 0xa1, 0x04, 0x80, 0x0d, 0x04, 0x48, 0x0d, 0x0f,
  0x08, 0x00, 0x45, 0x04, 0x68, 0x00, 0x0f, 0x08, 0x00, 0xff, 0x26, 0x0f, 0x98, 0x01, 0x0d, 0x0f,
  0x90, 0x0e, 0x0d, 0x0f, 0x20, 0x00, 0x5d, 0x0f, 0x00, 0x0f, 0xff, 0xff, 0xff, 0xff, 0xff, 0x1a,
  0x04, 0x10, 0x07, 0x0f, 0xe0, 0x05, 0x0d, 0x0f, 0x20, 0x00, 0x2d, 0x04, 0x68, 0x00, 0x0f, 0x08,
  0x00, 0xff, 0x26, 0x0f, 0x80, 0x01, 0x0d, 0x0f, 0x60, 0x07, 0x5d, 0x0f, 0x70, 0x00, 0xf5, 0x0f,
  0x68, 0x08, 0x55, 0x0f, 0x38, 0x03, 0x3d, 0x3f, 0x24, 0x4b, 0x52, 0x04, 0x00, 0x0a, 0x04, 0x70,
  0x00, 0x0c, 0x24, 0x00, 0x04, 0x18, 0x00, 0x0f, 0x08, 0x00, 0xff, 0xff, 0xff, 0x40, 0x0f, 0xe0,
  0x05, 0x05, 0x0f, 0x68, 0x03, 0x15, 0x0f, 0x40, 0x00, 0x05, 0x04, 0x18, 0x00, 0x0f, 0x48, 0x00,
  0x15, 0x0f, 0x28, 0x00, 0xff, 0x0e, 0x04, 0x50, 0x01, 0x0c, 0x08, 0x00, 0x0f, 0x10, 0x07, 0xf5,
  0x0f, 0x08, 0x01, 0x5d, 0x0f, 0x80, 0x07, 0xff, 0xff, 0xff, 0xff, 0xff, 0xff, 0x4b, 0x0f, 0xc0,
  0x33, 0x2d, 0x0c, 0x40, 0x00, 0x0f, 0x18, 0x07, 0x5d, 0x0f, 0x70, 0x00, 0x55, 0x0f, 0x80, 0x07,
  0x9d, 0x0c, 0xd0, 0x0e, 0x0f, 0x10, 0x00, 0x05, 0x0f, 0x08, 0x0b, 0x05, 0x0c, 0x30, 0x00, 0x0f,
  0x28, 0x00, 0x05, 0x0f, 0x18, 0x00, 0xff, 0xff, 0xff, 0x20, 0x04, 0x50, 0x0d, 0x0f, 0x38, 0x03,
  0x35, 0x0f, 0x50, 0x00, 0x3d, 0x0f, 0x98, 0x00, 0x35, 0x0f, 0x48, 0x00, 0xb5, 0x04, 0x60, 0x01,
  0x04, 0x08, 0x00, 0x0f, 0x70, 0x06, 0x3d, 0x0c, 0x40, 0x07, 0x0f, 0x10, 0x00, 0x2d, 0x0f, 0xa0,
  0x00, 0x3d, 0x0f, 0x50, 0x00, 0x75, 0x0f, 0x80, 0x07, 0xff, 0xff, 0xff, 0xff, 0xff, 0xff, 0x03,
  0x0f, 0x28, 0x07, 0x2d, 0x0f, 0x40, 0x00, 0xff, 0x06, 0x0f, 0xf0, 0x07, 0x05, 0x0f, 0x80, 0x07,
  0xbd, 0x0f, 0xa0, 0x0a, 0x25, 0x04, 0x18, 0x0f, 0x0f, 0x40, 0x00, 0x25, 0x0f, 0x38, 0x00, 0xff,
  0xff, 0xff, 0xff, 0xa9, 0x0c, 0x00, 0x0f, 0x0f, 0x40, 0x07, 0xff, 0x06, 0x0f, 0x18, 0x01, 0x2d,
  0x0f, 0x80, 0x07, 0xff, 0xff, 0xff, 0xff, 0xff, 0xff, 0x13, 0x0f, 0x60, 0x06, 0x2d, 0x0f, 0x40,
  0x00, 0xff, 0x16, 0x0f, 0x88, 0x07, 0x65, 0x0f, 0x20, 0x0e, 0x3d, 0x04, 0xb0, 0x0e, 0x0c, 0x08,
  0x00, 0x0f, 0x68, 0x00, 0x2d, 0x04, 0x50, 0x00, 0x0f, 0x48, 0x00, 0x2d, 0x0f, 0x40, 0x00, 0xff,
  0xff, 0xff, 0xff, 0x99, 0x04, 0x00, 0x0f, 0x0f, 0x40, 0x07, 0xff, 0x16, 0x0f, 0x28, 0x01, 0x2d,
  0x0f, 0x80, 0x07, 0xff, 0xff, 0xff, 0xff, 0xff, 0xff, 0xfb, 0x0f, 0x08, 0x07, 0x05, 0x0f, 0x18,
  0x00, 0x1d, 0x0f, 0x90, 0x07, 0x25, 0x0c, 0x68, 0x00, 0x0f, 0x08, 0x1e, 0x4d, 0x0f, 0x10, 0x0e,
  0x3d, 0x04, 0xa8, 0x0e, 0x0c, 0x08, 0x00, 0x0f, 0x68, 0x00, 0x1d, 0x04, 0x40, 0x00, 0x0c, 0x38,
  0x00, 0x0f, 0x18, 0x00, 0x05, 0x0c, 0x28, 0x00, 0x0f, 0x10, 0x00, 0xff, 0xff, 0xff, 0xff, 0xb9,
  0x0f, 0x48, 0x06, 0x25, 0x0f, 0x38, 0x00, 0xa5, 0x0c, 0x00, 0x07, 0x0f, 0x10, 0x00, 0x25, 0x0f,
  0x00, 0x01, 0x25, 0x0c, 0x70, 0x00, 0x0f, 0x80, 0x07, 0xff, 0xff, 0xff, 0xff, 0xff, 0xff, 0x4b,
  0x0c, 0x68, 0x06, 0x0f, 0x10, 0x00, 0x15, 0x0f, 0xd8, 0x06, 0x25, 0x0f, 0x38, 0x00, 0x15, 0x0f,
  0x88, 0x00, 0x15, 0x0f, 0x28, 0x00, 0x0d, 0x0f, 0x70, 0x00, 0x15, 0x0c, 0x28, 0x00, 0x0c, 0x58,
  0x00, 0x0f, 0x80, 0x07, 0xed, 0x0f, 0xf0, 0x0e, 0x05, 0x0f, 0x18, 0x00, 0x05, 0x0f, 0xf8, 0x0e,
  0xff, 0xff, 0xff, 0xff, 0xb9, 0x04, 0xc8, 0x04, 0x0c, 0x20, 0x06, 0x0f, 0x10, 0x00, 0x35, 0x0c,
  0x68, 0x06, 0x0f, 0x10, 0x00, 0x15, 0x0f, 0x80, 0x00, 0x35, 0x0f, 0x48, 0x00, 0x05, 0x0f, 0x88,
  0x00, 0x15, 0x0f, 0x28, 0x00, 0x0d, 0x0f, 0x60, 0x00, 0x05, 0x0f, 0x18, 0x00, 0x0d, 0x0c, 0x58,
  0x00, 0x0f, 0x80, 0x07, 0xff, 0xff, 0xff, 0xff, 0xff, 0xff, 0x3b, 0x0c, 0x58, 0x06, 0x0f, 0x10,
  0x00, 0x2d, 0x0f, 0xc8, 0x06, 0x0d, 0x0f, 0x20, 0x00, 0x25, 0x0f, 0x98, 0x00, 0x2d, 0x04, 0x40,
  0x00, 0x0f, 0x80, 0x00, 0x35, 0x0f, 0x80, 0x07, 0x45, 0x04, 0x60, 0x09, 0x0f, 0x08, 0x00, 0x25,
  0x04, 0xe8, 0x00, 0x0f, 0x08, 0x00, 0x05, 0x0f, 0xb8, 0x00, 0x25, 0x0f, 0x90, 0x00, 0x15, 0x0f,
  0x00, 0x0f, 0xff, 0xff, 0xff, 0xff, 0xff, 0x22, 0x0f, 0xa8, 0x05, 0x05, 0x0f, 0x18, 0x00, 0x25,
  0x0f, 0xe0, 0x06, 0x25, 0x0f, 0x38, 0x00, 0x0d, 0x0f, 0x90, 0x00, 0x25, 0x0c, 0x38, 0x00, 0x0f,
  0x68, 0x00, 0x0d, 0x0f, 0x20, 0x00, 0x05, 0x0c, 0x48, 0x00, 0x0f, 0xc8, 0x06, 0x25, 0x0c, 0x48,
  0x00, 0x0c, 0x10, 0x00, 0x0f, 0xe8, 0x06, 0x15, 0x0f, 0x28, 0x00, 0x05, 0x0c, 0x50, 0x00, 0x0c,
  0x10, 0x00, 0x0f, 0xb8, 0x00, 0x25, 0x0f, 0x70, 0x00, 0x05, 0x0c, 0x18, 0x00, 0x0f, 0x80, 0x07,
  0xff, 0xff, 0xff, 0xff, 0xff, 0xff, 0xe3, 0x04, 0x60, 0x07, 0x04, 0x58, 0x07, 0x04, 0x08, 0x00,
  0x04, 0x18, 0x00, 0x0f, 0x08, 0x00, 0x1d, 0x0f, 0x40, 0x00, 0x15, 0x0c, 0x78, 0x07, 0x0f, 0x10,
  0x00, 0xff, 0xff, 0xff, 0xff, 0xe1, 0x0f, 0xa8, 0x0d, 0x05, 0x0f, 0x18, 0x00, 0x1d, 0x0f, 0xa0,
  0x05, 0x1d, 0x0f, 0x30, 0x00, 0x0d, 0x0f, 0x80, 0x00, 0x1d, 0x0f, 0x30, 0x00, 0x15, 0x0f, 0x78,
  0x00, 0x0d, 0x0f, 0x20, 0x00, 0x15, 0x0f, 0x70, 0x00, 0x15, 0x0c, 0x28, 0x00, 0x0c, 0x60, 0x00,
  0x0f, 0xa8, 0x06, 0x15, 0x0c, 0x38, 0x00, 0x0f, 0x10, 0x00, 0x0d, 0x0f, 0xc8, 0x06, 0x1d, 0x04,
  0x50, 0x00, 0x04, 0x90, 0x00, 0x04, 0x08, 0x00, 0x04, 0x18, 0x00, 0x0f, 0x08, 0x00, 0x1d, 0x0f,
  0x40, 0x00, 0x15, 0x0f, 0xa8, 0x00, 0x1d, 0x0f, 0x30, 0x00, 0xff, 0xff, 0xff, 0xff, 0xc1, 0x0c,
  0x20, 0x06, 0x0f, 0x10, 0x00, 0x25, 0x0f, 0xa0, 0x05, 0x1d, 0x0f, 0x30, 0x00, 0x0d, 0x0f, 0x88,
  0x00, 0x25, 0x0f, 0x38, 0x00, 0x0d, 0x0f, 0x78, 0x00, 0x0d, 0x0f, 0x20, 0x00, 0x15, 0x0f, 0x68,
  0x00, 0x0d, 0x0f, 0x20, 0x00, 0x05, 0x0f, 0x60, 0x00, 0x05, 0x0f, 0xb0, 0x06, 0x15, 0x0f, 0x40,
  0x00, 0x05, 0x0c, 0x18, 0x00, 0x0f, 0xa8, 0x06, 0x15, 0x04, 0x38, 0x00, 0x0f, 0x80, 0x00, 0x3d,
  0x04, 0x58, 0x00, 0x0f, 0x08, 0x00, 0x15, 0x0f, 0xb0, 0x00, 0x15, 0x0f, 0x28, 0x00, 0xff, 0xff,
  0xff, 0xff, 0xc1, 0x0f, 0x28, 0x06, 0x05, 0x0f, 0x18, 0x00, 0x1d, 0x0f, 0x68, 0x05, 0x15, 0x0f,
  0x28, 0x00, 0x15, 0x0f, 0x80, 0x00, 0x1d, 0x0f, 0x30, 0x00, 0x15, 0x0f, 0x80, 0x00, 0x15, 0x0f,
  0x28, 0x00, 0x0d, 0x0f, 0x70, 0x00, 0x15, 0x0c, 0x28, 0x00, 0x0f, 0x58, 0x00, 0x05, 0x0f, 0x00,
  0x07, 0x3d, 0x0f, 0xa8, 0x06, 0x15, 0x04, 0x90, 0x00, 0x0f, 0x80, 0x00, 0x3d, 0x04, 0x58, 0x00,
  0x0f, 0x08, 0x00, 0x15, 0x0f, 0xb0, 0x00, 0x15, 0x0f, 0x28, 0x00, 0xff, 0xff, 0xff, 0xff, 0xc1,
  0x0c, 0x20, 0x06, 0x0f, 0x10, 0x00, 0x2d, 0x0f, 0x70, 0x05, 0x15, 0x0f, 0x28, 0x00, 0x0d, 0x0f,
  0x88, 0x00, 0x2d, 0x0c, 0x40, 0x00, 0x0f, 0x70, 0x00, 0x0d, 0x0f, 0x20, 0x00, 0x1d, 0x0c, 0x60,
  0x00, 0x0f, 0x10, 0x00, 0x15, 0x0f, 0x68, 0x00, 0x05, 0x0f, 0x00, 0x07, 0x3d, 0x0f, 0xa8, 0x06,
  0x05, 0x0c, 0x80, 0x00, 0x0f, 0x78, 0x00, 0x3d, 0x0c, 0x60, 0x00, 0x0f, 0x10, 0x00, 0x1d, 0x0f,
  0xb8, 0x00, 0x05, 0x0f, 0x18, 0x00, 0xff, 0xff, 0xff, 0xff, 0xc9, 0x0f, 0x38, 0x06, 0x15, 0x0f,
  0x28, 0x00, 0x15, 0x0f, 0x70, 0x05, 0x1d, 0x0f, 0x30, 0x00, 0x05, 0x0f, 0x70, 0x00, 0x15, 0x0f,
  0x28, 0x00, 0x15, 0x0f, 0x68, 0x00, 0x05, 0x0f, 0x18, 0x00, 0x25, 0x0f, 0x78, 0x00, 0x15, 0x0c,
  0x28, 0x00, 0x0f, 0x70, 0x00, 0x05, 0x0f, 0x08, 0x07, 0x3d, 0x0f, 0xb0, 0x06, 0x05, 0x0c, 0x80,
  0x00, 0x0f, 0x78, 0x00, 0x3d, 0x0c, 0x60, 0x00, 0x0f, 0x10, 0x00, 0x1d, 0x0f, 0xb8, 0x00, 0x05,
  0x0f, 0x18, 0x00, 0xff, 0xff, 0xff, 0xff, 0xc9, 0x0c, 0x20, 0x06, 0x0f, 0x10, 0x00, 0x35, 0x0f,
  0x78, 0x05, 0x1d, 0x0c, 0x30, 0x00, 0x0f, 0x88, 0x00, 0x35, 0x04, 0x48, 0x00, 0x0c, 0x60, 0x00,
  0x0f, 0x10, 0x00, 0x2d, 0x04, 0x58, 0x00, 0x0f, 0x08, 0x00, 0x1d, 0x0f, 0x78, 0x00, 0x05, 0x0f,
  0x08, 0x07, 0x3d, 0x0f, 0xb0, 0x06, 0x05, 0x0f, 0x80, 0x00, 0x05, 0x0f, 0x18, 0x00, 0x7d, 0x0f,
  0xc0, 0x00, 0x05, 0x0f, 0x18, 0x00, 0xff, 0xff, 0xff, 0xff, 0xc1, 0x0f, 0x40, 0x06, 0x1d, 0x0f,
  0x30, 0x00, 0x15, 0x0f, 0xd0, 0x05, 0x2d, 0x0f, 0x68, 0x00, 0x15, 0x0f, 0x28, 0x00, 0x15, 0x0f,
  0x90, 0x00, 0x2d, 0x0c, 0x40, 0x00, 0x0f, 0x78, 0x00, 0x15, 0x0c, 0x28, 0x00, 0x0c, 0x48, 0x00,
  0x04, 0x10, 0x00, 0x0f, 0x80, 0x07, 0xff, 0xff, 0xff, 0xff, 0xff, 0xff, 0x43, 0x04, 0x78, 0x06,
  0x04, 0x60, 0x06, 0x04, 0x08, 0x00, 0x04, 0x18, 0x00, 0x0f, 0x08, 0x00, 0x5d, 0x04, 0x80, 0x00,
  0x0f, 0x08, 0x00, 0x15, 0x0f, 0xa0, 0x00, 0x45, 0x0f, 0x80, 0x00, 0x05, 0x0f, 0x80, 0x07, 0x35,
  0x0c, 0x20, 0x0e, 0x0f, 0x70, 0x00, 0x05, 0x0f, 0x18, 0x00, 0x95, 0x0c, 0xd0, 0x00, 0x0f, 0x10,
  0x00, 0xff, 0xff, 0xff, 0xff, 0xc1, 0x0f, 0x68, 0x06, 0x45, 0x04, 0x58, 0x00, 0x0c, 0xe8, 0x05,
  0x04, 0x18, 0x00, 0x0f, 0x08, 0x00, 0x5d, 0x0c, 0x88, 0x00, 0x0f, 0x10, 0x00, 0x0d, 0x0f, 0xa0,
  0x00, 0x45, 0x0f, 0x78, 0x00, 0x05, 0x0f, 0x80, 0x07, 0xff, 0xff, 0xff, 0xff, 0xff, 0xff, 0x4b,
  0x0f, 0xc8, 0x06, 0x45, 0x0f, 0x58, 0x00, 0xa5, 0x0f, 0x80, 0x07, 0x6d, 0x0f, 0xe8, 0x07, 0x35,
  0x0f, 0xc8, 0x00, 0x05, 0x0f, 0x18, 0x00, 0x0d, 0x0f, 0x80, 0x00, 0x25, 0x0f, 0xf8, 0x0e, 0xff,
  0xff, 0xff, 0xff, 0xc1, 0x04, 0xd0, 0x04, 0x0f, 0xc8, 0x06, 0xa5, 0x0f, 0xb8, 0x00, 0xa5, 0x0f,
  0xa0, 0x06, 0x05, 0x0f, 0x98, 0x06, 0x25, 0x0c, 0x50, 0x00, 0x04, 0xd8, 0x01, 0x04, 0x08, 0x00,
  0x0c, 0x20, 0x00, 0x0f, 0x68, 0x00, 0x35, 0x0c, 0x58, 0x00, 0x0f, 0x10, 0x00, 0x15, 0x0f, 0x80,
  0x00, 0x25, 0x04, 0xd0, 0x00, 0x0f, 0x08, 0x00, 0xff, 0xff, 0xff, 0xff, 0xc1, 0x0f, 0xc8, 0x06,
  0xa5, 0x0f, 0xb8, 0x00, 0x9d, 0x0f, 0xa0, 0x06, 0x5d, 0x0f, 0x70, 0x00, 0x15, 0x0f, 0x28, 0x00,
  0x75, 0x04, 0xd0, 0x01, 0x0f, 0x90, 0x00, 0x0d, 0x0f, 0x80, 0x07, 0xff, 0xff, 0xff, 0xff, 0xff,
  0xff, 0xff, 0xff, 0xff, 0xff, 0xff, 0xff, 0xff, 0xff, 0x3b, 0x04, 0x68, 0x0e, 0x04, 0x08, 0x00,
  0x0f, 0x70, 0x0e, 0x0d, 0x0f, 0x20, 0x00, 0x3d, 0x04, 0x78, 0x00, 0x0f, 0x08, 0x00, 0x0d, 0x0f,
  0x78, 0x00, 0x05, 0x0f, 0x00, 0x0f, 0xff, 0xff, 0xff, 0xff, 0xff, 0xff, 0xb3, 0x0c, 0xf8, 0x06,
  0x0f, 0xe8, 0x06, 0x05, 0x0f, 0x18, 0x00, 0x45, 0x0c, 0x80, 0x00, 0x0f, 0x10, 0x00, 0x05, 0x0f,
  0x80, 0x00, 0x05, 0x0f, 0x80, 0x07, 0xff, 0xff, 0xff, 0xff, 0xff, 0xff, 0x93, 0x0f, 0xb8, 0x06,
  0x05, 0x04, 0x18, 0x00, 0x0f, 0xf0, 0x06, 0x1d, 0x04, 0x38, 0x00, 0x0f, 0x08, 0x00, 0x2d, 0x0f,
  0x78, 0x00, 0x05, 0x0f, 0x18, 0x00, 0x05, 0x0f, 0x70, 0x00, 0x0d, 0x0f, 0x88, 0x07, 0xff, 0xff,
  0xff, 0xff, 0xb9, 0x0f, 0x00, 0x05, 0x05, 0x0f, 0x18, 0x00, 0xff, 0x3e, 0x0f, 0x50, 0x06, 0x0d,
  0x04, 0x20, 0x00, 0x0f, 0x20, 0x2c, 0x2d, 0x04, 0x48, 0x00, 0x0f, 0x08, 0x00, 0x05, 0x0f, 0xd8,
  0x01, 0x05, 0x0f, 0x30, 0x00, 0x05, 0x0f, 0x18, 0x00, 0x35, 0x0f, 0x78, 0x00, 0x05, 0x0f, 0x18,
  0x00, 0x05, 0x0f, 0x78, 0x00, 0x0d, 0x0f, 0x80, 0x07, 0xff, 0xff, 0xff, 0xff, 0xff, 0xff, 0x1b,
  0x0f, 0x48, 0x06, 0x0d, 0x0c, 0x20, 0x00, 0x0f, 0x80, 0x07, 0x1d, 0x0c, 0x88, 0x06, 0x0c, 0x50,
  0x00, 0x04, 0x10, 0x00, 0x04, 0x58, 0x00, 0x0f, 0xf0, 0x06, 0x05, 0x0c, 0x18, 0x00, 0x04, 0x38,
  0x00, 0x0f, 0x08, 0x00, 0x25, 0x0c, 0x50, 0x00, 0x0f, 0x10, 0x00, 0x1d, 0x0f, 0x78, 0x00, 0x0d,
  0x0c, 0xf8, 0x00, 0x0f, 0x10, 0x00, 0xff, 0xff, 0xff, 0xff, 0xa9, 0x0f, 0x18, 0x05, 0x1d, 0x0f,
  0x30, 0x00, 0xff, 0x1e, 0x0f, 0x48, 0x06, 0x0d, 0x0c, 0x20, 0x00, 0x04, 0x28, 0x07, 0x0c, 0x18,
  0x00, 0x0f, 0x10, 0x00, 0x05, 0x0c, 0x78, 0x06, 0x0f, 0x28, 0x00, 0x05, 0x04, 0x58, 0x00, 0x0f,
  0xc0, 0x01, 0x15, 0x0f, 0x48, 0x00, 0x05, 0x0f, 0x18, 0x00, 0x15, 0x0f, 0x68, 0x00, 0x15, 0x0f,
  0x28, 0x00, 0x05, 0x0f, 0x68, 0x00, 0x0d, 0x0c, 0xf8, 0x00, 0x0f, 0x10, 0x00, 0xff, 0xff, 0xff,
  0xff, 0xa9, 0x0f, 0x00, 0x05, 0x05, 0x0f, 0x18, 0x00, 0xff, 0x36, 0x0f, 0x48, 0x06, 0x0d, 0x0c,
  0x20, 0x00, 0x04, 0x28, 0x07, 0x0c, 0x18, 0x00, 0x0c, 0x10, 0x00, 0x0f, 0x70, 0x06, 0x05, 0x0c,
  0x28, 0x00, 0x04, 0x10, 0x00, 0x0c, 0x58, 0x00, 0x0f, 0xe0, 0x01, 0x15, 0x04, 0x40, 0x00, 0x0f,
  0x08, 0x00, 0x1d, 0x0f, 0x60, 0x00, 0x15, 0x0c, 0x28, 0x00, 0x0f, 0x68, 0x00, 0x15, 0x0f, 0x00,
  0x01, 0x05, 0x0f, 0x18, 0x00, 0xff, 0xff, 0xff, 0xff, 0xa1, 0x0c, 0x00, 0x05, 0x0f, 0x10, 0x00,
  0xff, 0x3e, 0x0f, 0x50, 0x06, 0x15, 0x04, 0x28, 0x00, 0x0c, 0x28, 0x07, 0x04, 0x18, 0x00, 0x0c,
  0x08, 0x00, 0x0f, 0x68, 0x06, 0x05, 0x0c, 0x28, 0x00, 0x04, 0x10, 0x00, 0x0c, 0x58, 0x00, 0x0f,
  0xe8, 0x01, 0x15, 0x04, 0x40, 0x00, 0x0f, 0x08, 0x00, 0x1d, 0x0f, 0x60, 0x00, 0x15, 0x0c, 0x28,
  0x00, 0x0f, 0x68, 0x00, 0x15, 0x0f, 0x00, 0x01, 0x05, 0x0f, 0x18, 0x00, 0xff, 0xff, 0xff, 0xff,
  0xa1, 0x0c, 0x00, 0x05, 0x0f, 0x10, 0x00, 0xff, 0x36, 0x0f, 0x48, 0x06, 0x15, 0x0c, 0x28, 0x00,
  0x0c, 0x28, 0x07, 0x0c, 0x20, 0x00, 0x04, 0x10, 0x00, 0x0c, 0x68, 0x06, 0x04, 0x18, 0x00, 0x0f,
  0x08, 0x00, 0x05, 0x0f, 0x58, 0x00, 0x05, 0x0c, 0xf0, 0x01, 0x0f, 0x40, 0x00, 0x05, 0x0f, 0x18,
  0x00, 0x25, 0x0c, 0x60, 0x00, 0x0f, 0x10, 0x00, 0x05, 0x0f, 0x60, 0x00, 0x1d, 0x0c, 0x00, 0x01,
  0x0f, 0x10, 0x00, 0xff, 0xff, 0xff, 0xff, 0xa9, 0x0f, 0x10, 0x05, 0x05, 0x0f, 0x18, 0x00, 0xff,
  0x2e, 0x0f, 0x50, 0x06, 0x1d, 0x04, 0x30, 0x00, 0x0f, 0x28, 0x07, 0x05, 0x04, 0x20, 0x00, 0x04,
  0x08, 0x00, 0x0c, 0x70, 0x06, 0x04, 0x18, 0x00, 0x0f, 0x08, 0x00, 0x05, 0x0f, 0x58, 0x00, 0x05,
  0x0c, 0xe8, 0x01, 0x0f, 0x40, 0x00, 0x05, 0x0f, 0x18, 0x00, 0x25, 0x0c, 0x60, 0x00, 0x0f, 0x10,
  0x00, 0x05, 0x0f, 0x60, 0x00, 0x1d, 0x0c, 0x00, 0x01, 0x0f, 0x10, 0x00, 0xff, 0xff, 0xff, 0xff,
  0xa9, 0x0f, 0x10, 0x05, 0x05, 0x0f, 0x18, 0x00, 0xff, 0x26, 0x0f, 0x48, 0x06, 0x1d, 0x0c, 0x30,
  0x00, 0x0f, 0x28, 0x07, 0x05, 0x04, 0x28, 0x00, 0x0f, 0x68, 0x06, 0x05, 0x04, 0x20, 0x00, 0x0f,
  0x08, 0x00, 0x05, 0x0f, 0x58, 0x00, 0x0d, 0x0f, 0x38, 0x00, 0x05, 0x0f, 0x18, 0x00, 0x85, 0x0f,
  0x08, 0x01, 0x05, 0x0f, 0x18, 0x00, 0xff, 0xff, 0xff, 0xff, 0xa1, 0x0f, 0x68, 0x07, 0xff, 0x26,
  0x0f, 0x38, 0x01, 0x05, 0x0f, 0xb0, 0x06, 0x2d, 0x0f, 0x28, 0x07, 0x0d, 0x0f, 0x60, 0x06, 0x05,
  0x0f, 0x78, 0x00, 0x0d, 0x0f, 0x58, 0x00, 0x0d, 0x0f, 0x40, 0x00, 0x0d, 0x0f, 0x20, 0x00, 0x7d,
  0x0f, 0x08, 0x01, 0x05, 0x0f, 0x18, 0x00, 0xff, 0xff, 0xff, 0xff, 0xa1, 0x04, 0x58, 0x05, 0x0f,
  0x50, 0x06, 0x45, 0x0f, 0x58, 0x00, 0x05, 0x0f, 0x18, 0x00, 0xbd, 0x04, 0x48, 0x01, 0x0f, 0x08,
  0x00, 0x2d, 0x0f, 0x28, 0x07, 0x0d, 0x0f, 0x60, 0x06, 0x05, 0x0f, 0x78, 0x00, 0x2d, 0x0f, 0x40,
  0x00, 0x05, 0x0f, 0xa8, 0x01, 0x0d, 0x0f, 0x38, 0x00, 0x05, 0x0f, 0x18, 0x00, 0x25, 0x0f, 0x00,
  0x01, 0x0d, 0x04, 0x58, 0x00, 0x0f, 0x08, 0x01, 0x05, 0x0f, 0x18, 0x00, 0xff, 0xff, 0xff, 0xff,
  0xa1, 0x04, 0xd0, 0x04, 0x0f, 0x68, 0x05, 0x05, 0x04, 0x20, 0x00, 0x0f, 0x08, 0x00, 0x25, 0x0f,
  0x58, 0x00, 0x05, 0x0f, 0x18, 0x00, 0xbd, 0x0f, 0x20, 0x01, 0x25, 0x0c, 0x38, 0x00, 0x0f, 0x80,
  0x06, 0x0d, 0x0f, 0x60, 0x06, 0x05, 0x0c, 0x48, 0x00, 0x0f, 0x10, 0x00, 0x35, 0x0f, 0xa8, 0x01,
  0x0d, 0x0f, 0x68, 0x00, 0x35, 0x04, 0x48, 0x00, 0x0f, 0x00, 0x01, 0x0d, 0x04, 0x28, 0x00, 0x0f,
  0x08, 0x01, 0x05, 0x0f, 0x18, 0x00, 0xff, 0xff, 0xff, 0xff, 0xa1, 0x04, 0xd0, 0x04, 0x04, 0x08,
  0x00, 0x0f, 0x70, 0x05, 0x05, 0x04, 0x20, 0x00, 0x0f, 0x08, 0x00, 0x4d, 0x0f, 0x80, 0x00, 0x05,
  0x0f, 0x18, 0x00, 0x85, 0x0f, 0x10, 0x01, 0x3d, 0x0f, 0x80, 0x06, 0x05, 0x0f, 0x58, 0x06, 0x0d,
  0x0f, 0x88, 0x00, 0x1d, 0x0f, 0x50, 0x01, 0x55, 0x0f, 0x98, 0x00, 0x05, 0x0f, 0x80, 0x00, 0x05,
  0x0f, 0x30, 0x00, 0x05, 0x0c, 0x18, 0x00, 0x0f, 0x10, 0x01, 0x0d, 0x0f, 0x20, 0x00, 0xff, 0xff,
  0xff, 0xff, 0x99, 0x0c, 0xd8, 0x04, 0x0f, 0x18, 0x05, 0x2d, 0x0c, 0x50, 0x00, 0x0f, 0x10, 0x00,
  0x1d, 0x0f, 0x80, 0x00, 0x05, 0x0f, 0x18, 0x00, 0x85, 0x0f, 0xe0, 0x00, 0x1d, 0x0f, 0x30, 0x00,
  0x0d, 0x0f, 0x80, 0x07, 0xff, 0xff, 0xff, 0xff, 0xff, 0xf2, 0x04, 0x20, 0x06, 0x0f, 0xf0, 0x06,
  0x05, 0x04, 0x20, 0x00, 0x0f, 0x08, 0x00, 0x9d, 0x0f, 0xd0, 0x00, 0x05, 0x0f, 0x18, 0x00, 0x25,
  0x0f, 0x00, 0x01, 0x3d, 0x0f, 0x78, 0x07, 0x25, 0x0c, 0xe8, 0x0d, 0x0f, 0x98, 0x00, 0x15, 0x0f,
  0xf8, 0x00, 0x15, 0x0f, 0x50, 0x00, 0x05, 0x0f, 0x40, 0x00, 0x45, 0x0f, 0x70, 0x00, 0x05, 0x0c,
  0x18, 0x00, 0x0c, 0xf8, 0x00, 0x0f, 0x10, 0x00, 0xff, 0xff, 0xff, 0xff, 0xa9, 0x0c, 0xd8, 0x04,
  0x04, 0x10, 0x00, 0x0f, 0x60, 0x05, 0x05, 0x04, 0x20, 0x00, 0x0f, 0x08, 0x00, 0x9d, 0x0f, 0xd0,
  0x00, 0x05, 0x0f, 0x18, 0x00, 0x25, 0x0f, 0x00, 0x01, 0x3d, 0x0f, 0x80, 0x07, 0xff, 0xff, 0xff,
  0xff, 0xff, 0xff, 0x03, 0x04, 0x60, 0x06, 0x0f, 0xa0, 0x06, 0x05, 0x04, 0x20, 0x00, 0x0f, 0x08,
  0x00, 0x9d, 0x0f, 0xd0, 0x00, 0x05, 0x0f, 0x18, 0x00, 0x15, 0x0f, 0xf0, 0x00, 0x55, 0x0f, 0xd0,
  0x0d, 0x25, 0x0f, 0xa0, 0x00, 0x15, 0x0f, 0xf0, 0x00, 0x2d, 0x0f, 0x40, 0x00, 0x0d, 0x0f, 0x88,
  0x00, 0x0d, 0x0f, 0x40, 0x00, 0x05, 0x04, 0x38, 0x00, 0x0f, 0x90, 0x08, 0x05, 0x04, 0x20, 0x00,
  0x0f, 0x20, 0x01, 0x25, 0x0f, 0x38, 0x00, 0xff, 0xff, 0xff, 0xff, 0x81, 0x04, 0xd0, 0x04, 0x0f,
  0x08, 0x00, 0x05, 0x0f, 0x28, 0x05, 0x0d, 0x0f, 0x38, 0x00, 0x05, 0x0f, 0x18, 0x00, 0x85, 0x0f,
  0xd0, 0x00, 0x05, 0x0f, 0x18, 0x00, 0x15, 0x0f, 0xd8, 0x00, 0x55, 0x0f, 0x28, 0x06, 0x25, 0x0f,
  0xa0, 0x00, 0x15, 0x0f, 0xf0, 0x00, 0x2d, 0x0f, 0x40, 0x00, 0x0d, 0x0f, 0x88, 0x00, 0x0d, 0x0f,
  0x40, 0x00, 0x05, 0x04, 0x38, 0x00, 0x0f, 0x80, 0x07, 0xff, 0xff, 0xff, 0xff, 0xf9, 0x04, 0x10,
  0x05, 0x0f, 0x30, 0x05, 0x05, 0x04, 0x18, 0x00, 0x04, 0x28, 0x00, 0x0f, 0x08, 0x00, 0x8d, 0x04,
  0xb0, 0x00, 0x0f, 0x08, 0x00, 0x15, 0x0f, 0xd0, 0x00, 0x5d, 0x0f, 0x78, 0x07, 0x25, 0x04, 0x38,
  0x00, 0x0f, 0xb0, 0x00, 0x15, 0x0f, 0x00, 0x01, 0x15, 0x0f, 0x28, 0x00, 0x25, 0x0f, 0x88, 0x00,
  0x05, 0x0f, 0x50, 0x00, 0x0d, 0x04, 0x38, 0x00, 0x0f, 0x80, 0x07, 0xff, 0xff, 0xff, 0xff, 0xff,
  0xff, 0xff, 0xff, 0xff, 0xff, 0xff, 0xff, 0x89, 0x04, 0x98, 0x0c, 0x0f, 0xc0, 0x0c, 0x0d, 0x0c,
  0x20, 0x00, 0x04, 0x38, 0x00, 0x0f, 0x08, 0x00, 0x4d, 0x0c, 0x78, 0x00, 0x0f, 0x10, 0x00, 0x25,
  0x0f, 0xa8, 0x00, 0x4d, 0x0f, 0x60, 0x00, 0x05, 0x04, 0xc0, 0x0e, 0x0f, 0x08, 0x00, 0x35, 0x0f,
  0x68, 0x00, 0x05, 0x04, 0x18, 0x00, 0x0f, 0x20, 0x01, 0x25, 0x0f, 0x38, 0x00, 0x4d, 0x04, 0xa0,
  0x00, 0x0f, 0x08, 0x00, 0x05, 0x0f, 0x20, 0x01, 0x35, 0x0f, 0x48, 0x00, 0xff, 0xff, 0xff, 0xff,
  0x79, 0x0f, 0xe8, 0x04, 0x05, 0x0f, 0x18, 0x00, 0x05, 0x0f, 0x80, 0x05, 0x1d, 0x0f, 0x48, 0x00,
  0x05, 0x0f, 0x18, 0x00, 0x3d, 0x0f, 0x98, 0x00, 0x1d, 0x0f, 0x30, 0x00, 0x05, 0x0f, 0x98, 0x00,
  0x3d, 0x0f, 0x50, 0x00, 0x15, 0x0f, 0x10, 0x06, 0x3d, 0x0f, 0x78, 0x00, 0x0d, 0x0f, 0x00, 0x01,
  0x05, 0x0f, 0x18, 0x00, 0x6d, 0x0f, 0xb8, 0x00, 0x0d, 0x0f, 0x28, 0x01, 0x3d, 0x0f, 0x50, 0x00,
  0xff, 0xff, 0xff, 0xff, 0x71, 0x0f, 0xf0, 0x04, 0x0d, 0x0f, 0x20, 0x00, 0x0d, 0x0f, 0xb0, 0x05,
  0x6d, 0x0f, 0x80, 0x00, 0x25, 0x0f, 0xd8, 0x00, 0x0d, 0x0f, 0x20, 0x00, 0x55, 0x0f, 0x00, 0x06,
  0x45, 0x0f, 0xc0, 0x00, 0x0d, 0x0f, 0x38, 0x01, 0x25, 0x0f, 0x38, 0x00, 0x45, 0x0f, 0xb0, 0x00,
  0x0d, 0x04, 0x20, 0x00, 0x0f, 0x30, 0x01, 0x45, 0x0f, 0x58, 0x00, 0xff, 0xff, 0xff, 0xff, 0x69,
  0x04, 0xd8, 0x04, 0x0f, 0x08, 0x00, 0x25, 0x0f, 0x90, 0x05, 0x45, 0x0f, 0x58, 0x00, 0x4d, 0x0f,
  0xf0, 0x00, 0x25, 0x0f, 0x38, 0x00, 0x3d, 0x0f, 0xf8, 0x05, 0x45, 0x0f, 0xa8, 0x00, 0x0d, 0x0f,
  0x60, 0x01, 0x4d, 0x0f, 0x60, 0x00, 0x1d, 0x0f, 0xb0, 0x00, 0x0d, 0x04, 0x20, 0x00, 0x0f, 0x30,
  0x01, 0x45, 0x0f, 0x58, 0x00, 0xff, 0xff, 0xff, 0xff, 0x69, 0x04, 0xd8, 0x04, 0x0f, 0x08, 0x00,
  0x3d, 0x0f, 0x80, 0x05, 0x1d, 0x0f, 0x30, 0x00, 0x35, 0x0f, 0xc8, 0x00, 0x3d, 0x0f, 0x50, 0x00,
  0x45, 0x0f, 0xf0, 0x05, 0x4d, 0x0c, 0xb8, 0x00, 0x0f, 0x50, 0x2c, 0x05, 0x0f, 0x78, 0x01, 0x35,
  0x0f, 0x48, 0x00, 0x2d, 0x0c, 0xb0, 0x00, 0x0f, 0x10, 0x00, 0x05, 0x0f, 0x38, 0x01, 0x4d, 0x0f,
  0x60, 0x00, 0xff, 0xff, 0xff, 0xff, 0x61, 0x0f, 0xe8, 0x04, 0x05, 0x0f, 0x18, 0x00, 0x2d, 0x0f,
  0x90, 0x05, 0x2d, 0x0f, 0x40, 0x00, 0x25, 0x0f, 0xb8, 0x00, 0x2d, 0x0f, 0x40, 0x00, 0x55, 0x0f,
  0xe8, 0x05, 0x4d, 0x0c, 0xc8, 0x00, 0x0f, 0x80, 0x07, 0xff, 0xff, 0xff, 0xff, 0xff, 0xe2, 0x0c,
  0x00, 0x06, 0x0f, 0x10, 0x00, 0xf5, 0x0f, 0x78, 0x07, 0x4d, 0x0c, 0x60, 0x00, 0x04, 0x78, 0x01,
  0x0f, 0x80, 0x07, 0x05, 0x04, 0x20, 0x00, 0x04, 0xf0, 0x08, 0x04, 0x10, 0x00, 0x0f, 0x08, 0x00,
  0x0d, 0x04, 0x30, 0x00, 0x0f, 0x08, 0x00, 0x2d, 0x0f, 0x68, 0x00, 0x0d, 0x04, 0x20, 0x00, 0x0c,
  0xd8, 0x00, 0x0f, 0x10, 0x00, 0xff, 0xff, 0xff, 0xff, 0xb9, 0x04, 0xe0, 0x04, 0x0f, 0x08, 0x00,
  0xff, 0x56, 0x0f, 0x38, 0x06, 0x5d, 0x04, 0xd8, 0x01, 0x0f, 0x80, 0x07, 0xff, 0xff, 0xff, 0xff,
  0xff, 0xff, 0x33, 0x0f, 0x40, 0x06, 0x0d, 0x04, 0x68, 0x06, 0x0f, 0x08, 0x00, 0x85, 0x0f, 0x78,
  0x07, 0x5d, 0x0c, 0x70, 0x00, 0x0f, 0x18, 0x01, 0x15, 0x04, 0xd0, 0x0e, 0x0f, 0x30, 0x00, 0x15,
  0x0f, 0x28, 0x00, 0x0d, 0x04, 0x50, 0x00, 0x0c, 0x08, 0x00, 0x0f, 0x38, 0x00, 0x0d, 0x04, 0x20,
  0x00, 0x0c, 0xc8, 0x00, 0x0f, 0x10, 0x00, 0xff, 0xff, 0xff, 0xff, 0xc1, 0x04, 0xe8, 0x04, 0x0f,
  0x08, 0x00, 0x8d, 0x0f, 0x80, 0x07, 0xff, 0xff, 0xff, 0xff, 0xff, 0xff, 0xff, 0xff, 0x25, 0x0f,
  0xa8, 0x0d, 0x85, 0x0f, 0x68, 0x09, 0x15, 0x0c, 0xb0, 0x0e, 0x0f, 0x10, 0x00, 0x25, 0x0f, 0x70,
  0x00, 0x15, 0x0c, 0x28, 0x00, 0x0f, 0x40, 0x01, 0x85, 0x0f, 0x98, 0x00, 0xff, 0xff, 0xff, 0xff,
  0x41, 0x0c, 0xf8, 0x04, 0x0f, 0x10, 0x00, 0x85, 0x0f, 0x00, 0x0f, 0x9d, 0x0f, 0xa8, 0x05, 0x85,
  0x0f, 0xe0, 0x01, 0x15, 0x0f, 0x70, 0x07, 0x25, 0x0c, 0x38, 0x00, 0x0f, 0x70, 0x00, 0x15, 0x0c,
  0x28, 0x00, 0x0f, 0x40, 0x01, 0x85, 0x0f, 0x98, 0x00, 0xff, 0xff, 0xff, 0xff, 0x49, 0x0c, 0x00,
  0x05, 0x0f, 0x10, 0x00, 0x7d, 0x0f, 0x80, 0x07, 0x95, 0x0f, 0xa0, 0x05, 0x95, 0x0f, 0xe0, 0x01,
  0x7d, 0x04, 0x90, 0x00, 0x0f, 0x40, 0x01, 0x95, 0x0f, 0xa8, 0x00, 0xff, 0xff, 0xff, 0xff, 0x41,
  0x04, 0x00, 0x05, 0x0f, 0x08, 0x00, 0x85, 0x0f, 0x80, 0x07, 0xff, 0xff, 0xff, 0xff, 0xff, 0xff,
  0xd3, 0x0c, 0xd0, 0x0b, 0x0f, 0x88, 0x07, 0x7d, 0x0f, 0x80, 0x07, 0x85, 0x0c, 0x38, 0x01, 0x0f,
  0x10, 0x00, 0x9d, 0x0f, 0xe8, 0x01, 0x2d, 0x0f, 0x98, 0x01, 0x2d, 0x0f, 0x30, 0x01, 0x9d, 0x0f,
  0xb0, 0x00, 0xff, 0xff, 0xff, 0xff, 0x59, 0x0f, 0x98, 0x05, 0x2d, 0x0f, 0x40, 0x00, 0x3d, 0x0f,
  0xe8, 0x05, 0x2d, 0x0f, 0x90, 0x00, 0x3d, 0x04, 0x50, 0x00, 0x0f, 0x90, 0x05, 0xad, 0x04, 0xc8,
  0x00, 0x0f, 0x08, 0x00, 0x25, 0x0f, 0x98, 0x01, 0x2d, 0x0f, 0x40, 0x01, 0xad, 0x0f, 0xc0, 0x00,
  0xff, 0xff, 0xff, 0xff, 0x59, 0x0f, 0xa0, 0x05, 0x25, 0x0f, 0x38, 0x00, 0x35, 0x0f, 0xe8, 0x05,
  0x2d, 0x0f, 0x88, 0x00, 0x35, 0x0f, 0x70, 0x05, 0xcd, 0x0f, 0x28, 0x01, 0x1d, 0x0f, 0x98, 0x01,
  0x25, 0x0f, 0x48, 0x01, 0xcd, 0x0f, 0xe0, 0x00, 0xff, 0xff, 0xff, 0xff, 0x41, 0x0f, 0x98, 0x05,
  0x1d, 0x0f, 0x30, 0x00, 0x3d, 0x0f, 0xe8, 0x05, 0x25, 0x0f, 0x88, 0x00, 0x3d, 0x0f, 0x58, 0x05,
  0xcd, 0x0f, 0x30, 0x01, 0x1d, 0x0f, 0x98, 0x01, 0x25, 0x0f, 0x48, 0x01, 0xcd, 0x0f, 0xe0, 0x00,
  0xff, 0xff, 0xff, 0xff, 0x59, 0x0f, 0xb0, 0x05, 0x1d, 0x0f, 0x30, 0x00, 0x2d, 0x0f, 0xf0, 0x05,
  0x25, 0x0f, 0x78, 0x00, 0x1d, 0x0f, 0x40, 0x05, 0xff, 0x06, 0x0f, 0x48, 0x01, 0x05, 0x0c, 0x98,
  0x01, 0x0f, 0x40, 0x01, 0xff, 0x06, 0x0f, 0x18, 0x01, 0xff, 0xff, 0xff, 0xff, 0x41, 0x0f, 0x90,
  0x05, 0x05, 0x0f, 0x18, 0x00, 0x45, 0x0c, 0xe8, 0x05, 0x0f, 0x68, 0x00, 0x45, 0x0f, 0x28, 0x05,
  0xff, 0x06, 0x0f, 0x70, 0x01, 0x05, 0x0c, 0x98, 0x01, 0x0f, 0x40, 0x01, 0xff, 0x06, 0x0f, 0x18,
  0x01, 0xff, 0xff, 0xff, 0xff, 0x59, 0x0f, 0xa8, 0x05, 0x05, 0x0f, 0x18, 0x00, 0x2d, 0x0c, 0xe8,
  0x05, 0x0f, 0x50, 0x00, 0x2d, 0x0f, 0x10, 0x05, 0xff, 0xff, 0xff, 0xff, 0x59, 0x0f, 0x68, 0x04,
  0xff, 0xff, 0x5f, 0x0f, 0x18, 0x07, 0x2d, 0x0f, 0x40, 0x00, 0x05, 0x0f, 0x80, 0x07, 0xff, 0xff,
  0xff, 0xff, 0xff, 0xff, 0xff, 0x1c, 0x0f, 0xf0, 0x09, 0x0d, 0x0f, 0x60, 0x07, 0x05, 0x0f, 0x18,
  0x00, 0x15, 0x04, 0x88, 0x07, 0x04, 0x08, 0x00, 0x0f, 0x38, 0x00, 0x05, 0x0f, 0x88, 0x00, 0x0d,
  0x0f, 0x20, 0x00, 0xff, 0xff, 0xff, 0xff, 0xff, 0xff, 0xeb, 0x0f, 0x30, 0x07, 0x05, 0x0f, 0x18,
  0x00, 0x15, 0x04, 0x78, 0x07, 0x04, 0x08, 0x00, 0x0f, 0x38, 0x00, 0x05, 0x0f, 0x60, 0x07, 0xff,
  0xff, 0xff, 0xff, 0xff, 0xff, 0xeb, 0x0f, 0xf8, 0x06, 0xff, 0xff, 0xff, 0xff, 0xff, 0xff, 0xff,
  0xff, 0xff, 0xff, 0xff, 0xff, 0xff, 0xff, 0xff, 0xff, 0xff, 0xff, 0xff, 0xff, 0xff, 0xff, 0xff,
  0xff, 0xff, 0xff, 0xff, 0xff, 0xff, 0xff, 0xff, 0xff, 0xff, 0xff, 0xff, 0xff, 0xff, 0xff, 0xff,
  0xff, 0xff, 0xff, 0xff, 0xff, 0xff, 0xff, 0xff, 0xff, 0xff, 0xff, 0xff, 0xff, 0xff, 0xff, 0xff,
  0xff, 0xff, 0xff, 0xff, 0xff, 0xff, 0xff, 0xff, 0xff, 0xff, 0xff, 0xff, 0xff, 0xff, 0xff, 0xff,
  0xff, 0xff, 0xff, 0xff, 0xff, 0xff, 0xff, 0xff, 0xff, 0xff, 0xff, 0xff, 0xff, 0xff, 0xff, 0xff,
  0xff, 0xff, 0xff, 0xff, 0xff, 0xff, 0xff, 0xff, 0xff, 0xff, 0xff, 0xff, 0xff, 0xff, 0xff, 0xff,
  0xff, 0xff, 0xff, 0xff, 0xff, 0xff, 0xff, 0xff, 0xff, 0xff, 0xff, 0xff, 0xff, 0xff, 0xff, 0xff,
  0xff, 0xff, 0xff, 0xff, 0xff, 0xff, 0xff, 0xff, 0xff, 0xff, 0xff, 0xff, 0xff, 0xff, 0xff, 0xff,
  0xff, 0xff, 0xff, 0xff, 0xff, 0xff, 0xff, 0xff, 0xff, 0xff, 0xff, 0xff, 0xff, 0xff, 0xff, 0xff,
  0xff, 0xff, 0xff, 0xff, 0xff, 0xff, 0xff, 0xff, 0xff, 0xff, 0xff, 0xff, 0xff, 0xff, 0xff, 0xff,
  0xff, 0xff, 0xff, 0xff, 0xff, 0xff, 0xff, 0xff, 0xff, 0xff, 0xff, 0xff, 0xff, 0xff, 0xff, 0xff,
  0xff, 0xff, 0xff, 0xff, 0xff, 0xff, 0xff, 0xff, 0xff, 0xff, 0xff, 0xff, 0xff, 0xff, 0xff, 0xff,
  0xff, 0xff, 0xff, 0xff, 0xff, 0xff, 0xff, 0xff, 0xff, 0xff, 0xff, 0xff, 0xff, 0xff, 0xff, 0xff,
  0xff, 0xff, 0xff, 0xff, 0xff, 0xff, 0xff, 0xff, 0xff, 0xff, 0xff, 0xff, 0xff, 0xff, 0xff, 0xff,
  0xff, 0xff, 0xff, 0xff, 0xff, 0xff, 0xff, 0xff, 0xff, 0xff, 0xff, 0xff, 0xff, 0xff, 0xff, 0xff,
  0xff, 0xff, 0xff, 0xff, 0xff, 0xff, 0xff, 0xff, 0xff, 0xff, 0xff, 0xff, 0xff, 0xff, 0xff, 0xff,
  0xff, 0xff, 0xff, 0xff, 0xff, 0xff, 0xff, 0xff, 0xff, 0xff, 0xff, 0xff, 0xff, 0xff, 0xff, 0xff,
  0xff, 0xff, 0xff, 0xff, 0xff, 0xff, 0xff, 0xff, 0xff, 0xff, 0xff, 0xff, 0xff, 0xff, 0xff, 0xff,
  0xff, 0xff, 0xff, 0xff, 0xff, 0xff, 0xff, 0xff, 0xff, 0xff, 0xff, 0xff, 0xff, 0xff, 0xff, 0xff,
  0xff, 0xff, 0xff, 0xff, 0xff, 0xff, 0xff, 0xff, 0xff, 0xff, 0xff, 0xff, 0xff, 0xff, 0xff, 0xff,
  0xff, 0xff, 0xff, 0xff, 0xff, 0xff, 0xff, 0xff, 0xff, 0xff, 0xff, 0xff, 0xff, 0xff, 0xff, 0xff,
  0xff, 0xff, 0xff, 0xff, 0xff, 0xff, 0xff, 0xff, 0xff, 0xff, 0xff, 0xff, 0xff, 0xff, 0xff, 0xff,
  0xff, 0xff, 0xff, 0xff, 0xff, 0xff, 0xff, 0xff, 0xff, 0xff, 0xff, 0xff, 0xff, 0xff, 0xff, 0xff,
  0xff, 0xff, 0xff, 0xff, 0xff, 0xff, 0xff, 0xff, 0xff, 0xff, 0xff, 0xff, 0xff, 0xff, 0xff, 0xff,
  0xff, 0xff, 0xff, 0xff, 0xff, 0xff, 0xff, 0xff, 0xff, 0xff, 0xff, 0xff, 0xff, 0xff, 0xff, 0xff,
  0xff, 0xff, 0xff, 0xff, 0xff, 0xff, 0xff, 0xff, 0xff, 0xff, 0xff, 0xff, 0xff, 0xff, 0xff, 0xff,
  0xff, 0xff, 0xff, 0xff, 0xff, 0xff, 0xff, 0xff, 0xff, 0xff, 0xff, 0xff, 0xff, 0xff, 0xff, 0xff,
  0xff, 0xff, 0xff, 0xff, 0xff, 0xff, 0xff, 0xff, 0xff, 0xff, 0xff, 0xff, 0xff, 0xff, 0xff, 0xff,
  0xff, 0xff, 0xff, 0xff, 0xff, 0xff, 0xff, 0xff, 0xff, 0xff, 0xff, 0xff, 0xff, 0xff, 0xff, 0xff,
  0xff, 0xff, 0xff, 0xff, 0xff, 0xff, 0xff, 0xff, 0xff, 0xff, 0xff, 0xff, 0xff, 0xff, 0xff, 0xff,
  0xff, 0xff, 0xff, 0xff, 0xff, 0xff, 0xff, 0xff, 0xff, 0xff, 0xff, 0xff, 0xff, 0xff, 0xff, 0xff,
  0xff, 0xff, 0xff, 0xff, 0xff, 0xff, 0xff, 0xff, 0xff, 0xff, 0xff, 0xff, 0xff, 0xff, 0xff, 0xff,
  0xff, 0xff, 0xff, 0xff, 0xff, 0xff, 0xff, 0xff, 0xff, 0xff, 0xff, 0xff, 0xff, 0xff, 0xff, 0xff,
  0xff, 0xff, 0xff, 0xff, 0xff, 0xff, 0xff, 0xff, 0xff, 0xff, 0xff, 0xff, 0xff, 0xff, 0xff, 0xff,
  0xff, 0xff, 0xff, 0xff, 0xff, 0xff, 0xff, 0xff, 0xff, 0xff, 0xff, 0xff, 0xff, 0xff, 0xff, 0xff,
  0xff, 0xff, 0xff, 0xff, 0xff, 0xff, 0xff, 0xff, 0xff, 0xff, 0xff, 0xff, 0xff, 0xff, 0xff, 0xff,
  0xff, 0xff, 0xff, 0xff, 0xff, 0xff, 0xff, 0xff, 0xff, 0xff, 0xff, 0xff, 0xff, 0xff, 0xff, 0xff,
  0xff, 0xff, 0xff, 0xff, 0xff, 0xff, 0xff, 0xff, 0xff, 0xff, 0xff, 0xff, 0xff, 0xff, 0xff, 0xff,
  0xff, 0xff, 0xff, 0xff, 0xff, 0xff, 0xff, 0xff, 0xff, 0xff, 0xff, 0xff, 0xff, 0xff, 0xff, 0xff,
  0xff, 0xff, 0xff, 0xff, 0xff, 0xff, 0xff, 0xff, 0xff, 0xff, 0xff, 0xff, 0xff, 0xff, 0xff, 0xff,
  0xff, 0xff, 0xff, 0xff, 0xff, 0xff, 0xff, 0xff, 0xff, 0xff, 0xff, 0xff, 0xff, 0xff, 0xff, 0xff,
  0xff, 0xff, 0xff, 0xff, 0xff, 0xff, 0xff, 0xff, 0xff, 0xff, 0xff, 0xff, 0xff, 0xff, 0xff, 0xff,
  0xff, 0xff, 0xff, 0xff, 0xff, 0xff, 0xff, 0xff, 0xff, 0xff, 0xff, 0xff, 0xff, 0xff, 0xff, 0xff,
  0xff, 0xff, 0xff, 0xff, 0xff, 0xff, 0xff, 0xff, 0xff, 0xff, 0xff, 0xff, 0xff, 0xff, 0xff, 0xff,
  0xff, 0xff, 0xff, 0xff, 0xff, 0xff, 0xff, 0xff, 0xff, 0xff, 0xff, 0xff, 0xff, 0xff, 0xff, 0xff,
  0xff, 0xff, 0xff, 0xff, 0xff, 0xff, 0xff, 0xff, 0xff, 0xff, 0xff, 0xff, 0xff, 0xff, 0xff, 0xff,
  0xff, 0xff, 0xff, 0xff, 0xff, 0xff, 0xff, 0xff, 0xff, 0xff, 0xff, 0xff, 0xff, 0xff, 0xff, 0xff,
  0xff, 0xff, 0xff, 0xff, 0xff, 0xff, 0xff, 0xff, 0xff, 0xff, 0xff, 0xff, 0xff, 0xff, 0xff, 0xff,
  0xff, 0xff, 0xff, 0xff, 0xff, 0xff, 0xff, 0xff, 0xff, 0xff, 0xff, 0xff, 0xff, 0xff, 0xff, 0xff,
  0xff, 0xff, 0xff, 0xff, 0xff, 0xff, 0xff, 0xff, 0xff, 0xff, 0xff, 0xff, 0xff, 0xff, 0xff, 0xff,
  0xff, 0xff, 0xff, 0xff, 0xff, 0xff, 0xff, 0xff, 0xff, 0xff, 0xff, 0xff, 0xff, 0xff, 0xff, 0xff,
  0xff, 0xff, 0xff, 0xff, 0xff, 0xff, 0xff, 0xff, 0xff, 0xff, 0xff, 0xff, 0xff, 0xff, 0xff, 0xff,
  0xff, 0xff, 0xff, 0xff, 0xff, 0xff, 0xff, 0xff, 0xff, 0xff, 0xff, 0xff, 0xff, 0xff, 0xff, 0xff,
  0xff, 0xff, 0xff, 0xff, 0xff, 0xff, 0xff, 0xff, 0xff, 0xff, 0xff, 0xff, 0xff, 0xff, 0xff, 0xff,
  0xff, 0xff, 0xff, 0xff, 0xff, 0xff, 0xff, 0xff, 0xff, 0xff, 0xff, 0xff, 0xff, 0xff, 0xff, 0xff,
  0xff, 0xff, 0xff, 0xff, 0xff, 0xff, 0xff, 0xff, 0xff, 0xff, 0xff, 0xff, 0xff, 0xff, 0xff, 0xff,
  0xff, 0xff, 0xff, 0xff, 0xff, 0xff, 0xff, 0xff, 0xff, 0xff, 0xff, 0xff, 0xff, 0xff, 0xff, 0xff,
  0xff, 0xff, 0xff, 0xff, 0xff, 0xff, 0xff, 0xff, 0xff, 0xff, 0xff, 0xff, 0xff, 0xff, 0xff, 0xff,
  0xff, 0xff, 0xff, 0xff, 0xff, 0xff, 0xff, 0xff, 0xff, 0xff, 0xff, 0xff, 0xff, 0xff, 0xff, 0xff,
  0xff, 0xff, 0xff, 0xff, 0xff, 0xff, 0xff, 0xff, 0xff, 0xff, 0xff, 0xff, 0xff, 0xff, 0xff, 0xff,
  0xff, 0xff, 0xff, 0xff, 0xff, 0xff, 0xff, 0xff, 0xff, 0xff, 0xff, 0xff, 0xff, 0xff, 0xff, 0xff,
  0xff, 0xff, 0xff, 0xff, 0xff, 0xff, 0xff, 0xff, 0xff, 0xff, 0xff, 0xff, 0xff, 0xff, 0xff, 0xff,
  0xff, 0xff, 0xff, 0xff, 0xff, 0xff, 0xff, 0xff, 0xff, 0xff, 0xff, 0xff, 0xff, 0xff, 0xff, 0xff,
  0xff, 0xff, 0xff, 0xff, 0xff, 0xff, 0xff, 0xff, 0xff, 0xff, 0xff, 0xff, 0xff, 0xff, 0xff, 0xff,
  0xff, 0xff, 0xff, 0xff, 0xff, 0xff, 0xff, 0xff, 0xff, 0xff, 0xff, 0xff, 0xff, 0xff, 0xff, 0xff,
  0xff, 0xff, 0xff, 0xff, 0xff, 0xff, 0xff, 0xff, 0xff, 0xff, 0xff, 0xff, 0xff, 0xff, 0xff, 0xff,
  0xff, 0xff, 0xff, 0xff, 0xff, 0xff, 0xff, 0xff, 0xff, 0xff, 0xff, 0xff, 0xff, 0xff, 0xff, 0xff,
  0xff, 0xff, 0xff, 0xff, 0xff, 0xff, 0xff, 0xff, 0xff, 0xff, 0xff, 0xff, 0xff, 0xff, 0xff, 0xff,
  0xff, 0xff, 0xff, 0xff, 0xff, 0xff, 0xff, 0xff, 0xff, 0xff, 0xff, 0xff, 0xff, 0xff, 0xff, 0xff,
  0xff, 0xff, 0xff, 0xff, 0xff, 0xff, 0xff, 0xff, 0xff, 0xff, 0xff, 0xff, 0xff, 0xff, 0xff, 0xff,
  0xff, 0xff, 0xff, 0xff, 0xff, 0xff, 0xff, 0xff, 0xff, 0xff, 0xff, 0xff, 0xff, 0xff, 0xff, 0xff,
  0xff, 0xff, 0xff, 0xff, 0xff, 0xff, 0xff, 0xff, 0xff, 0xff, 0xff, 0xff, 0xff, 0xff, 0xff, 0xff,
  0xff, 0xff, 0xff, 0xff, 0xff, 0xff, 0xff, 0xff, 0xff, 0xff, 0xff, 0xff, 0xff, 0xff, 0xff, 0xff,
  0xff, 0xff, 0xff, 0xff, 0xff, 0xff, 0xff, 0xff, 0xff, 0xff, 0xff, 0xff, 0xff, 0xff, 0xff, 0xff,
  0xff, 0xff, 0xff, 0xff, 0xff, 0xff, 0xff, 0xff, 0xff, 0xff, 0xff, 0xff, 0xff, 0xff, 0xff, 0xff,
  0xff, 0xff, 0xff, 0xff, 0xff, 0xff, 0xff, 0xff, 0xff, 0xff, 0xff, 0xff, 0xff, 0xff, 0xff, 0xff,
  0xff, 0xff, 0xff, 0xff, 0xff, 0xff, 0xff, 0xff, 0xff, 0xff, 0xff, 0xff, 0xff, 0xff, 0xff, 0xff,
  0xff, 0xff, 0xff, 0xff, 0xff, 0xff, 0xff, 0xff, 0xff, 0xff, 0xff, 0xff, 0xff, 0xff, 0xff, 0xff,
  0xff, 0xff, 0xff, 0xff, 0xff, 0xff, 0xff, 0xff, 0xff, 0xff, 0xff, 0xff, 0xff, 0xff, 0xff, 0xff,
  0xff, 0xff, 0xff, 0xff, 0xff, 0xff, 0xff, 0xff, 0xff, 0xff, 0xff, 0xff, 0xff, 0xff, 0xff, 0xff,
  0xff, 0xff, 0xff, 0xff, 0xff, 0xff, 0xff, 0xff, 0xff, 0xff, 0xff, 0xff, 0xff, 0xff, 0xff, 0xff,
  0xff, 0xff, 0xff, 0xff, 0xff, 0xff, 0xff, 0xff, 0xff, 0xff, 0xff, 0xff, 0xff, 0xff, 0xff, 0xff,
  0xff, 0xff, 0xff, 0xff, 0xff, 0xbc, 0x50, 0xff, 0x2d, 0x1d, 0x1f, 0xff,
};

const lv_image_dsc_t halloween_3 = {
  .header.magic = LV_IMAGE_HEADER_MAGIC,
  .header.cf = LV_COLOR_FORMAT_ARGB8888,
  .header.flags = LV_IMAGE_FLAGS_COMPRESSED,
  .header.w = 480,
  .header.h = 800,
  .header.stride = 1920,
  .data_size = sizeof(halloween_3_map),
  .data = halloween_3_map,
};
